urn,district_code,district_name,school_name,website,town,postcode,region,has_email_collected
142687,314,Kingston upon Thames,Bedelsford School,www.bedelsfordschool.org,Kingston upon Thames,KT1 2QZ,London,no
102564,314,Kingston upon Thames,Burlington Junior School,http://www.burlingtonj.kingston.sch.uk/,New Malden,KT3 4LT,London,no
141764,314,Kingston upon Thames,Castle Hill Primary School,https://castlehill-kingston.co.uk/,Chessington,KT9 1JE,London,no
148407,314,Kingston upon Thames,Chessington School,http://chessington.kingston.sch.uk/,Chessington,KT9 2JS,London,no
137859,314,Kingston upon Thames,Coombe Boys' School,http://www.coombeboysschool.org,New Malden,KT3 6NU,London,no
137848,314,Kingston upon Thames,Coombe Girls' School,http://www.coombegirlsschool.org/,New Malden,KT3 3TU,London,no
102594,314,Kingston upon Thames,Corpus Christi Catholic Primary School,https://www.corpuschristikingston.co.uk,New Malden,KT3 3JU,London,no
142698,314,Kingston upon Thames,Dysart School,www.dysartschool.org,Surbiton,KT6 6HL,London,no
148798,314,Kingston upon Thames,Fern Hill Primary School,www.fernhillprimary.org,Kingston upon Thames,KT2 5PE,London,no
146127,314,Kingston upon Thames,Green Lane Primary and Nursery School,https://www.greenlane.org.uk/,Worcester Park,KT4 8AS,London,no
140667,314,Kingston upon Thames,Knollmead Primary School,www.knollmeadprimary.co.uk,Surbiton,KT5 9QP,London,no
138689,314,Kingston upon Thames,Latchmere School,www.latchmereschool.org,Kingston upon Thames,KT2 5TT,London,no
137575,314,Kingston upon Thames,Lime Tree Primary School,www.limetree.info,Kingston upon Thames,KT6 6DG,London,no
102562,314,Kingston upon Thames,Malden Oaks School and Tuition Service,https://www.maldenoaks.org,Kingston upon Thames,KT2 5QY,London,no
149923,314,Kingston upon Thames,Our Lady Immaculate Catholic Primary School,http://www.oli.kingston.sch.uk/,Surbiton,KT6 7DG,London,no
137299,314,Kingston upon Thames,Richard Challoner School,www.richardchalloner.com,New Malden,KT3 5PE,London,no
147334,314,Kingston upon Thames,Robin Hood Primary and Nursery School,https://www.robinhoodprimary.org.uk/,London,SW15 3QL,London,no
137917,314,Kingston upon Thames,Southborough High School,http://www.southborough.kingston.sch.uk/,Surbiton,KT6 5AS,London,no
149754,314,Kingston upon Thames,Spring School,https://www.springschool.org.uk/,Kingston upon Thames,KT2 7AB,London,no
137856,314,Kingston upon Thames,St Agatha's Catholic Primary School,http://www.stagathas.school,Kingston upon Thames,KT2 5TY,London,no
149924,314,Kingston upon Thames,St Joseph's Catholic Primary School,www.stjosephs.kingston.sch.uk,Kingston upon Thames,KT1 2UP,London,no
142740,314,Kingston upon Thames,St Philip's School,http://www.stphilips-chessington.org,Chessington,KT9 2HR,London,no
137678,314,Kingston upon Thames,The Hollyfield School and Sixth Form Centre,http://www.hollyfield.kingston.sch.uk/,Surbiton,KT6 4TU,London,no
138459,314,Kingston upon Thames,The Holy Cross School,www.holycross.kingston.sch.uk,New Malden,KT3 5AR,London,no
141862,314,Kingston upon Thames,The Kingston Academy,www.thekingstonacademy.org,Kingston upon Thames,KT2 5PE,London,no
136615,314,Kingston upon Thames,The Tiffin Girls' School,http://www.tiffingirls.org,Kingston upon Thames,KT2 5PL,London,no
136910,314,Kingston upon Thames,Tiffin School,http://www.tiffinschool.co.uk/,Kingston upon Thames,KT2 6RL,London,no
137060,314,Kingston upon Thames,Tolworth Girls' School and Sixth Form,http://www.tolworthgirlsschool.co.uk,Surbiton,KT6 7EY,London,no
102578,314,Kingston upon Thames,Alexandra Primary School,http://www.alexandra.kingston.sch.uk/,Kingston upon Thames,KT2 6SE,London,yes
102565,314,Kingston upon Thames,Burlington Infant and Nursery School,https://www.burlingtoni.kingston.sch.uk/,New Malden,KT3 4LT,London,yes
102586,314,Kingston upon Thames,Christ Church CofE Primary School,https://www.ccp.kingston.sch.uk,Surbiton,KT5 8LJ,London,yes
102585,314,Kingston upon Thames,Christ Church New Malden CofE Primary School,https://www.ccnm.uk/,New Malden,KT3 3HN,London,yes
102567,314,Kingston upon Thames,Coombe Hill Infant School,https://www.coombehillinfants.com,Kingston upon Thames,KT2 7DD,London,yes
102576,314,Kingston upon Thames,Coombe Hill Junior School,http://www.coombehilljuniors.com,Kingston upon Thames,KT2 7DD,London,yes
102568,314,Kingston upon Thames,Ellingham Primary School,https://www.ellingham.school,Chessington,KT9 2JA,London,yes
102580,314,Kingston upon Thames,Grand Avenue Primary and Nursery School,http://www.grandavenue.kingston.sch.uk/,Surbiton,KT5 9HU,London,yes
102579,314,Kingston upon Thames,King Athelstan Primary School,https://www.kingathelstan.kingston.sch.uk,Kingston upon Thames,KT1 3AR,London,yes
102582,314,Kingston upon Thames,King's Oak Primary School,https://www.kingsoak.kingston.sch.uk,New Malden,KT3 3RZ,London,yes
102583,314,Kingston upon Thames,Lovelace Primary School,http://www.lovelace.kingston.sch.uk/,Chessington,KT9 2RN,London,yes
102581,314,Kingston upon Thames,Malden Manor Primary and Nursery School,http://www.maldenmanor.kingston.sch.uk/,New Malden,KT3 5PF,London,yes
102587,314,Kingston upon Thames,Malden Parochial CofE Primary School,http://www.maldenparochial.co.uk,Worcester Park,KT4 7LW,London,yes
102577,314,Kingston upon Thames,Maple Infants' School,http://www.mapleinfants.co.uk/,Surbiton,KT6 4AL,London,yes
102588,314,Kingston upon Thames,St Andrew's and St Mark's CofE Junior School,https://www.sasm.kingston.sch.uk,Surbiton,KT6 4AL,London,yes
102589,314,Kingston upon Thames,St John's C of E Primary School,http://www.stjohns.kingston.sch.uk/,Kingston upon Thames,KT1 2SG,London,yes
102604,314,Kingston upon Thames,St Luke's CofE Primary School,http://www.stlukes.kingston.sch.uk/,Kingston upon Thames,KT2 6EN,London,yes
102593,314,Kingston upon Thames,St Mary's CofE (Aided) Primary School,http://www.stmaryschessington.co.uk/,Chessington,KT9 2DH,London,yes
102592,314,Kingston upon Thames,St Matthew's CofE Primary School,http://www.stmatthews.kingston.sch.uk/,Surbiton,KT6 6LW,London,yes
102590,314,Kingston upon Thames,St Paul's CofE Primary School,http://www.stpaulsp.kingston.sch.uk/,Chessington,KT9 1AJ,London,yes
102591,314,Kingston upon Thames,"St Paul's CofE Primary School, Kingston Hill",http://www.stpaulskh.kingston.sch.uk/,Kingston upon Thames,KT2 6AZ,London,yes
102560,314,Kingston upon Thames,Surbiton Hill Nursery School,http://www.surbitonhillnursery.uk,Surbiton,KT5 8TD,London,yes
102575,314,Kingston upon Thames,Tolworth Infant and Nursery School,https://www.tolworthschool.org.uk/,Tolworth,KT6 7SA,London,yes
102574,314,Kingston upon Thames,Tolworth Junior School,http://www.tolworthj.kingston.sch.uk/,Surbiton,KT6 7SA,London,yes
