urn,district_code,district_name,school_name,website,town,postcode,region,has_email_collected
146160,319,Sutton,Abbey Primary School,www.abbey.sutton.sch.uk,Morden,SM4 6NY,London,no
144941,319,Sutton,All Saints Carshalton Church of England Primary School,www.allsaintscarshalton.sutton.sch.uk/,Carshalton,SM5 3DW,London,no
142177,319,Sutton,Avenue Primary Academy,https://www.avenueprimary.com/,Sutton,SM2 6JE,London,no
148776,319,Sutton,Bandon Hill Primary School,www.bandonhillprimary.co.uk,Wallington,SM6 9QU,London,no
145977,319,Sutton,Barrow Hedges Primary School,www.barrowhedgesprimary.co.uk,CARSHALTON,SM5 4LA,London,no
102983,319,Sutton,Beddington Infants' School,https://www.beddingtoninfants.org.uk/,Wallington,SM6 7LF,London,no
148350,319,Sutton,Beddington Park Academy,https://beddingtonparkacademy.org,Croydon,CR0 4UL,London,no
143628,319,Sutton,Brookfield Primary Academy,http://www.brookfieldprimary.com/,Sutton,SM3 9LY,London,no
139722,319,Sutton,Carew Academy,www.carewacademy.org,Wallington,SM6 7NH,London,no
136799,319,Sutton,Carshalton Boys Sports College,http://www.carshaltonboys.org/,Carshalton,SM5 1RW,London,no
136797,319,Sutton,Carshalton High School for Girls,http://www.chsg.org.uk/,Carshalton,SM5 2QX,London,no
145481,319,Sutton,Cheam Common Infants' Academy,www.cheamcommoninfants.com,Worcester Park,KT4 8SS,London,no
142398,319,Sutton,Cheam Common Junior Academy,www.cheamcommon.org.uk,Worcester Park,KT4 8UT,London,no
143375,319,Sutton,Cheam Fields Primary Academy,www.cheamfieldsprimary.co.uk,Sutton,SM3 8PQ,London,no
136785,319,Sutton,Cheam High School,http://www.cheam.sutton.sch.uk/,Sutton,SM3 8PW,London,no
140260,319,Sutton,Cheam Park Farm Primary Academy,www.cheamparkfarmprimary.co.uk,Sutton,SM3 9UU,London,no
131103,319,Sutton,Culvers House Primary School,www.culvershouse.sutton.sch.uk,Mitcham,CR4 4JH,London,no
136914,319,Sutton,Glenthorne High School,http://www.glenthorne.sutton.sch.uk/,Sutton,SM3 9PS,London,no
141876,319,Sutton,Green Wrythe Primary School,www.greenwrythe.org.uk/,Carshalton,SM5 1JP,London,no
136800,319,Sutton,Greenshaw High School,http://www.greenshaw.co.uk,Sutton,SM1 3DY,London,no
143706,319,Sutton,Harris Academy Sutton,https://www.harrissutton.org.uk/,Sutton,SM2 5RD,London,no
139965,319,Sutton,Harris Junior Academy Carshalton,www.harrisjuniorcarshalton.org.uk/,Carshalton,SM5 2NS,London,no
102991,319,Sutton,Holy Trinity CofE Junior School,https://www.holytrinityjuniorwallington.com,Wallington,SM6 8BZ,London,no
145484,319,Sutton,Manor Park Primary Academy,www.manorpark.sutton.sch.uk,Sutton,SM1 4AW,London,no
136795,319,Sutton,Nonsuch High School for Girls,http://www.nonsuchschool.org,Sutton,SM3 8AB,London,no
147538,319,Sutton,Oaks Park High School,www.oaksparkhigh.org.uk,Carshalton,SM5 4NS,London,no
136756,319,Sutton,Overton Grange School,http://www.overtongrange.sutton.sch.uk/,Sutton,SM2 6TQ,London,no
144544,319,Sutton,Rushy Meadow Primary Academy,https://www.rushymeadowprimary.uk/,Carshalton,SM5 2SG,London,no
103025,319,Sutton,Sherwood Park School,https://www.sherwoodpark.org.uk,Wallington,SM6 7NP,London,no
102955,319,Sutton,Spencer Nursery School,https://www.spencernurseryschool.org.uk,Mitcham Junction,CR4 4JP,London,no
102992,319,Sutton,St Dunstan's Cheam CofE Primary School,https://www.stdunstans.sutton.sch.uk,Sutton,SM3 8DF,London,no
151352,319,Sutton,St Elphege's RC Infants' School,www.stelphegesrcschool.org.uk,Wallington,SM6 9HY,London,no
151351,319,Sutton,St Elphege's RC Junior School,www.stelphegesrcschools.org.uk,Wallington,SM6 9HY,London,no
102994,319,Sutton,St Mary's RC Junior School,www.stmarysjunior.org.uk,Carshalton,SM5 2PB,London,no
145385,319,Sutton,Stanley Park Infants School,www.stanleyparkinfants.co.uk,Carshalton,SM5 3JL,London,no
136787,319,Sutton,Sutton Grammar School,http://www.suttongrammar.sutton.sch.uk/,Sutton,SM1 4AS,London,no
145704,319,Sutton,The Limes College,www.thelimescollege.org.uk,Sutton,SM1 2SD,London,no
144851,319,Sutton,The Link School,http://www.thelinkschool.co.uk/,Croydon,CR0 4PG,London,no
102956,319,Sutton,Thomas Wall Nursery School,,Sutton,SM1 2SF,London,no
143411,319,Sutton,Tweeddale Primary School,www.tweeddaleprimary.sutton.sch.uk/,Carshalton,SM5 1SW,London,no
142750,319,Sutton,Victor Seymour Infants' School,www.victorseymourinfants.org.uk,Carshalton,SM5 2JE,London,no
136798,319,Sutton,Wallington County Grammar School,www.wcgs-sutton.co.uk,Wallington,SM6 7PH,London,no
136789,319,Sutton,Wallington High School for Girls,http://www.wallingtongirls.org.uk,Wallington,SM6 0PH,London,no
145742,319,Sutton,Wallington Primary Academy,https://www.wallingtonprimary.uk,Wallington,SM6 9JN,London,no
137507,319,Sutton,Wandle Valley Academy,www.wandlevalleyacademy.org.uk,Carshalton,SM5 1LW,London,no
136796,319,Sutton,Westbourne Primary School,www.westbourne.sutton.sch.uk,Sutton,SM1 2NT,London,no
136621,319,Sutton,Wilson's School,www.wilsons.school,Wallington,SM6 9JW,London,no
149360,319,Sutton,Wood Field Primary School,,Carshalton,SM5 3HW,London,no
102990,319,Sutton,All Saints Benhilton CofE Primary School,https://www.allsaintsbenhilton.org.uk,Sutton,SM1 3DA,London,yes
102975,319,Sutton,Devonshire Primary School,https://www.devonshireprimary.org,Sutton,SM2 5JL,London,yes
102982,319,Sutton,Dorchester Primary School,http://www.dorchesterprimary.com,Worcester Park,KT4 8PG,London,yes
102986,319,Sutton,Foresters Primary School,https://www.foresters.sutton.sch.uk/,Wallington,SM6 9DP,London,yes
102969,319,Sutton,Hackbridge Primary School,https://www.hackbridgeprimary.sutton.sch.uk/,Wallington,SM6 7AX,London,yes
102971,319,Sutton,High View Primary School,https://www.highviewprimary.org.uk/,Wallington,SM6 8JT,London,yes
130934,319,Sutton,Muschamp Primary School and Language Opportunity Base,www.muschamp.org.uk/,Carshalton,SM5 2SE,London,yes
102985,319,Sutton,Nonsuch Primary School,https://www.nonsuchprimary.sutton.sch.uk,Epsom,KT17 2HQ,London,yes
102981,319,Sutton,Robin Hood Infants' School,https://www.twn-rhi.org.uk/,Sutton,SM1 2SF,London,yes
102984,319,Sutton,Robin Hood Junior School,https://www.robinhood-junior.org.uk/,Sutton,SM1 1RL,London,yes
102993,319,Sutton,St Cecilia's Catholic Primary School,https://www.stcecilias.school,Sutton,SM3 9DL,London,yes
102995,319,Sutton,St Mary's RC Infants School,https://www.smcsc.org.uk,Carshalton,SM5 2PT,London,yes
103013,319,Sutton,St Philomena's Catholic High School for Girls,https://www.stphils.org.uk,Carshalton,SM5 3PS,London,yes
103005,319,Sutton,Stanley Park Junior School,https://www.spjs.org,Carshalton,SM5 3JL,London,yes
135010,319,Sutton,Sutton Tuition and Reintegration Service,www.starservice.org.uk,Carshalton,SM5 4NR,London,yes
103009,319,Sutton,The John Fisher School,http://www.johnfisherschool.org/,Purley,CR8 3YP,London,yes
