urn,district_code,district_name,school_name,website,town,postcode,region,has_email_collected
150557,343,Sefton,Ainsdale St John's Church of England Primary School,http://www.ainsdalestjohns.com,Southport,PR8 3JE,North West,no
104868,343,Sefton,Aintree Davenhill Primary School,https://www.aintreedavenhill.net/,Liverpool,L10 8LE,North West,no
132208,343,Sefton,All Saints Catholic Primary School,http://www.allsaintsprimaryschool.co.uk/,Bootle,L20 4LX,North West,no
149829,343,Sefton,Bedford Primary School,www.bedfordprimary.co.uk,Liverpool,L20 9LJ,North West,no
137297,343,Sefton,Birkdale High School,http://www.birkdalehigh.co.uk/,Southport,PR8 3DT,North West,no
104860,343,Sefton,Birkdale Primary School,http://www.birkdaleprimary.com,Southport,PR8 4EL,North West,no
104942,343,Sefton,Bishop David Sheppard Church of England Primary School,https://www.bishopdavidsheppard.com/,Southport,PR9 7BZ,North West,no
104847,343,Sefton,Cambridge Nursery School,https://www.cambridgenurseryschool.com,Liverpool,L20 9LQ,North West,no
137514,343,Sefton,Chesterfield High School,http://www.chesterfieldhigh.org.uk,Liverpool,L23 9YB,North West,no
104893,343,Sefton,Christ Church Church of England Controlled Primary School,https://www.christchurchce.co.uk/,Bootle,L20 3JL,North West,no
104964,343,Sefton,Christ The King Catholic High School and Sixth Form Centre,http://www.christtheking-school.com,Southport,PR8 4EX,North West,no
146688,343,Sefton,Churchtown Primary School,www.churchtown.org.uk,Southport,PR9 7NN,North West,no
104980,343,Sefton,Crosby High School,https://www.crosbyhigh.org,Liverpool,L23 2TH,North West,no
104845,343,Sefton,Crossens Nursery School,https://www.crossensnursery.co.uk,Southport,PR9 8PA,North West,no
137533,343,Sefton,Deyes High School,http://www.deyeshigh.co.uk/,Liverpool,L31 6DE,North West,no
104931,343,Sefton,English Martyrs' Catholic Primary School,https://www.englishmartyrs.co.uk,Liverpool,L21 7LX,North West,no
104863,343,Sefton,Farnborough Road Infant School,https://www.farnboroughroadinfants.co.uk,Southport,PR8 3DF,North West,no
104862,343,Sefton,Farnborough Road Junior School,http://www.farnboroughroadjuniors.co.uk,Southport,PR8 3DF,North West,no
150813,343,Sefton,Forefield Community Infant and Nursery School,www.forefieldinfantschool.co.uk,Liverpool,L23 9SL,North West,no
150658,343,Sefton,Forefield Junior School,www.forefieldjuniors.co.uk/,Liverpool,L23 9TJ,North West,no
137436,343,Sefton,Formby High School,http://www.formbyhighschool.com/,Liverpool,L37 3HW,North West,no
104883,343,Sefton,Freshfield Primary School,https://www.freshfieldprimaryschool.com,Liverpool,L37 3JT,North West,no
104926,343,Sefton,Great Crosby Catholic Primary School,https://www.greatcrosbycatholicprimary.com,Liverpool,L23 2RQ,North West,no
104884,343,Sefton,Green Park Primary School,https://www.greenparkschool.org.uk/,Liverpool,L31 8BW,North West,no
104848,343,Sefton,Greenacre Community Nursery School,www.greenacrenurseryschool.co.uk,Bootle,L20 6PJ,North West,no
137604,343,Sefton,Greenbank High School,http://www.greenbankhigh.co.uk,Southport,PR8 2LT,North West,no
104878,343,Sefton,Hatton Hill Primary School,https://www.hattonhill.co.uk/,Liverpool,L21 9NZ,North West,no
141693,343,Sefton,Hillside High School,http://www.hillsidehigh.co.uk,Bootle,L20 9NU,North West,no
104962,343,Sefton,Holy Family Catholic High School,http://www.holyfamilyhighschool.co.uk/,Liverpool,L23 4UL,North West,no
104915,343,Sefton,Holy Family Catholic Primary School,http://www.holyfamilyprimary.com,Southport,PR9 7DU,North West,no
104940,343,Sefton,Holy Rosary Catholic Primary School,http://www.holyrosaryschool.co.uk,Liverpool,L10 6NJ,North West,no
149029,343,Sefton,Holy Spirit Catholic Academy,www.holyspiritcatholicprimary.co.uk,Bootle,L30 2NR,North West,no
145454,343,Sefton,"Holy Trinity Church of England Primary School, Southport",www.holytrinityprimary.co.uk,Southport,PR9 9AZ,North West,no
104869,343,Sefton,Hudson Primary School,https://www.hudsonprimary.co.uk,Liverpool,L31 5LE,North West,no
104850,343,Sefton,Jigsaw Primary Pupil Referral Unit,http://www.jigsawpru.co.uk/,Liverpool,L23 1TY,North West,no
146895,343,Sefton,Kew Woods Primary School,www.kewwoods.co.uk,Southport,PR8 6JW,North West,no
150852,343,Sefton,King's Lander Primary Academy,www.kingslanderprimary.com,Liverpool,L21 8HY,North West,no
138260,343,Sefton,King's Leadership Academy Hawthornes,http://www.kingshawthornes.com/,Bootle,L20 6AQ,North West,no
104886,343,Sefton,Kings Meadow Primary School and Early Years Education Centre,https://www.kingsmeadowprimary.co.uk,Southport,PR8 3RS,North West,no
104853,343,Sefton,Linacre Primary School,https://www.linacreprimary.co.uk/,Bootle,L20 5ED,North West,no
151390,343,Sefton,Linaker Primary School,https://www.linakerschool.co.uk/,Southport,PR8 5DB,North West,no
141694,343,Sefton,Litherland High School,www.litherlandhigh.com,Liverpool,L21 0DB,North West,no
146187,343,Sefton,Litherland Moss Primary School,www.litherlandmoss.co.uk,Liverpool,L21 0DB,North West,no
104891,343,Sefton,Lydiate Primary School,https://www.lydiateprimary.co.uk,Liverpool,L31 2JZ,North West,no
137520,343,Sefton,Maghull High School,http://www.maghullhigh.com/,Liverpool,L31 7AW,North West,no
104960,343,Sefton,Maricourt Catholic High School,http://www.maricourt.net/,Liverpool,L31 3DZ,North West,no
104866,343,Sefton,Marshside Primary School,https://www.marshsideprimary.org.uk,Southport,PR9 9XA,North West,no
104889,343,Sefton,Melling Primary School,https://www.mellingprimaryschool.co.uk/,Liverpool,L31 1DA,North West,no
149828,343,Sefton,Meols Cop High School,http://www.meolscophighschool.co.uk,Southport,PR8 6JS,North West,no
104979,343,Sefton,Merefield School,http://www.merefieldschool.co.uk,Southport,PR8 2QZ,North West,no
104856,343,Sefton,Netherton Moss Primary School,https://www.nethertonmoss.co.uk/,Bootle,L30 3RU,North West,no
104982,343,Sefton,Newfield School,https://www.newfieldschool.co.uk,Liverpool,L23 4TG,North West,no
104865,343,Sefton,Norwood Primary School,http://www.norwoodprimaryschool.com,Southport,PR9 7DU,North West,no
104935,343,Sefton,Our Lady Queen of Peace Catholic Primary School,https://www.ourladyqueenofpeaceprimary.co.uk,Liverpool,L21 0EP,North West,no
104929,343,Sefton,Our Lady Star of the Sea Catholic Primary School,http://www.ourlady-starofthesea.org.uk,Select,L21 3TE,North West,no
104930,343,Sefton,Our Lady of Compassion Catholic Primary School,https://www.olocprimary.co.uk/,Liverpool,L37 8BZ,North West,no
151021,343,Sefton,Our Lady of Lourdes Catholic Primary School,https://ololcatholicprimary.org/,Southport,PR8 4LT,North West,no
151111,343,Sefton,Our Lady of Walsingham Primary School,www.olwcatholicprimary.org,Bootle,L30 3SA,North West,no
104977,343,Sefton,Presfield High School and Specialist College,https://www.presfieldschool.org,Southport,PR9 8PA,North West,no
137612,343,Sefton,Range High School,http://www.range.sefton.sch.uk/,Liverpool,L37 2YN,North West,no
134371,343,Sefton,Rimrose Hope CofE Primary School,http://www.rimrosehope.co.uk/,Liverpool,L21 1AD,North West,no
150660,343,Sefton,Rowan Park School,www.rowanpark.co.uk,Liverpool,L21 0DB,North West,no
149047,343,Sefton,Sacred Heart Catholic Academy,,Liverpool,L23 5TF,North West,no
146313,343,Sefton,Shoreside Primary School,shoresideprimary.co.uk,Southport,PR8 2QZ,North West,no
134343,343,Sefton,Springwell Park Community Primary School,http://www.springwellparkprimary.co.uk/,Bootle,L20 6PG,North West,no
145453,343,Sefton,"St Andrews Church of England Primary School, Maghull",http://www.standrewsmaghull.com/,Liverpool,L31 6DE,North West,no
135085,343,Sefton,St Benedict's Catholic Primary School,http://www.stbenedictsprimary.co.uk,Bootle,L30 7PG,North West,no
151023,343,Sefton,St Edmund's and St Thomas' Catholic Primary School,www.sestcatholicprimary.org,Liverpool,L22 8QF,North West,no
104932,343,Sefton,St Elizabeth's Catholic Primary School,,Liverpool,L21 8JH,North West,no
104925,343,Sefton,St George's Catholic Primary School,https://www.st-georgesprimary.com,Liverpool,L31 5PD,North West,no
104936,343,Sefton,St Gregory's Catholic Primary School,http://www.stgregorysprimary.co.uk/,Merseyside,L31 2LB,North West,no
104938,343,Sefton,St Jerome's Catholic Primary School,https://www.st-jeromes.co.uk,Liverpool,L37 2LX,North West,no
104941,343,Sefton,St John Bosco Catholic Primary School,https://www.stjohnboscoprimary.co.uk,Liverpool,L31 8BW,North West,no
104894,343,Sefton,St John's Church of England Primary School,http://www.stjohnsprimary.co.uk/,Southport,PR9 8JH,North West,no
104920,343,Sefton,St John's Church of England Primary School,https://www.stjohnsceprimarywaterloo.co.uk,Liverpool,L22 9RG,North West,no
104921,343,Sefton,St Luke's Halsall Church of England Primary School,http://www.stlukeshalsall.co.uk,Liverpool,L23 2TB,North West,no
151022,343,Sefton,St Mary's Catholic Primary School,www.stmaryscatholicprimary.org,Liverpool,L23 4UA,North West,no
141338,343,Sefton,St Michael's Church of England High School,stmichaelshigh.com,Crosby,L23 7UL,North West,no
104905,343,Sefton,St Monica's Catholic Primary School,http://www.stmonicascatholicprimaryschool.co.uk,Bootle,L20 9EB,North West,no
104922,343,Sefton,St Nicholas Church of England Primary School,www.stnicholasprimary.org/,Liverpool,L23 6TS,North West,no
104900,343,Sefton,St Oswald's Church of England Primary School,https://www.stoswaldsnetherton.com,Bootle,L30 5RH,North West,no
104898,343,Sefton,St Philip's Church of England Controlled Primary School,https://www.stphilipsprimaryschool-litherland.co.uk,Liverpool,L21 8NZ,North West,no
104906,343,Sefton,St Robert Bellarmine Catholic Primary School,http://www.strobertbellarmine.co.uk/,Bootle,L20 6ED,North West,no
145096,343,Sefton,"St Thomas Church of England Primary School, Lydiate",www.stthomaslydiate.co.uk/,Liverpool,L31 0BP,North West,no
104934,343,Sefton,St William of York Catholic Primary School,https://www.stwilliamofyork.co.uk,Liverpool,L23 9XH,North West,no
144618,343,Sefton,Stanley High School,www.stanleyhigh.co.uk,Southport,PR9 9TF,North West,no
104882,343,Sefton,Summerhill Primary School,https://www.summerhillprimary.com,Liverpool,L31 3DT,North West,no
150851,343,Sefton,The Grange Primary School,www.thegrangeprimary.com,Bootle,L30 0QS,North West,no
149486,343,Sefton,The Salesian Academy of St John Bosco,,Bootle,L30 2NA,North West,no
150762,343,Sefton,Thomas Gray Primary School,www.thomasgrayprimary.co.uk/,Bootle,L20 4LX,North West,no
151292,343,Sefton,Trinity St Peter's CofE Primary School,www.trinitystpeters.org,Liverpool,L37 7EJ,North West,no
104937,343,Sefton,Ursuline Catholic Primary School,https://www.ursulineprimary.co.uk/,Liverpool,L23 6TT,North West,no
150659,343,Sefton,Valewood Primary School,http://www.valewood.co.uk,Liverpool,L23 7YG,North West,no
150657,343,Sefton,Waterloo Primary School,http://www.waterlooprimaryschool.co.uk,Liverpool,L22 0LD,North West,no
150834,343,Sefton,Waterside Academy,,Liverpool,L30 2QQ,North West,no
104887,343,Sefton,Larkfield Primary School,https://www.larkfieldprimary.co.uk,Southport,PR9 8PA,North West,yes
104879,343,Sefton,Northway Primary School,https://www.northwayprimary.co.uk,Liverpool,L31 9AA,North West,yes
104885,343,Sefton,Redgate Community Primary School,http://www.redgateprimary.com,Liverpool,L37 4EW,North West,yes
104897,343,Sefton,St Luke's Church of England Primary School,http://www.stlukes-formby.co.uk,Formby,L37 2HW,North West,yes
104918,343,Sefton,St Patrick's Catholic Primary School,http://www.stpatrickschurchtown.com,Southport,PR9 9RR,North West,yes
104902,343,Sefton,St Philip's Church of England Primary School,https://www.stphilipssouthport.com/,Southport,PR8 6SS,North West,yes
104881,343,Sefton,Woodlands Primary School,http://www.woodlandsschoolformby.co.uk,Liverpool,L37 2JN,North West,yes
