urn,district_code,district_name,school_name,website,town,postcode,region,has_email_collected
105030,344,Wirral,Barnston Primary School,http://www.barnston.wirral.sch.uk/,Wirral,CH60 1XW,North West,no
104988,344,Wirral,Bedford Drive Primary School,https://www.bedforddriveprimary.co.uk,Birkenhead,CH42 6RT,North West,no
105060,344,Wirral,Bidston Avenue Primary School,http://www.bidstonavenue.wirral.sch.uk/,Birkenhead,CH41 0DQ,North West,no
131281,344,Wirral,Bidston Village CofE (Controlled) Primary School,http://www.bidstonvillage.wirral.sch.uk,Prenton,CH43 7XG,North West,no
105064,344,Wirral,Birkenhead Christ Church CofE Primary School,https://www.christchurchbirkenhead.com,Birkenhead,CH41 2UJ,North West,no
135877,344,Wirral,Birkenhead High School Academy,http://www.birkenheadhigh.gdst.net/Pages/default.aspx,Prenton,CH43 1TY,North West,no
136411,344,Wirral,Birkenhead Park School,http://www.birkenheadparkschool.com/,Birkenhead,CH43 4UY,North West,no
144829,344,Wirral,Birkenhead Sixth Form College,www.bsfc.ac.uk,Wirral,CH43 8SQ,North West,no
105027,344,Wirral,Black Horse Hill Infant School,https://www.blackhorsehillinfant.co.uk,Wirral,CH48 6DR,North West,no
150633,344,Wirral,Black Horse Hill Junior School,http://blackhorsehill.andrewgreenhalgh.co.uk/,Wirral,CH48 6DR,North West,no
105021,344,Wirral,Brackenwood Infant School,https://www.brackenwood-infant.wirral.sch.uk/,Wirral,CH63 2HN,North West,no
148292,344,Wirral,Brackenwood Junior School,https://www.brackenwood-junior.wirral.sch.uk/web,Wirral,CH63 2HH,North West,no
150672,344,Wirral,Brookdale Primary School,www.brookdaleprimaryschool.co.uk,WIRRAL,CH49 1SE,North West,no
105018,344,Wirral,Brookhurst Primary School,https://www.brookhurst.wirral.sch.uk,Wirral,CH63 0EH,North West,no
139144,344,Wirral,Calday Grange Grammar School,http://www.calday.co.uk,Wirral,CH48 8GG,North West,no
104985,344,Wirral,Castleway Nursery School,https://www.castleway.wirral.sch.uk,Wirral,CH46 1RN,North West,no
105002,344,Wirral,Castleway Primary School,https://www.castleway.wirral.sch.uk,Wirral,CH46 1RN,North West,no
105048,344,Wirral,Cathcart Street Primary School,https://www.cathcartstreet.wirral.sch.uk,Wirral,CH41 3JY,North West,no
105081,344,Wirral,Christ The King Catholic Primary School,,Wirral,CH62 6AE,North West,no
143505,344,Wirral,Church Drive Primary School,https://www.churchdriveprimary.co.uk,Wirral,CH62 5EF,North West,no
105129,344,Wirral,Clare Mount Specialist Sports College,https://www.claremountssc.co.uk,Leasowe,CH46 1RA,North West,no
146315,344,Wirral,Co-op Academy Bebington,bebington.coopacademies.co.uk,Wirral,CH63 2PS,North West,no
149838,344,Wirral,Co-op Academy Hillside,https://hillside.coopacademies.co.uk/,Prenton,CH43 9HG,North West,no
144632,344,Wirral,Co-op Academy Portland,https://portland.coopacademies.co.uk,Birkenhead,CH41 0AB,North West,no
146740,344,Wirral,Co-op Academy Woodslee,https://woodslee.coopacademies.co.uk/,Wirral,CH62 2BP,North West,no
104991,344,Wirral,Devonshire Park Primary School,https://www.devonshireparkprimaryschool.co.uk/,Birkenhead,CH42 9JX,North West,no
105001,344,Wirral,Eastway Primary School,https://www.eastway.eschools.co.uk/,Wirral,CH46 8TA,North West,no
143502,344,Wirral,Egremont Primary School,http://www.egremont.wirral.sch.uk/,Wallasey,CH44 8AF,North West,no
105132,344,Wirral,Elleray Park School,http://www.elleraypark.com/,Wallasey,CH45 0LH,North West,no
105039,344,Wirral,Fender Primary School,http://fender-wirral.frogos.net/app/os#!website/home,Wirral,CH49 8HB,North West,no
105131,344,Wirral,Foxfield School,https://www.foxfieldschool.co.uk/,Woodchurch,CH49 5LF,North West,no
104986,344,Wirral,Ganneys Meadow Nursery School and Family Centre,https://www.ganneysmeadow.co.uk,Wirral,CH49 8HB,North West,no
149493,344,Wirral,Gayton Primary School,www.gayton.wirral.sch.uk/,Wirral,CH60 8PZ,North West,no
105134,344,Wirral,Gilbrook School,https://www.gilbrookschool.co.uk,,CH49 8HE,North West,no
105022,344,Wirral,Greasby Infant School,https://www.greasby-infant.eschools.co.uk,Wirral,CH49 3NX,North West,no
149538,344,Wirral,Greasby Junior School,www.greasby-junior.wirral.sch.uk/,Wirral,CH49 3AR,North West,no
143501,344,Wirral,Great Meols Primary School,www.greatmeols.wirral.sch.uk/,Wirral,CH47 7AP,North West,no
105004,344,Wirral,Greenleas Primary School,https://www.greenleasprimaryschool.co.uk/,Wallasey,CH45 8LZ,North West,no
105011,344,Wirral,Grove Street Primary School,https://grovestreetprimaryschool.co.uk,Wirral,CH62 5BA,North West,no
105128,344,Wirral,Hayfield School,http://www.hayfield.wirral.sch.uk/,Wirral,CH49 4LN,North West,no
149931,344,Wirral,Heswall Primary School,www.heswall-primary.wirral.sch.uk,Wirral,CH60 7SD,North West,no
130324,344,Wirral,Heygarth Primary School,https://www.heygarth.wirral.sch.uk/,Wirral,CH62 8AG,North West,no
105009,344,Wirral,Higher Bebington Junior School,http://www.higherbebington.wirral.sch.uk/,Wirral,CH63 8QE,North West,no
138355,344,Wirral,Hilbre High School,www.hilbre.wirral.sch.uk,Wirral,CH48 6EQ,North West,no
105087,344,Wirral,Holy Cross Catholic Primary School,https://www.holycross.wirral.sch.uk,Birkenhead,CH41 7DU,North West,no
136124,344,Wirral,Holy Spirit Catholic and Church of England Primary School,www.holyspiritwirral.com,Wirral,CH46 2RP,North West,no
105063,344,Wirral,Hoylake Holy Trinity CofE Primary School,https://www.hoylakeholytrinity.wirral.sch.uk/,Wirral,CH47 3BH,North West,no
150558,344,Wirral,Irby Primary School,www.irbyprimary.com,Wirral,CH61 4UR,North West,no
104997,344,Wirral,Kingsway Primary School,https://www.kingswayprimaryschool.co.uk,Wallasey,CH44 9EF,North West,no
105084,344,Wirral,Ladymount Catholic Primary School,http://www.ladymount.wirral.sch.uk/,Wirral,CH61 5YD,North West,no
105055,344,Wirral,Leasowe Primary School,https://www.leasoweprimaryschool.org.uk/,Wirral,CH46 1RU,North West,no
105005,344,Wirral,Lingham Primary School,https://www.linghamprimary.co.uk/,Wirral,CH46 7UQ,North West,no
104994,344,Wirral,Liscard Primary School,https://www.liscard.wirral.sch.uk,Wallasey,CH45 7NQ,North West,no
149932,344,Wirral,Manor Primary School,https://www.manorprimaryschool.co.uk,Wirral,CH43 7ZU,North West,no
105133,344,Wirral,Meadowside School,https://www.meadowsideschool.com,Wirral,CH49 5LA,North West,no
149930,344,Wirral,Mendell Primary School,,Wirral,CH62 7HN,North West,no
105042,344,Wirral,Mersey Park Primary School,https://www.merseyparkprimary.co.uk/,Wirral,CH42 0PH,North West,no
136056,344,Wirral,Millfields Church of England (Controlled) Primary School,http://www.millfieldsceprimary.co.uk,Wirral,CH62 9EB,North West,no
146530,344,Wirral,Moreton Christ Church CofE Primary School,www.christchurch-moreton.wirral.sch.uk,Wirral,CH46 0PB,North West,no
104993,344,Wirral,Mount Primary School,https://www.mount.wirral.sch.uk,Wirral,CH45 5HU,North West,no
104992,344,Wirral,New Brighton Primary School,https://www.newbrightonprimary.co.uk/,Wallasey,CH45 1LH,North West,no
105140,344,Wirral,Orrets Meadow School,http://orrets-meadow.eschools.co.uk,Wirral,CH46 9QQ,North West,no
105086,344,Wirral,Our Lady and St Edward's Catholic Primary School,https://www.ourlady-saintedwards.co.uk,Birkenhead,CH41 8DU,North West,no
140458,344,Wirral,Our Lady of Pity Catholic Primary School,www.olopschool.co.uk,Wirral,CH49 1RE,North West,no
105043,344,Wirral,Overchurch Infant School,https://www.overchurchinfantschool.co.uk,Wirral,CH49 4NS,North West,no
150120,344,Wirral,Overchurch Junior School,,Wirral,CH49 4NS,North West,no
105066,344,Wirral,Oxton St Saviour's CofE Aided Primary School,https://www.oxtonstsavioursschool.com/,Prenton,CH43 2HT,North West,no
104999,344,Wirral,Park Primary School,https://www.parkprimaryschool.com,Wallasey,CH44 5RN,North West,no
105101,344,Wirral,Pensby High School,https://www.pensbyhighschool.org,Wirral,CH61 6XN,North West,no
135497,344,Wirral,Pensby Primary School,www.pensbyprimaryschool.org/,Wirral,CH61 5UE,North West,no
143503,344,Wirral,Poulton Lancelyn Primary School,http://www.poultonlancelyn.wirral.sch.uk/,Wirral,CH63 9LY,North West,no
137130,344,Wirral,Prenton High School for Girls,www.prentonhighschool.co.uk,Birkenhead,CH42 6RR,North West,no
103598,344,Wirral,Prenton Primary School,https://www.prentonprimary.co.uk/,Prenton,CH43 0RQ,North West,no
105020,344,Wirral,Raeburn Primary School,https://www.raeburn.wirral.sch.uk/,Wirral,CH62 6BD,North West,no
105097,344,Wirral,Ridgeway High School,https://www.ridgeway.wirral.sch.uk,Prenton,CH43 9EB,North West,no
104996,344,Wirral,Riverside Primary School,https://www.riverside.wirral.sch.uk/,Wirral,CH44 6QW,North West,no
150115,344,Wirral,Rock Ferry Primary School,https://www.rockferry.wirral.sch.uk,Birkenhead,CH42 2BL,North West,no
150539,344,Wirral,"SS Peter and Paul Catholic Primary School, a Voluntary Academy",sspp.school,Wallasey,CH45 9LT,North West,no
150019,344,Wirral,Sandbrook Primary School,https://sandbrook-primary.co.uk,Wirral,CH46 9PS,North West,no
104984,344,Wirral,Somerville Nursery School,https://www.somerville.wirral.sch.uk,Wallasey,CH44 4BB,North West,no
105000,344,Wirral,Somerville Primary School,https://www.somerville.wirral.sch.uk/,Wallasey,CH44 9AR,North West,no
105107,344,Wirral,South Wirral High School,http://www.southwirral.wirral.sch.uk,Wirral,CH62 8EH,North West,no
105088,344,Wirral,St Anne's Catholic Primary School,https://www.stannes.wirral.sch.uk,Birkenhead,CH42 4NE,North West,no
136780,344,Wirral,St Anselm's College,http://www.st-anselms.com/,Prenton,CH43 1UQ,North West,no
104995,344,Wirral,St George's Primary School,http://www.stgeorges.wirral.sch.uk,Wallasey,CH45 3NF,North West,no
139031,344,Wirral,St John Plessington Catholic College,http://www.stjohnplessington.com,Wirral,CH63 7LF,North West,no
105082,344,Wirral,St John's Catholic Infant School,https://stjohns-infants.squarespace.com,Wirral,CH63 7LH,North West,no
105068,344,Wirral,St Joseph's Catholic Primary School Upton,https://www.stjosephs-upton.co.uk/,Wirral,CH49 6LL,North West,no
146088,344,Wirral,"St Joseph's Catholic Primary School, Birkenhead",www.stjosephscatholicprimarybirkenhead.co.uk,Prenton,CH43 5UT,North West,no
105073,344,Wirral,"St Joseph's Catholic Primary School, Wallasey",http://www.stjosephs-wallasey.wirral.sch.uk/website,Wallasey,CH44 7ED,North West,no
143554,344,Wirral,"St Mary's Catholic College, A Voluntary Academy",www.stmaryswallasey.com,Wallasey,CH45 3LN,North West,no
105090,344,Wirral,St Michael and All Angels Catholic Primary School,https://www.smaaawirral.com/,Wirral,CH49 5LE,North West,no
105070,344,Wirral,St Paul's Catholic Primary School,www.stpauls.wirra.sch.uk,Prenton,CH43 7TE,North West,no
105069,344,Wirral,St Peter's Catholic Primary School,www.stpeterscatholicprimary.eschools.co.uk/,Prenton,CH43 9QR,North West,no
105091,344,Wirral,St Werburgh's Catholic Primary School,https://www.stwerburghswirral.co.uk/,Birkenhead,CH41 2TD,North West,no
143504,344,Wirral,Stanton Road Primary School,https://www.stantonroad.wirral.sch.uk/,Wirral,CH63 3HW,North West,no
105103,344,Wirral,The Mosslands School,https://www.mosslands.co.uk,Wallasey,CH45 8PJ,North West,no
136895,344,Wirral,The Oldershaw School,http://www.oldershaw.wirral.sch.uk/,Wallasey,CH45 4RJ,North West,no
105085,344,Wirral,The Priory Parish CofE Primary School,https://www.prioryparishprimaryschool.com,Birkenhead,CH41 4HS,North West,no
149933,344,Wirral,Thingwall Primary School,www.thingwall.eschools.co.uk/,Wirral,CH61 7UG,North West,no
105015,344,Wirral,Thornton Hough Primary School,https://www.thorntonhough.wirral.sch.uk,Wirral,CH63 1JJ,North West,no
149512,344,Wirral,Thurstaston Dawpool CofE Primary School,https://www.dawpool.wirral.sch.uk/website,Wirral,CH61 0HH,North West,no
143391,344,Wirral,Town Lane Infant School,https://www.townlane.co.uk/,Wirral,CH63 8LD,North West,no
140931,344,Wirral,Townfield Primary School,www.townfieldprimaryschool.co.uk,Wirral,CH43 2LH,North West,no
137929,344,Wirral,Upton Hall School FCJ,http://www.uptonhallschool.co.uk/,Wirral,CH49 6LJ,North West,no
137815,344,Wirral,Weatherhead High School,http://www.weatherheadhigh.co.uk,Wallasey,CH44 3HS,North West,no
105050,344,Wirral,Well Lane Primary School,https://www.well-lane.wirral.sch.uk/,Birkenhead,CH42 5PF,North West,no
137243,344,Wirral,West Kirby Grammar School,http://www.wkgs.org,Wirral,CH48 5DP,North West,no
105023,344,Wirral,West Kirby Primary School,https://www.westkirbyprimaryschool.co.uk/,Wirral,CH48 5EQ,North West,no
105062,344,Wirral,West Kirby St Bridget's CofE Primary School,http://www.stbridgets.wirral.sch.uk/,Wirral,CH48 3JT,North West,no
137476,344,Wirral,Wirral Grammar School for Boys,http://www.wirralgrammarboys.com/,Wirral,CH63 3AQ,North West,no
137171,344,Wirral,Wirral Grammar School for Girls,http://www.wirralgirls.co.uk,Wirral,CH63 3AF,North West,no
150890,344,Wirral,Woodchurch CofE Primary School,www.woodchurchceprimary.com,Wirral,CH49 7LS,North West,no
138853,344,Wirral,Woodchurch High School,www.woodchurchhigh.com,Wirral,CH49 7NG,North West,no
150119,344,Wirral,Woodchurch Road Academy,,Birkenhead,CH42 9LJ,North West,no
104990,344,Wirral,Woodlands Primary School,https://woodlandswirral.co.uk,Birkenhead,CH41 2SY,North West,no
105079,344,Wirral,Heswall St Peter's CofE Primary School,https://www.stpeters-heswall.wirral.sch.uk/,Wirral,CH60 4SA,North West,yes
105130,344,Wirral,Kilgarth School,http://kilgarthschool.co.uk/,Birkenhead,CH41 8BA,North West,yes
105074,344,Wirral,Sacred Heart Catholic Primary School,https://www.sacredheartmoreton.co.uk,Wirral,CH46 8UG,North West,yes
105072,344,Wirral,St Alban's Catholic Primary School,https://www.stalbans.wirral.sch.uk,Wallasey,CH44 5XB,North West,yes
105077,344,Wirral,St Andrew's CofE Aided Primary School,https://standrews.wirral.sch.uk/,Wirral,CH63 7NL,North West,yes
105080,344,Wirral,St John's Catholic Junior School,https://www.stjohns-junior.wirral.sch.uk/,Wirral,CH63 7LH,North West,yes
105138,344,Wirral,Stanley School,https://www.stanleyschool.co.uk,Wirral,CH61 5UE,North West,yes
127715,344,Wirral,The Observatory School,www.theobservatoryschool.wirral.sch.uk,Prenton,CH43 7QT,North West,yes
105139,344,Wirral,Wirral Hospitals' School,https://www.wirralhs.co.uk,Wirral,CH41 0EZ,North West,yes
