urn,district_code,district_name,school_name,website,town,postcode,region,has_email_collected
139404,352,Manchester,Abbey Hey Primary Academy,www.abbeyheyprimary.org.uk/,Manchester,M18 8PF,North West,no
150009,352,Manchester,Abraham Moss Community School,www.abrahammoss.co.uk,Manchester,M8 5UF,North West,no
105505,352,Manchester,All Saints C of E Primary School,https://www.allsaintsnh-pri.manchester.sch.uk,Manchester,M40 1LS,North West,no
105480,352,Manchester,All Saints Primary School,https://www.allsaints-pri.manchester.sch.uk/,Manchester,M12 5PW,North West,no
105502,352,Manchester,Armitage CofE Primary School,https://www.armitage.manchester.sch.uk/,Manchester,M12 5NP,North West,no
133770,352,Manchester,Ashbury Meadow Primary School,www.ashburymeadow.co.uk,Manchester,M11 3NA,North West,no
127802,352,Manchester,Ashgate Specialist Support Primary School,http://www.ashgateprimaryschool.co.uk/,Manchester,M22 5DR,North West,no
144128,352,Manchester,Barlow Hall Primary School,http://barlowhallprimary.co.uk/,Manchester,M21 7JG,North West,no
140314,352,Manchester,Beaver Road Primary School,www.beaverroad.org.uk,Manchester,M20 6SX,North West,no
132241,352,Manchester,Benchill Primary School,www.benchill.manchester.sch.uk/,Manchester,M22 8EJ,North West,no
130380,352,Manchester,Birchfields Primary School,www.birchfieldsprimary.com,Manchester,M14 6PL,North West,no
133945,352,Manchester,Bridgelea Pupil Referral Unit,www.bridgelea.manchester.sch.uk,Manchester,M20 3FB,North West,no
138653,352,Manchester,Briscoe Lane Academy,www.briscoe.manchester.sch.uk,Manchester,M40 2TB,North West,no
105467,352,Manchester,Broad Oak Primary School,https://www.broadoak.manchester.sch.uk,Manchester,M20 5QB,North West,no
144131,352,Manchester,Brookburn Community School,https://brookburn.manchester.sch.uk/,Manchester,M21 8EH,North West,no
140703,352,Manchester,Burnage Academy for Boys,http://www.burnage.manchester.sch.uk/,Manchester,M19 1ER,North West,no
145873,352,Manchester,CHS South,www.chssouth.org.uk,Manchester,M21 7SX,North West,no
105606,352,Manchester,Camberwell Park Specialist Support School,www.camberwellpark-manchester.secure-dbprimary.com,Manchester,M40 9GJ,North West,no
138097,352,Manchester,Cedar Mount Academy,https://cedarmount.bright-futures.co.uk/,Gorton,M18 7DT,North West,no
137601,352,Manchester,Cheetham CofE Community Academy,www.cheetham.manchester.sch.uk/,Manchester,M8 9FR,North West,no
105487,352,Manchester,Chorlton CofE Primary School,http://www.chorltonce.co.uk,Manchester,M21 9JA,North West,no
139148,352,Manchester,Chorlton High School,http://www.chorltonhigh.manchester.sch.uk/,Manchester,M21 7SL,North West,no
142343,352,Manchester,Chorlton Park Primary,http://www.chorltonpark.manchester.sch.uk,Manchester,M21 7HH,North West,no
148544,352,Manchester,Co-op Academy Belle Vue,https://bellevue.coopacademies.co.uk/,Manchester,M12 4BA,North West,no
146227,352,Manchester,Co-op Academy Broadhurst,broadhurst.coopacademies.co.uk,Manchester,M40 0BX,North West,no
136174,352,Manchester,Co-op Academy Manchester,manchester.coopacademies.co.uk,Manchester,M9 0WQ,North West,no
150612,352,Manchester,Co-op Academy Medlock,https://www.medlock.coopacademies.co.uk/,Manchester,M13 9UJ,North West,no
139598,352,Manchester,Co-op Academy New Islington,newislington.coopacademies.co.uk,Manchester,M4 6EY,North West,no
142762,352,Manchester,Co-op Academy North Manchester,northmanchester.coopacademies.co.uk,Manchester,M9 7SS,North West,no
139730,352,Manchester,Connell Co-Op College,www.connell.ac.uk,Manchester,M11 3BS,North West,no
140661,352,Manchester,Cravenwood Primary Academy,www.cravenwoodprimary.org.uk/,Manchester,M8 5AE,North West,no
140692,352,Manchester,Cringle Brook Primary School,www.cringlebrook.manchester.sch.uk,Levenshulme,M19 2HT,North West,no
140709,352,Manchester,Crossacres Primary Academy,www.crossacresprimary.co.uk/,Manchester,M22 5AD,North West,no
149867,352,Manchester,Crosslee Community Primary School,www.crossslee.manchester.sch.uk,Manchester,M9 6TG,North West,no
105413,352,Manchester,Crowcroft Park Primary School,https://www.crowcroftpark.net,Manchester,M12 5SY,North West,no
150774,352,Manchester,Crown Street Primary School,https://www.crownstreetprimary.org.uk/,Manchester,M15 4ZB,North West,no
141884,352,Manchester,Dean Trust Ardwick,http://deantrustardwick.co.uk/,Manchester,M13 0LF,North West,no
142265,352,Manchester,Didsbury CofE Primary School,www.thrive-dce.com,Manchester,M20 6RL,North West,no
143729,352,Manchester,Didsbury High School,www.didsburyhighschool.org.uk,Manchester,M20 2ET,North West,no
148965,352,Manchester,Dixons Brooklands Academy,https://www.dixonsbk.com/,Manchester,M23 9BP,North West,no
149697,352,Manchester,Dixons Newall Green Academy,https://www.dixonsng.com/,Manchester,M23 2SX,North West,no
137689,352,Manchester,E-ACT Blackley Academy,https://blackleyacademy.e-act.org.uk,Manchester,M9 0RD,North West,no
144744,352,Manchester,"Eden Boys' Leadership Academy, Manchester",www.edenboysmanchester.com,Manchester,M8 8DT,North West,no
144745,352,Manchester,"Eden Girls' Leadership Academy, Manchester",www.edengirlsmanchester.com,Manchester,M8 8DT,North West,no
143763,352,Manchester,Gorton Primary School,,Manchester,M18 7GR,North West,no
145845,352,Manchester,Grange School,www.grange.manchester.sch.uk,Manchester,M12 4GR,North West,no
140130,352,Manchester,Green End Primary School,www.greenend.manchester.sch.uk,Manchester,M19 1DR,North West,no
139263,352,Manchester,Haveley Hey Community School,www.haveleyhey.manchester.sch.uk/,Manchester,M22 9NS,North West,no
105516,352,Manchester,Holy Name Roman Catholic Primary School Manchester,www.holyname.manchester.sch.uk,Manchester,M15 6JS,North West,no
105488,352,Manchester,Holy Trinity CofE Primary School,https://www.holytrinity.manchester.sch.uk,Manchester,M9 4DU,North West,no
105452,352,Manchester,Irk Valley Community School,https://www.irkvalley.manchester.sch.uk,Manchester,M8 5XH,North West,no
139497,352,Manchester,King David Primary School,www.kingdavidprimary.manchester.sch.uk/,Crumpsall,M8 5DJ,North West,no
140137,352,Manchester,Ladybarn Primary School,www.ladybarn.manchester.sch.uk/,Manchester,M20 4SR,North West,no
105608,352,Manchester,Lancasterian School,www.lancasterian.manchester.co.uk,Manchester,M20 2XA,North West,no
141196,352,Manchester,Levenshulme High School,http://www.levenshulmehigh.co.uk/,Manchester,M19 1FS,North West,no
149671,352,Manchester,Lily Lane Primary School,www.lilylane.manchester.sch.uk,Manchester,M40 9JP,North West,no
139790,352,Manchester,Longsight Community Primary,www.longsightcp.com,Manchester,M13 0QX,North West,no
105574,352,Manchester,Loreto High School Chorlton,http://loretochorlton.org/,Manchester,M21 7SW,North West,no
134224,352,Manchester,Manchester Academy,http://www.manchester-academy.org/,Manchester,M14 4PX,North West,no
136105,352,Manchester,Manchester Communication Academy,http://www.manchestercommunicationacademy.com/,Manchester,M40 8NT,North West,no
140482,352,Manchester,Manchester Communication Primary Academy,www.mcpacademy.co.uk/,Manchester,M9 5QN,North West,no
135874,352,Manchester,Manchester Enterprise Academy,http://www.manchesterenterpriseacademy.org.uk/,Wythenshawe,M22 9RH,North West,no
144755,352,Manchester,Manchester Enterprise Academy Central,www.meacentral.org.uk,Manchester,M14 6PL,North West,no
105602,352,Manchester,Manchester Hospital School,https://www.manchesterhospitalschool.co.uk,Manchester,M13 9WL,North West,no
136743,352,Manchester,Manchester Secondary PRU,www.mspru.manchester.sch.uk,Chorlton,M21 7JJ,North West,no
151406,352,Manchester,Meade Hill School,https://manchester-ebsd.co.uk,Manchester,M9 6GN,North West,no
138532,352,Manchester,Melland High School,www.melland.manchester.sch.uk,Gorton,M18 7DT,North West,no
148738,352,Manchester,"Mount Carmel RC Primary School, a Voluntary Academy",www.mountcarmel.manchester.sch.uk/,Manchester,M9 8BG,North West,no
142437,352,Manchester,Newall Green Primary School,www.newallgreen.manchester.sch.uk,Manchester,M23 2YH,North West,no
132905,352,Manchester,North Ridge High School,www.northridge.manchester.sch.uk,Manchester,M9 0RP,North West,no
105434,352,Manchester,Northenden Community School,https://www.northendenprimary.co.uk,Manchester,M22 4FL,North West,no
140052,352,Manchester,Oasis Academy Aspinal,www.oasisacademyaspinal.org,Manchester,M18 7NY,North West,no
139056,352,Manchester,Oasis Academy Harpur Mount,www.oasisacademyharpurmount.org/,Manchester,M9 5XR,North West,no
145622,352,Manchester,Oasis Academy Temple,www.oasistemple.org,Manchester,M8 8SA,North West,no
142501,352,Manchester,Old Hall Drive Academy,www.oldhalldrive.co.uk,Manchester,M18 7FU,North West,no
142360,352,Manchester,Old Moat Primary School,www.oldmoat.manchester.sch.uk,Manchester,M20 3FN,North West,no
150600,352,Manchester,Park View Community Primary Academy,www.parkview.manchester.sch.uk,Manchester,M40 7EJ,North West,no
143260,352,Manchester,Parrs Wood High School,https://pwhs.co.uk/,Manchester,M20 5PG,North West,no
150693,352,Manchester,Peel Hall Primary Academy,,Manchester,M22 5AU,North West,no
105470,352,Manchester,Pike Fold Primary School,https://www.pikefold.manchester.sch.uk,Manchester,M9 8QP,North West,no
142893,352,Manchester,Pioneer House High School,pioneerhousehighschool.net,Manchester,M23 0FF,North West,no
141805,352,Manchester,Piper Hill High School,,Manchester,M23 2YS,North West,no
147885,352,Manchester,Prospect House Specialist Support Primary School,,MANCHESTER,M9 8LT,North West,no
105448,352,Manchester,Rack House Primary School,www.rackhouseschool.org.uk/,Manchester,M23 0BT,North West,no
131931,352,Manchester,Ringway Primary School,www.ringway.manchester.sch.uk,Manchester,M22 0WW,North West,no
144913,352,Manchester,Rolls Crescent Primary School,www.rolls-crescent.manchester.sch.uk/,Manchester,M15 5FT,North West,no
138784,352,Manchester,Rushbrook Primary Academy,https://rpa.bright-futures.co.uk,Manchester,M18 7TN,North West,no
134479,352,Manchester,Sacred Heart RC Primary School,www.sacredheart-jun.manchester.sch.uk/,Manchester,M18 7NJ,North West,no
139456,352,Manchester,Saint Paul's Catholic High School,http://www.st-paulshigh.net/,Manchester,M23 2YS,North West,no
105548,352,Manchester,Saviour CofE Primary School,https://www.saviour.manchester.sch.uk/,Manchester,M40 7RH,North West,no
139078,352,Manchester,Seymour Road Academy,www.seymourroad.manchester.sch.uk/,Manchester,M11 4PR,North West,no
151407,352,Manchester,Southern Cross School,https://southerncross-ebsd.co.uk/,Manchester,M22 4AB,North West,no
139467,352,Manchester,Ss John Fisher and Thomas More Catholic Primary School,www.fishermoreprimary.net,Manchester,M22 9NW,North West,no
131884,352,Manchester,St Anne's RC Primary School,www.st-annes-pri.manchester.sch.uk/,Manchester,M4 7EQ,North West,no
105521,352,Manchester,St Anne's RC Primary School Crumpsall Manchester,https://www.stannescrumpsall.co.uk/,Manchester,M8 5AB,North West,no
139458,352,Manchester,St Anthony's Catholic Primary School,http://www.stanthonysrcprimaryschool.co.uk,Manchester,M22 0NT,North West,no
137866,352,Manchester,St Barnabas CofE Primary Academy,www.stbarnabas.manchester.sch.uk,Manchester,M11 2JX,North West,no
105541,352,Manchester,St Bernard's RC Primary School Manchester,https://www.st-bernards.manchester.sch.uk/,Manchester,M19 1DR,North West,no
148326,352,Manchester,"St Chad's Roman Catholic Primary School, a Voluntary Academy",st-chads.manchester.sch.uk,Manchester,M8 0SP,North West,no
105554,352,Manchester,St Clare's RC Primary School,https://www.st-clares.manchester.sch.uk/,Manchester,M9 0RR,North West,no
105527,352,Manchester,St Edmund's RC Primary School,http://www.stedmundsrcprimaryschool.co.uk,Manchester,M40 8NG,North West,no
140758,352,Manchester,St Elizabeth's Catholic Primary School,www.st-elizabeths.manchester.sch.uk/,Manchester,M22 5EU,North West,no
150650,352,Manchester,"St Francis RC Primary School, A Voluntary Academy",https://www.stfrancismanchester.com/,Manchester,M12 5LZ,North West,no
141689,352,Manchester,St James' CofE Primary School Gorton,www.stjames-gorton.manchester.sch.uk,Manchester,M18 8LW,North West,no
105546,352,Manchester,St John's RC Primary School,https://www.stjohnsrc.net,Manchester,M21 9SN,North West,no
149453,352,Manchester,"St Kentigern's RC Primary School, a Voluntary Academy",www.st-kentigerns.manchester.sch.uk/,Manchester,M14 7ED,North West,no
105493,352,Manchester,St Margaret's CofE Primary School,http://www.stmargaretsmanchester.co.uk,Manchester,M16 8FQ,North West,no
105545,352,Manchester,St Mary's CofE Primary School Moston,http://www.st-maryscofe.manchester.sch.uk/,Manchester,M40 0DF,North West,no
148389,352,Manchester,St Matthew's RC High School,www.smrchs.com,Manchester,M40 0EW,North West,no
105535,352,Manchester,St Patrick's RC Primary School,https://www.st-patricks.manchester.sch.uk/,Manchester,M4 5HF,North West,no
131880,352,Manchester,St Peter's RC High School,http://www.stpetershigh.com/,,M12 4WB,North West,no
142936,352,Manchester,St Wilfrid's CofE Aided Primary School Northenden,www.thrive-stw.com,Manchester,M22 4NR,North West,no
151028,352,Manchester,"St. Aidan's Catholic Primary School, a Voluntary Academy",www.st-aidans.co.uk/,Manchester,M23 0BW,North West,no
138785,352,Manchester,Stanley Grove Primary Academy,www.stanleygrove.manchester.sch.uk/,Longsight,M12 4NL,North West,no
135648,352,Manchester,The Divine Mercy Roman Catholic Primary School,www.thedivinemercy.manchester.sch.uk/,Manchester,M14 7SH,North West,no
144494,352,Manchester,The East Manchester Academy,http://theeastmanchesteracademy.co.uk,Manchester,M11 3DS,North West,no
137309,352,Manchester,The King David High School,http://www.kdhs.org.uk/,Manchester,M8 5DY,North West,no
150714,352,Manchester,"The Olive School, Manchester",https://www.olivemanchester.com/,Manchester,M8 0DF,North West,no
139438,352,Manchester,The Willows Primary School,www.willows.manchester.sch.uk/,Manchester,M22 1BQ,North West,no
137801,352,Manchester,Trinity CofE High School,http://www.trinityhigh.com/,Manchester,M15 6HP,North West,no
141966,352,Manchester,Unity Community Primary,www.unitycommunityprimary.com,Manchester,M7 4YE,North West,no
139445,352,Manchester,Webster Primary School,www.webster.manchester.sch.uk,Manchester,M15 6JU,North West,no
141967,352,Manchester,West Didsbury CE Primary School,www.thrive-wdce.com,Manchester,M20 4ZA,North West,no
141264,352,Manchester,Whalley Range 11-18 High School,www.wrhs1118.co.uk,Manchester,M16 8GW,North West,no
145439,352,Manchester,Wilbraham Primary School,www.wilbrahamprimary.com/,Manchester,M14 7FB,North West,no
146239,352,Manchester,Wright Robinson College,http://wrightrobinson.co.uk/,Manchester,M18 8RL,North West,no
105387,352,Manchester,Abbott Community Primary School,https://www.abbott.manchester.sch.uk/,Manchester,M40 7PR,North West,yes
105401,352,Manchester,Acacias Community Primary School,https://www.acacias.manchester.sch.uk,Manchester,M19 2WW,North West,yes
105389,352,Manchester,Alma Park Primary School,https://www.almapark.manchester.sch.uk/,Manchester,M19 2PF,North West,yes
105485,352,Manchester,Baguley Hall Primary School,https://www.baguleyhall.manchester.sch.uk/,Manchester,M23 1LB,North West,yes
105397,352,Manchester,Bowker Vale Primary School,https://www.bowkervale.manchester.sch.uk,Manchester,M8 4NB,North West,yes
131938,352,Manchester,Button Lane Primary School,www.buttonlane.manchester.sch.uk/,Manchester,M23 0ND,North West,yes
105403,352,Manchester,Cavendish Primary School,https://www.cavendish.manchester.sch.uk,Manchester,M20 1JG,North West,yes
105404,352,Manchester,Chapel Street Community Primary School,https://www.chapelstreetprimary.co.uk,Manchester,M19 3GH,North West,yes
105405,352,Manchester,Charlestown Community Primary School,https://www.charlestown.manchester.sch.uk,Manchester,M9 7BX,North West,yes
105461,352,Manchester,Cheetwood Primary School,https://www.cheetwood.manchester.sch.uk/,Manchester,M8 8EJ,North West,yes
105514,352,Manchester,Christ The King RC Primary School Manchester,https://www.christtheking.manchester.sch.uk,Manchester,M40 1LU,North West,yes
105408,352,Manchester,Claremont Primary School,https://www.claremontprimary.com,Manchester,M14 7NA,North West,yes
105547,352,Manchester,CofE School of the Resurrection,https://www.resurrection.manchester.sch.uk,Manchester,M11 3TJ,North West,yes
105385,352,Manchester,Collyhurst Nursery School,https://www.collyhurst.manchester.sch.uk,Manchester,M40 7QD,North West,yes
105465,352,Manchester,Crab Lane Primary School,https://www.crablane.manchester.sch.uk/,Manchester,M9 8NB,North West,yes
105486,352,Manchester,Crumpsall Lane Primary School,https://www.crumpsalllaneprimary.org/,Manchester,M8 5SR,North West,yes
105422,352,Manchester,Heald Place Primary School,https://www.healdplace.co.uk,Manchester,M14 7PN,North West,yes
105471,352,Manchester,Higher Openshaw Community School,https://www.higher-openshaw.manchester.sch.uk,Manchester,M11 1AJ,North West,yes
105472,352,Manchester,Manley Park Primary School,https://www.manleypark.com/,Manchester,M16 0AA,North West,yes
105384,352,Manchester,Martenscroft Nursery School & Children's Centre,https://www.martenscroftnurseryschool.co.uk,Manchester,M15 6PA,North West,yes
105426,352,Manchester,Mauldeth Road Primary School,https://mauldethprimary.co.uk,Manchester,M14 6SG,North West,yes
105427,352,Manchester,Moston Fields Primary School,https://www.mostonfieldsprimaryschool.co.uk,Manchester,M40 9GJ,North West,yes
105428,352,Manchester,Moston Lane Community Primary School,https://www.mostonlane.manchester.sch.uk,Manchester,M9 4HH,North West,yes
105432,352,Manchester,New Moston Primary School,https://www.newmoston.manchester.sch.uk,Manchester,M40 3QJ,North West,yes
131030,352,Manchester,Oswald Road Primary School,www.oswaldroad.co.uk/,Manchester,M21 9PL,North West,yes
105576,352,Manchester,Our Lady's RC High School,http://www.olhs-manchester.org.uk/,Manchester,M9 0RP,North West,yes
105543,352,Manchester,Our Lady's RC Primary School Manchester,https://www.ourladys-pri.manchester.sch.uk/,Manchester,M16 8AW,North West,yes
105443,352,Manchester,Plymouth Grove Primary School,https://www.plymouthgrove.net/,Ardwick,M13 0AQ,North West,yes
105449,352,Manchester,Ravensbury Community School,https://www.ravensbury.manchester.sch.uk,Manchester,M11 4EG,North West,yes
105616,352,Manchester,Rodney House School,https://www.rodneyhouse.manchester.sch.uk,Manchester,M12 4WF,North West,yes
105536,352,Manchester,Sacred Heart Catholic Primary School,https://www.sacredheart-baguley.manchester.sch.uk,Manchester,M23 1HP,North West,yes
105469,352,Manchester,Sandilands Primary School,https://www.sandilands.manchester.sch.uk/,Manchester,M23 9JX,North West,yes
105500,352,Manchester,St Agnes C of E Primary School,https://www.st-agnes.manchester.sch.uk,Manchester,M13 0PE,North West,yes
105520,352,Manchester,St Ambrose RC Primary School,https://www.st-ambrose.manchester.sch.uk/,Manchester,M21 7QA,North West,yes
105507,352,Manchester,St Andrew's CofE Primary School,https://www.standrewsmanchester.org.uk/,Manchester,M19 2UH,North West,yes
105490,352,Manchester,St Augustine's CofE Primary School,https://www.st-augustines.manchester.sch.uk,Manchester,M40 8PL,North West,yes
105523,352,Manchester,St Brigid's RC Primary School,https://www.st-brigids.manchester.sch.uk/,Manchester,M11 3DR,North West,yes
105524,352,Manchester,St Catherine's RC Primary School,https://www.st-catherines.manchester.sch.uk,Manchester,M20 6HS,North West,yes
105491,352,Manchester,St Chrysostom's CofE Primary School,https://www.sjcfederation.co.uk,Manchester,M13 0DX,North West,yes
105501,352,Manchester,St Clement's CofE Primary School,https://www.stclementsprimary.co.uk,Manchester,M11 1LR,North West,yes
105553,352,Manchester,St Cuthbert's RC Primary School,https://www.st-cuthberts.manchester.sch.uk,Manchester,M20 4UZ,North West,yes
105526,352,Manchester,St Dunstan's RC Primary School,https://www.stdunstansmoston.com,Manchester,M40 9HF,North West,yes
105508,352,Manchester,"St James' CofE Primary School, Birch-in-Rusholme",https://www.stjamesmanchester.co.uk/,Manchester,M14 6HW,North West,yes
105530,352,Manchester,St John Bosco RC Primary School,http://www.st-johnbosco.manchester.sch.uk/,Manchester,M9 7AT,North West,yes
105504,352,Manchester,St John's CofE Primary School,https://www.sjcfederation.co.uk,Manchester,M13 0YE,North West,yes
105550,352,Manchester,St Joseph's RC Primary School Manchester,https://www.st-josephs.manchester.sch.uk/,Manchester,M13 0BT,North West,yes
105503,352,Manchester,St Luke's CofE Primary School,https://www.st-lukes.manchester.sch.uk,Manchester,M12 4NG,North West,yes
105532,352,Manchester,St Malachy's RC Primary School,https://www.st-malachys.manchester.sch.uk/,Manchester,M40 7RG,North West,yes
105533,352,Manchester,St Margaret Mary's RC Primary School Manchester,https://www.st-margaretmarys.manchester.sch.uk/,Manchester,M40 0JE,North West,yes
105495,352,Manchester,St Mary's CofE Junior and Infant School,https://www.st-marys-mossside.manchester.sch.uk/,Manchester,M16 7AQ,North West,yes
105534,352,Manchester,St Mary's RC Primary School Manchester,https://www.stmaryslevenshulme.org.uk,Manchester,M19 2QW,North West,yes
105498,352,Manchester,St Paul's CofE Primary School,https://www.stpaulswithington.co.uk,Manchester,M20 4PG,North West,yes
105537,352,Manchester,St Peter's Catholic Primary School,https://www.stpeters-primary.co.uk,Manchester,M23 2YS,North West,yes
105509,352,Manchester,St Philip's Church of England Primary School,https://www.st-philips.manchester.sch.uk,Manchester,M15 6BT,North West,yes
105544,352,Manchester,St Richard's RC Primary School,https://www.st-richards.manchester.sch.uk/,Manchester,M12 5TL,North West,yes
105496,352,Manchester,St Wilfrid's CofE Junior and Infant School,https://www.stwilfridsceprimary.co.uk,Manchester,M40 1GB,North West,yes
105539,352,Manchester,St Wilfrid's RC Primary School,https://www.stwilfs.com,Hulme,M15 5BJ,North West,yes
105540,352,Manchester,St Willibrord's RC Primary School,https://www.st-willibrords.manchester.sch.uk,Manchester,M11 4WR,North West,yes
105581,352,Manchester,The Barlow RC High School and Specialist Science College,http://www.thebarlowrchigh.co.uk/,Manchester,M20 6BX,North West,yes
105613,352,Manchester,The Birches School,https://www.thebirchesschool.org,Manchester,M20 2XZ,North West,yes
105459,352,Manchester,Varna Community Primary School,https://www.varna.manchester.sch.uk,Manchester,M11 2LE,North West,yes
135296,352,Manchester,William Hulme's Grammar School,www.whgs-academy.org,Manchester,M16 8PR,North West,yes
