urn,district_code,district_name,school_name,website,town,postcode,region,has_email_collected
138977,358,Trafford,Acre Hall Primary School,http://www.acrehall.trafford.sch.uk,Manchester,M41 6NA,North West,no
106341,358,Trafford,Altrincham CofE (Aided) Primary School,https://www.altrinchamceprimaryschool.co.uk,Altrincham,WA14 4DS,North West,no
138614,358,Trafford,Altrincham College,http://www.altrinchamcollege.com/,Altrincham,WA15 8QW,North West,no
136458,358,Trafford,Altrincham Grammar School for Boys,www.agsb.co.uk,Altrincham,WA14 2RS,North West,no
137289,358,Trafford,Altrincham Grammar School for Girls,http://www.aggs.trafford.sch.uk/,Altrincham,WA14 2NL,North West,no
138123,358,Trafford,Ashton-on-Mersey School,aomschool.co.uk,Sale,M33 5BP,North West,no
144649,358,Trafford,Barton Clough Primary School,https://bartonclough.bright-futures.co.uk,Manchester,M32 9TG,North West,no
106376,358,Trafford,Blessed Thomas Holford Catholic College,https://www.bthcc.org.uk/,Altrincham,WA15 8HT,North West,no
145746,358,Trafford,Bollin Primary School,,Altrincham,WA14 3AH,North West,no
106289,358,Trafford,Broadheath Primary School,broadheathprimaryschool.com,Altrincham,WA14 5JQ,North West,no
138124,358,Trafford,Broadoak School,http://broadoakschool.co.uk/,Manchester,M31 4BU,North West,no
106290,358,Trafford,Broomwood Primary School,http://www.broomwoodprimary.co.uk/,Altrincham,WA15 7JU,North West,no
106295,358,Trafford,Cloverlea Primary School,https://www.cloverlea.org.uk/,Altrincham,WA15 7NQ,North West,no
106316,358,Trafford,Davyhulme Primary School,https://www.davyhulmeprimary.com/,Manchester,M41 0RX,North West,no
106394,358,Trafford,Delamere School,http://delamere.trafford.sch.uk,Manchester,M41 6AP,North West,no
131885,358,Trafford,Egerton High School,www.egertonschool.co.uk,Manchester,M41 7FZ,North West,no
138654,358,Trafford,Elmridge Primary School,www.elmridge.bright-futures.co.uk,Altrincham,WA15 0JF,North West,no
106352,358,Trafford,English Martyrs' RC Primary School,https://englishmartyrs.trafford.sch.uk,Manchester,M41 5AH,North West,no
106303,358,Trafford,Firs Primary School,https://www.firsprimary.co.uk,Sale,M33 5EL,North West,no
136965,358,Trafford,Flixton Girls School,http://www.flixtongirls.com/,Manchester,M41 5DR,North West,no
138788,358,Trafford,Forest Gate Academy,http://forestgateacademy.co.uk/,Manchester,M31 4PN,North West,no
106288,358,Trafford,Heyes Lane Primary School,https://www.heyeslane.co.uk,Altrincham,WA15 6BZ,North West,no
106345,358,Trafford,Holy Family Catholic Primary School,https://www.holyfamilysalemoor.co.uk,Sale,M33 2JA,North West,no
106322,358,Trafford,Kings Road Primary School,https://www.kingsroadschool.com,Manchester,M16 0GR,North West,no
140877,358,Trafford,Lime Tree Primary Academy,https://limetree.bright-futures.co.uk/,Sale,M33 2RP,North West,no
147372,358,Trafford,Longford Park School,http://www.longford.trafford.sch.uk,Manchester,M32 8QJ,North West,no
138464,358,Trafford,Loreto Grammar School,www.loretogrammar.co.uk,Altrincham,WA14 4AH,North West,no
106365,358,Trafford,Lostock High School,https://www.lostock.trafford.sch.uk,Manchester,M32 9PL,North West,no
142288,358,Trafford,Manor Academy Sale,manoracademysale.org,Sale,M33 5JX,North West,no
143104,358,Trafford,North Cestrian School,www.northcestrian.co.uk/start.html,Altrincham,WA14 4AJ,North West,no
140738,358,Trafford,Old Trafford Community Academy,www.oldtraffordcommunityacademy.co.uk,Manchester,M15 4FL,North West,no
151040,358,Trafford,"Our Lady of Lourdes Catholic School, a Voluntary Academy",www.ourladyoflourdes-primary.trafford.sch.uk,Manchester,M31 4PJ,North West,no
151364,358,Trafford,"Our Lady of the Rosary RC Primary School, a Voluntary Academy",www.ourladyrosary.co.uk/,Manchester,M41 7DS,North West,no
136376,358,Trafford,Park Road Academy Primary School,www.parkroadacademy.co.uk/,Altrincham,WA14 5AP,North West,no
140142,358,Trafford,Park Road Sale Primary School,www.parkroadsale.trafford.sch.uk,Sale,M33 6HR,North West,no
143380,358,Trafford,Partington Central Academy,http://partingtoncentralacademy.co.uk/,Manchester,M31 4FL,North West,no
142289,358,Trafford,Pictor Academy,,Timperley,WA15 6PH,North West,no
138134,358,Trafford,Saint Ambrose College,www.st-ambrosecollege.org.uk,Altrincham,WA15 0HE,North West,no
136498,358,Trafford,Sale Grammar School,http://www.salegrammar.co.uk/,Sale,M33 3NH,North West,no
106298,358,Trafford,Springfield Primary School,https://www.springfieldprimarysale.co.uk/,Sale,M33 7XS,North West,no
106360,358,Trafford,St Alphonsus RC Primary School,http://www.stalphonsus-trafford.co.uk,Manchester,M16 7PT,North West,no
133284,358,Trafford,St Ann's RC Primary School,www.stannsrcprimary.co.uk/,Manchester,M32 8SH,North West,no
148026,358,Trafford,"St Antony's Roman Catholic School, a Voluntary Academy",https://st-antonys.com/,Manchester,M41 9PD,North West,no
147552,358,Trafford,St Hilda's CofE Primary School,www.sthildasprimary.co.uk,Manchester,M16 0SH,North West,no
106353,358,Trafford,St Hugh of Lincoln RC Primary School,https://www.st-hughlincoln.trafford.sch.uk/,Stretford,M32 9PD,North West,no
106340,358,Trafford,St Hugh's Catholic Primary School,https://www.sthughstimperley.org,Altrincham,WA15 6TQ,North West,no
149875,358,Trafford,"St Joseph's Catholic Primary School, a Voluntary Academy",www.stjosephstrafford.co.uk,Sale,M33 3AF,North West,no
106349,358,Trafford,St Mary's CofE Primary School,https://www.stmarysprimarydavyhulme.co.uk/,Manchester,M41 5TJ,North West,no
106356,358,Trafford,St Monica's RC Primary School,https://www.stmonicasschoolflixton.org.uk/,Manchester,M41 6QB,North West,no
136087,358,Trafford,St Vincent's Catholic Primary School,www.stvincents.trafford.sch.uk/,Altrincham,WA15 8EY,North West,no
142782,358,Trafford,The Orchards,https://theorchards.bright-futures.co.uk/,Stretford,M32 9TG,North West,no
145485,358,Trafford,Tyntesfield Primary School,www.tyntesfieldschool.co.uk/,Sale,M33 4HE,North West,no
136297,358,Trafford,Urmston Grammar Academy,http://www.urmstongrammar.org.uk/,Manchester,M41 5UG,North West,no
106315,358,Trafford,Urmston Primary School,https://www.urmstonprimary.com,Manchester,M41 5AH,North West,no
106328,358,Trafford,Victoria Park Infant School,https://www.victoriaparkinfant.org,Manchester,M32 8BU,North West,no
106327,358,Trafford,Victoria Park Junior School,https://www.victoriaparkschool.co.uk,Manchester,M32 0XZ,North West,no
106293,358,Trafford,Well Green Primary School,http://www.wellgreenprimary.co.uk,Altrincham,WA15 8QA,North West,no
136378,358,Trafford,Wellacre Technology Academy,http://www.wellacre.org/,Manchester,M41 6AP,North West,no
106313,358,Trafford,Wellfield Infant and Nursery School,http://www.wellfieldinfants.com,Sale,M33 5QW,North West,no
106304,358,Trafford,Wellfield Junior School,www.wellfieldjunior.co.uk/,Sale,M33 5QX,North West,no
136377,358,Trafford,Wellington School,https://www.wellington-school.co.uk/,Altrincham,WA15 7RH,North West,no
106299,358,Trafford,Woodheys Primary School,https://www.woodheysprimaryschool.co.uk,Sale,M33 4PG,North West,no
106332,358,Trafford,Woodhouse Primary School,https://www.woodhouseprimaryschool.co.uk,Manchester,M41 7WW,North West,no
106300,358,Trafford,Worthington Primary School,https://www.worthington-primary.trafford.sch.uk/,Sale,M33 2JJ,North West,no
106347,358,Trafford,All Saints' Catholic Primary School,https://www.allsaints.trafford.sch.uk,Sale,M33 5NW,North West,yes
106338,358,Trafford,Bowdon CofE Primary School,https://www.bowdoncs.org.uk/,Altrincham,WA14 3EX,North West,yes
106391,358,Trafford,Brentwood School,https://www.brentwoodschoolandcollege.co.uk/,Sale,M33 4GY,North West,yes
106301,358,Trafford,Brooklands Primary School,https://www.brooklands.trafford.sch.uk/,Sale,M33 3SY,North West,yes
106318,358,Trafford,Flixton Primary School,https://www.flixtonprimaryschool.org.uk,Manchester,M41 5QL,North West,yes
106321,358,Trafford,Gorse Hill Primary School,https://www.gorsehill.trafford.sch.uk/,Manchester,M32 0PF,North West,yes
106329,358,Trafford,Highfield Primary School,https://www.highfield-primary.trafford.sch.uk,Manchester,M41 9PA,North West,yes
106334,358,Trafford,Kingsway Primary School,https://www.kingswayprimary.co.uk,Manchester,M41 0SP,North West,yes
106308,358,Trafford,Moorlands Junior School,https://www.moorlandsjuniorschool.com,Sale,M33 2LP,North West,yes
106323,358,Trafford,Moss Park Primary School,https://www.mossparkprimary.co.uk,Manchester,M32 9HR,North West,yes
106283,358,Trafford,Navigation Primary School,https://www.navigationprimary.com,Altrincham,WA14 1NG,North West,yes
106284,358,Trafford,Oldfield Brow Primary School,https://www.oldfield-brow.com,Altrincham,WA14 4LE,North West,yes
106375,358,Trafford,Sale High School,http://salehighschool.org.uk/,Sale,M33 3JR,North West,yes
106325,358,Trafford,Seymour Park Community Primary School,http://www.seymourpark.com,Manchester,M16 9QE,North West,yes
106343,358,Trafford,St Anne's CofE Primary School,https://www.st-annes.trafford.sch.uk/,Sale,M33 3ES,North West,yes
106359,358,Trafford,St Margaret Ward Catholic Primary School,https://www.smwprimary.net,Sale,M33 4GY,North West,yes
106344,358,Trafford,St Mary's CofE Primary School,https://www.st-marys.trafford.sch.uk/,Sale,M33 6SA,North West,yes
106337,358,Trafford,St Matthew's CofE Primary School,https://www.stmatthews.trafford.sch.uk/,Manchester,M32 9AN,North West,yes
106350,358,Trafford,St Michael's CofE (Aided) Primary School,https://www.smpsflixton.co.uk,Manchester,M41 6JB,North West,yes
106355,358,Trafford,St Teresa's RC Primary School,http://www.saintteresas.com/,Manchester,M16 0GQ,North West,yes
106285,358,Trafford,Stamford Park Primary School,https://www.spprimary.org.uk,Altrincham,WA15 9JB,North West,yes
106368,358,Trafford,Stretford Grammar School,https://www.stretfordgrammar.com,Manchester,M32 8JB,North West,yes
106370,358,Trafford,Stretford High School,http://stretfordhigh.com/,Manchester,M32 0XA,North West,yes
106312,358,Trafford,Templemoor Infant and Nursery School,https://templemoorinfants.co.uk,Sale,M33 2EG,North West,yes
131134,358,Trafford,Trafford Alternative Education Provision,https://traffordalternativeeducation.com,Altrincham,WA14 1SR,North West,yes
106294,358,Trafford,Willows Primary School,https://www.willowstimperley.co.uk,Altrincham,WA15 6PP,North West,yes
