urn,district_code,district_name,school_name,website,town,postcode,region,has_email_collected
151409,373,Sheffield,Abbey Lane Primary School,www.abbeylaneprimaryschool.com,Sheffield,S8 0BN,Yorkshire and the Humber,no
143052,373,Sheffield,Abbeyfield Primary Academy,https://abbeyfieldprimaryacademy.co.uk/,Sheffield,S3 9AN,Yorkshire and the Humber,no
143546,373,Sheffield,Acres Hill Community Primary School,https://www.acreshillschool.co.uk/,Sheffield,S9 4GQ,Yorkshire and the Humber,no
138337,373,Sheffield,All Saints' Catholic High School,http://www.allsaints.sheffield.sch.uk/,Sheffield,S2 2RJ,Yorkshire and the Humber,no
107085,373,Sheffield,Angram Bank Primary School,https://www.angrambankprimary.co.uk/,Sheffield,S35 4HN,Yorkshire and the Humber,no
150047,373,Sheffield,Anns Grove Primary School,www.annsgrove.co.uk,Sheffield,S2 3DJ,Yorkshire and the Humber,no
133994,373,Sheffield,Arbourthorne Community Primary School,www.arbourthorneprimary.co.uk/,Sheffield,S2 2GQ,Yorkshire and the Humber,no
107177,373,Sheffield,Archdale School,https://www.archdale.sheffield.sch.uk/,Sheffield,S2 1PL,Yorkshire and the Humber,no
145864,373,Sheffield,Astrea Academy Sheffield,www.astreasheffield.org,Sheffield,S3 9BE,Yorkshire and the Humber,no
149575,373,Sheffield,Bankwood Primary School,www.bankwoodprimary.co.uk,Sheffield,S14 1LW,Yorkshire and the Humber,no
142542,373,Sheffield,Beck Primary School,www.beckprimary.co.uk,Sheffield,S5 0GG,Yorkshire and the Humber,no
147136,373,Sheffield,Becton School,https://www.becton.sheffield.sch.uk,Sheffield,S20 1NZ,Yorkshire and the Humber,no
107036,373,Sheffield,Beighton Nursery Infant School,https://www.beighton.sheffield.sch.uk/,Sheffield,S20 1EG,Yorkshire and the Humber,no
143964,373,Sheffield,Birley Primary Academy,http://birleyprimaryacademy.co.uk/,Sheffield,S12 3AB,Yorkshire and the Humber,no
143965,373,Sheffield,Birley Spa Primary Academy,www.birleyspaacademy.co.uk,Sheffield,S12 4QE,Yorkshire and the Humber,no
146488,373,Sheffield,Bradfield Dungworth Primary School,www.bradfielddungworth.co.uk,Sheffield,S6 6HE,Yorkshire and the Humber,no
147788,373,Sheffield,Bradfield School,www.bradfield.sheffield.sch.uk,Sheffield,S35 0AE,Yorkshire and the Humber,no
107033,373,Sheffield,Bradway Primary School,https://www.bradwayprimary.co.uk,Sheffield,S17 4PD,Yorkshire and the Humber,no
106987,373,Sheffield,Brightside Nursery Infant School,https://www.brightsideni.org.uk,Sheffield,S9 1AS,Yorkshire and the Humber,no
148100,373,Sheffield,Brook House Junior,https://www.brookhouse.sheffield.sch.uk,Sheffield,S20 1EG,Yorkshire and the Humber,no
106973,373,Sheffield,Broomhall Nursery School,https://www.broomhallnursery.org.uk,Sheffield,S10 2DN,Yorkshire and the Humber,no
143061,373,Sheffield,Byron Wood Primary Academy,www.astreabyronwood.org,Sheffield,S4 7EJ,Yorkshire and the Humber,no
106988,373,Sheffield,Carter Knowle Junior School,https://www.carterknowle.sheffield.sch.uk/,Sheffield,S7 2DY,Yorkshire and the Humber,no
140940,373,Sheffield,Chapeltown Academy,www.chapeltownacademy.com,Sheffield,S35 9ZX,Yorkshire and the Humber,no
143970,373,Sheffield,Charnock Hall Primary Academy,http://www.charnockhallacademy.co.uk/,Sheffield,S12 3HS,Yorkshire and the Humber,no
138414,373,Sheffield,Chaucer School,http://www.chaucer.sheffield.sch.uk,Sheffield,S5 8NH,Yorkshire and the Humber,no
150370,373,Sheffield,Clifford All Saints CofE Primary School,https://www.cliffordallsaints.co.uk/,Sheffield,S11 7PQ,Yorkshire and the Humber,no
140609,373,Sheffield,Concord Junior Academy,www.concordschool.net,Sheffield,S9 1NR,Yorkshire and the Humber,no
149087,373,Sheffield,Discovery Academy,https://www.discoverysheffield.org/,Sheffield,S2 3QF,Yorkshire and the Humber,no
107035,373,Sheffield,Dobcroft Junior School,https://www.dobcroft-jun.sheffield.sch.uk,Sheffield,S7 2LN,Yorkshire and the Humber,no
151410,373,Sheffield,Dobcroft Nursery Infant School,www.dobcroft-inf.sheffield.sch.uk/,Sheffield,S7 2LN,Yorkshire and the Humber,no
139932,373,Sheffield,E-ACT Pathways Academy,https://pathwaysacademy.e-act.org.uk/,Sheffield,S5 7NA,Yorkshire and the Humber,no
107025,373,Sheffield,Ecclesall Primary School,https://www.ecclesallprimary.co.uk,Sheffield,S11 7LG,Yorkshire and the Humber,no
107001,373,Sheffield,Ecclesfield Primary School,https://www.ecclesfieldprimary.co.uk/,Sheffield,S35 9UD,Yorkshire and the Humber,no
145191,373,Sheffield,Ecclesfield School,www.ecclesfield-school.com,Sheffield,S35 9WD,Yorkshire and the Humber,no
140546,373,Sheffield,Emmanuel Anglican/Methodist Junior School,www.emmanuel.sheffield.sch.uk/,Sheffield,S20 7JU,Yorkshire and the Humber,no
140826,373,Sheffield,Emmaus Catholic and CofE Primary School,www.emmaus.sheffield.sch.uk/,Sheffield,S2 5FT,Yorkshire and the Humber,no
138925,373,Sheffield,Fir Vale School,http://firvale.com/,Sheffield,S4 8GB,Yorkshire and the Humber,no
139334,373,Sheffield,Firth Park Academy,www.firthparkacademy.org,Sheffield,S5 0SD,Yorkshire and the Humber,no
140547,373,Sheffield,Forge Valley School,https://www.forgevalley.school/,Sheffield,S6 5HG,Yorkshire and the Humber,no
139134,373,Sheffield,Fox Hill Primary,www.foxhill.sheffield.sch.uk,Sheffield,S6 1AZ,Yorkshire and the Humber,no
150172,373,Sheffield,Gleadless Primary School,http://www.gleadless.sheffield.sch.uk,Sheffield,S12 2EJ,Yorkshire and the Humber,no
106975,373,Sheffield,Grace Owen Nursery School,https://www.graceowennursery.co.uk,Sheffield,S2 5QD,Yorkshire and the Humber,no
139297,373,Sheffield,Greengate Lane Academy,www.astreagreengatelane.org,Sheffield,S35 3GT,Yorkshire and the Humber,no
145374,373,Sheffield,Greenhill Primary School,www.greenhillprimary.org.uk/,Sheffield,S8 7RA,Yorkshire and the Humber,no
150086,373,Sheffield,Grenoside Community Primary School,www.grenoside.sheffield.sch.uk,Sheffield,S35 8QB,Yorkshire and the Humber,no
107046,373,Sheffield,Halfway Junior School,https://www.halfwayjuniorschool.org/,Sheffield,S20 4TA,Yorkshire and the Humber,no
107038,373,Sheffield,Halfway Nursery Infant School,https://www.halfwaynurseryinfantschool.org,Sheffield,S20 3GU,Yorkshire and the Humber,no
142311,373,Sheffield,Hallam Primary School,www.hallamprimaryschool.co.uk,Sheffield,S10 4BD,Yorkshire and the Humber,no
141495,373,Sheffield,Handsworth Grange Community Sports College,www.hgcsc.co.uk,Sheffield,S13 9HJ,Yorkshire and the Humber,no
144482,373,Sheffield,Hartley Brook Primary School,https://www.astreahartleybrook.org/,Sheffield,S5 0JF,Yorkshire and the Humber,no
144481,373,Sheffield,Hatfield Academy,www.astreahatfield.org,Sheffield,S5 6HY,Yorkshire and the Humber,no
107052,373,Sheffield,High Green Primary School,https://www.highgreenprimary.co.uk/,Sheffield,S35 4LU,Yorkshire and the Humber,no
141404,373,Sheffield,High Hazels Junior School,www.highhazelsacademy.org.uk/,Sheffield,S9 4RP,Yorkshire and the Humber,no
141403,373,Sheffield,High Hazels Nursery Infant Academy,www.highhazelsacademy.org.uk,Sheffield,S9 4RP,Yorkshire and the Humber,no
145455,373,Sheffield,High Storrs School,http://www.highstorrs.co.uk/,Sheffield,S11 7LH,Yorkshire and the Humber,no
140310,373,Sheffield,Hillsborough Primary School,https://www.hillsborough.sheffield.sch.uk/,Sheffield,S6 2AA,Yorkshire and the Humber,no
139856,373,Sheffield,Hinde House 2-16 Academy,www.hindehouse.net,Sheffield,S5 6AG,Yorkshire and the Humber,no
107026,373,Sheffield,Holt House Infant School,https://www.holthouse.sheffield.sch.uk/,Sheffield,S7 2EW,Yorkshire and the Humber,no
142663,373,Sheffield,Hucklow Primary School,www.hucklowprimary.co.uk,Sheffield,S5 6TB,Yorkshire and the Humber,no
106995,373,Sheffield,Hunter's Bar Infant School,https://www.huntersbarinfantschool.co.uk,Sheffield,S11 8ZG,Yorkshire and the Humber,no
106994,373,Sheffield,Hunter's Bar Junior School,https://www.huntersbarjunior.co.uk,Sheffield,S11 8ZG,Yorkshire and the Humber,no
106996,373,Sheffield,Intake Primary School,https://www.intakeprimary.org.uk/,Sheffield,S12 2AR,Yorkshire and the Humber,no
149427,373,Sheffield,Kenwood Academy,https://www.kenwoodacademy.co.uk,Sheffield,S7 1HQ,Yorkshire and the Humber,no
138841,373,Sheffield,King Ecgbert School,http://www.ecgbert.sheffield.sch.uk/,Sheffield,S17 3QU,Yorkshire and the Humber,no
107140,373,Sheffield,King Edward VII School,http://www.kes.sheffield.sch.uk/,Sheffield,S10 2PW,Yorkshire and the Humber,no
107040,373,Sheffield,Limpsfield Junior School,www.limpsfield.ik.org/,Sheffield,S9 1AN,Yorkshire and the Humber,no
144886,373,Sheffield,Longley Park Sixth Form Academy,www.longleypark.ac.uk,Sheffield,S5 6SG,Yorkshire and the Humber,no
150029,373,Sheffield,Lotus Academy,,Sheffield,S5 7WE,Yorkshire and the Humber,no
139862,373,Sheffield,Lound Infant School,www.loundacademy.co.uk,Sheffield,S35 2EU,Yorkshire and the Humber,no
139863,373,Sheffield,Lound Junior School,http://www.loundacademy.co.uk/,Sheffield,S35 2UT,Yorkshire and the Humber,no
141102,373,Sheffield,Lowedges Junior Academy,www.lowedgesacademy.org/,Sheffield,S8 7JG,Yorkshire and the Humber,no
142937,373,Sheffield,Lower Meadow Primary School,www.astrealowermeadow.org,Sheffield,S8 8EE,Yorkshire and the Humber,no
106997,373,Sheffield,Lowfield Community Primary School,https://www.lowfield-primary-school.com/,Sheffield,S2 4NJ,Yorkshire and the Humber,no
146405,373,Sheffield,Loxley Primary School,www.loxleyprimaryschool.com,Sheffield,S6 6SG,Yorkshire and the Humber,no
106999,373,Sheffield,Lydgate Infant School,https://www.lydgateinfant.co.uk,Sheffield,S10 5FQ,Yorkshire and the Humber,no
106998,373,Sheffield,Lydgate Junior School,https://www.lydgatejunior.co.uk,Sheffield,S10 5DP,Yorkshire and the Humber,no
148868,373,Sheffield,Malin Bridge Primary School,www.malinbridgeprimary.co.uk,Sheffield,S6 4RH,Yorkshire and the Humber,no
143799,373,Sheffield,Manor Lodge Community Primary and Nursery School,manorlodge.school,Sheffield,S2 1UF,Yorkshire and the Humber,no
139137,373,Sheffield,Mansel Primary,www.mansel.sheffield.sch.uk/,Sheffield,S5 9QN,Yorkshire and the Humber,no
107000,373,Sheffield,Marlcliffe Community Primary School,https://www.marlcliffe.sheffield.sch.uk,Sheffield,S6 4AJ,Yorkshire and the Humber,no
138545,373,Sheffield,Meadowhead School Academy Trust,https://www.meadowhead.sheffield.sch.uk/,Sheffield,S8 8BR,Yorkshire and the Humber,no
107002,373,Sheffield,Meersbrook Bank Primary School,https://meersbrookbank.sheffield.sch.uk/pupils.html,Sheffield,S8 9EH,Yorkshire and the Humber,no
145897,373,Sheffield,Mercia School,www.merciaschool.com,Sheffield,S7 2DY,Yorkshire and the Humber,no
139336,373,Sheffield,Meynell Community Primary School,www.meynell.sheffield.sch.uk,Sheffield,S5 8GN,Yorkshire and the Humber,no
139544,373,Sheffield,Monteney Primary School,https://www.monteney.sheffield.sch.uk/,Sheffield,S5 9DN,Yorkshire and the Humber,no
107039,373,Sheffield,Mosborough Primary School,http://www.mosboroughprimary.co.uk,Sheffield,S20 5ES,Yorkshire and the Humber,no
107006,373,Sheffield,Mundella Primary School,https://www.mundella.sheffield.sch.uk,Sheffield,S8 8SJ,Yorkshire and the Humber,no
142274,373,Sheffield,Nether Edge Primary School,http://www.netheredge.sheffield.sch.uk/,Sheffield,S7 1RB,Yorkshire and the Humber,no
107029,373,Sheffield,Nether Green Infant School,https://www.nethergreeninfantschool.co.uk/,Sheffield,S10 3QP,Yorkshire and the Humber,no
107004,373,Sheffield,Nether Green Junior School,https://www.nethergreenjuniorschool.co.uk,Sheffield,S10 3QA,Yorkshire and the Humber,no
140821,373,Sheffield,Newfield Secondary School,http://www.newfield.sheffield.sch.uk/,Sheffield,S8 9JP,Yorkshire and the Humber,no
146012,373,Sheffield,Nook Lane Junior School,www.nooklanejunior.co.uk,Sheffield,S6 6BN,Yorkshire and the Humber,no
145413,373,Sheffield,Norfolk Community Primary School,www.norfolkcommunityprimary.school,Sheffield,S2 2PJ,Yorkshire and the Humber,no
138361,373,Sheffield,Notre Dame High School,http://www.notredame-high.org.uk/,Sheffield,S10 3BT,Yorkshire and the Humber,no
140394,373,Sheffield,Oasis Academy Don Valley,,Sheffield,S9 3TY,Yorkshire and the Humber,no
140218,373,Sheffield,Oasis Academy Fir Vale,www.oasisacademyfirvale.org,Sheffield,S4 8GA,Yorkshire and the Humber,no
140219,373,Sheffield,Oasis Academy Watermead,www.oasisacademywatermead.org,Sheffield,S5 8RJ,Yorkshire and the Humber,no
145832,373,Sheffield,Oughtibridge Primary School,www.oughtibridgeschool.co.uk/,Sheffield,S35 0HG,Yorkshire and the Humber,no
140415,373,Sheffield,Outwood Academy City,www.city.outwood.com,Sheffield,S13 8SS,Yorkshire and the Humber,no
147622,373,Sheffield,Owler Brook Primary School,www.owlerbrookprimary.co.uk,Sheffield,S4 8HQ,Yorkshire and the Humber,no
143798,373,Sheffield,Phillimore Community Primary School,phillimoreprimary.school,Sheffield,S9 5EF,Yorkshire and the Humber,no
134751,373,Sheffield,Pipworth Community Primary School,www.pipworthprimary.co.uk/,Sheffield,S2 1AA,Yorkshire and the Humber,no
139986,373,Sheffield,Porter Croft Church of England Primary Academy,http://www.portercroft.org,Sheffield,S11 8JN,Yorkshire and the Humber,no
107090,373,Sheffield,Prince Edward Primary School,https://www.princeedward.org.uk,Sheffield,S2 1EE,Yorkshire and the Humber,no
146841,373,Sheffield,Pye Bank CofE Primary School,www.pyebank.sheffield.sch.uk,Sheffield,S3 9EF,Yorkshire and the Humber,no
143997,373,Sheffield,Rainbow Forge Primary Academy,www.rainbowforgeacademy.co.uk,Sheffield,S12 4LQ,Yorkshire and the Humber,no
107077,373,Sheffield,Reignhead Primary School,https://www.reignhead.sheffield.sch.uk,Sheffield,S20 1FD,Yorkshire and the Humber,no
140439,373,Sheffield,"Sacred Heart School, A Catholic Voluntary Academy",www.sacredheart.sheffield.sch.uk,Sheffield,S6 2NU,Yorkshire and the Humber,no
135287,373,Sheffield,Seven Hills School,http://www.sevenhillslearning.co.uk,Sheffield,S2 2RJ,Yorkshire and the Humber,no
134302,373,Sheffield,"Sharrow Nursery, Infant and Junior School",www.sharrow.sheffield.sch.uk/,Sheffield,S7 1BE,Yorkshire and the Humber,no
137596,373,Sheffield,Sheffield Inclusion Centre,www.inclusion.sheffield.sch.uk,Sheffield,S2 2JQ,Yorkshire and the Humber,no
107102,373,Sheffield,Shortbrook Primary School,https://www.shortbrookprimaryschool.org,Sheffield,S20 8FB,Yorkshire and the Humber,no
139167,373,Sheffield,Silverdale School,https://www.silverdale.chorustrust.org/,Sheffield,S11 9QH,Yorkshire and the Humber,no
139133,373,Sheffield,Southey Green Primary School and Nurseries,www.southeygreen.org,Sheffield,S5 7QG,Yorkshire and the Humber,no
140441,373,Sheffield,"St Ann's Catholic Primary School, A Voluntary Academy",www.st-anns.sheffield.sch.uk,Sheffield,S36 1DG,Yorkshire and the Humber,no
140588,373,Sheffield,St Catherine's Catholic Primary School (Hallam),http://www.stcatherines.academy,Sheffield,S4 7BX,Yorkshire and the Humber,no
140025,373,Sheffield,"St John Fisher Primary, A Catholic Voluntary Academy",www.st-johnfisher.org,Sheffield,S12 4HJ,Yorkshire and the Humber,no
139346,373,Sheffield,St Joseph's Primary School,www.st-josephs.sheffield.sch.uk/,Sheffield,S13 9AT,Yorkshire and the Humber,no
138848,373,Sheffield,"St Marie's School, A Catholic Voluntary Academy",www.st-maries.sheffield.sch.uk/,Sheffield,S10 3DQ,Yorkshire and the Humber,no
140341,373,Sheffield,St Mary's Church of England Primary School,www.st-marys.sheffield.sch.uk/,Sheffield,S6 2WJ,Yorkshire and the Humber,no
140440,373,Sheffield,"St Mary's Primary School, A Catholic Voluntary Academy",www.st-marysgreen.sheffield.sch.uk/,Sheffield,S35 3HY,Yorkshire and the Humber,no
139347,373,Sheffield,St Patrick's Catholic Voluntary Academy,http://www.st-patricks.sheffield.sch.uk/,Sheffield,S5 0QF,Yorkshire and the Humber,no
107158,373,Sheffield,St Theresa's Catholic Primary School,https://www.st-theresas-sheffield.co.uk/,Sheffield,S2 1EY,Yorkshire and the Humber,no
142600,373,Sheffield,"St Thomas More Catholic Primary, A Voluntary Academy",http://st-thomasmoresheffield.co.uk,Sheffield,S35 8NN,Yorkshire and the Humber,no
138828,373,Sheffield,"St Thomas of Canterbury School, a Catholic Voluntary Academy",www.st-tc.co.uk,Sheffield,S8 7TR,Yorkshire and the Humber,no
138830,373,Sheffield,St Wilfrid's Catholic Primary School,www.stwilfridssheffield.co.uk/,Sheffield,S7 2HE,Yorkshire and the Humber,no
146510,373,Sheffield,Stannington Infant School,www.stanningtoninfants.co.uk/,Sheffield,S6 6AN,Yorkshire and the Humber,no
145274,373,Sheffield,Stocksbridge High School,http://www.stocksbridgehigh.co.uk,Sheffield,S36 1FD,Yorkshire and the Humber,no
150245,373,Sheffield,Stocksbridge Junior School,www.stocksbridge-jun.sheffield.sch.uk/,Sheffield,S36 1AS,Yorkshire and the Humber,no
149119,373,Sheffield,Stocksbridge Nursery Infant School,https://www.stocksbridgenurseryinfants.co.uk/,Sheffield,S36 1EJ,Yorkshire and the Humber,no
107093,373,Sheffield,Stradbroke Primary School,https://www.stradbrokeprimary.uk/,Sheffield,S13 8LT,Yorkshire and the Humber,no
138069,373,Sheffield,Tapton School,http://www.taptonschool.co.uk/,Sheffield,S10 5RG,Yorkshire and the Humber,no
143963,373,Sheffield,The Birley Academy,http://www.birleysecondaryacademy.co.uk,Sheffield,S12 3BP,Yorkshire and the Humber,no
107171,373,Sheffield,The Rowan School,https://www.rowanschool.co.uk,Sheffield,S17 3PT,Yorkshire and the Humber,no
142749,373,Sheffield,Tinsley Meadows Primary School,www.tinsleymeadows.co.uk/,Sheffield,S9 1SG,Yorkshire and the Humber,no
147481,373,Sheffield,Totley All Saints Church of England Voluntary Aided Primary School,www.totleyallsaints.sheffield.sch.uk/,Sheffield,S17 4AP,Yorkshire and the Humber,no
140596,373,Sheffield,Totley Primary School,www.totley.sheffield.sch.uk/,Sheffield,S17 4FB,Yorkshire and the Humber,no
139695,373,Sheffield,UTC Sheffield City Centre,http://www.utcsheffield.org.uk/,Sheffield,S1 4QF,Yorkshire and the Humber,no
142605,373,Sheffield,UTC Sheffield Olympic Legacy Park,www.utcsheffield.org.uk,Sheffield,S9 3TU,Yorkshire and the Humber,no
107094,373,Sheffield,Walkley Primary School,https://www.walkley.sheffield.sch.uk,Sheffield,S6 2RZ,Yorkshire and the Humber,no
145562,373,Sheffield,Westfield School,www.westfield-chorustrust.org,Sheffield,S20 1HQ,Yorkshire and the Humber,no
146498,373,Sheffield,Wharncliffe Side Primary School,www.wharncliffeside.org.uk,Sheffield,S35 0DD,Yorkshire and the Humber,no
147621,373,Sheffield,Whiteways Primary School,www.whitewaysprimary.co.uk,Sheffield,S4 8EX,Yorkshire and the Humber,no
151377,373,Sheffield,Willow Park School,,Sheffield,S2 2RU,Yorkshire and the Humber,no
140610,373,Sheffield,Wincobank Nursery and Infant Academy,www.wincobankschool.net,Sheffield,S9 1LU,Yorkshire and the Humber,no
145373,373,Sheffield,Windmill Hill Primary School,http://windmillhill.sheffield.sch.uk/,Sheffield,S35 1ZD,Yorkshire and the Humber,no
142074,373,Sheffield,Wisewood Community Primary School,www.wisewoodprimary.co.uk,Sheffield,S6 4SD,Yorkshire and the Humber,no
147921,373,Sheffield,Woodhouse West Primary School,http://www.woodhousewest.org.uk,Sheffield,S13 7BP,Yorkshire and the Humber,no
141339,373,Sheffield,Woodlands Primary School,www.woodlands.sheffield.sch.uk/,Sheffield,S14 1SL,Yorkshire and the Humber,no
147375,373,Sheffield,Woodseats Primary School,www.woodseatsprimaryschool.org.uk/,Sheffield,S8 0SB,Yorkshire and the Humber,no
148690,373,Sheffield,Woodthorpe Primary School,www.woodthorpeprimary.co.uk/,Sheffield,S13 8DA,Yorkshire and the Humber,no
107180,373,Sheffield,Woolley Wood School,https://www.woolleywood.sheffield.sch.uk,Sheffield,S5 9QN,Yorkshire and the Humber,no
143620,373,Sheffield,Wybourn Community Primary & Nursery School,www.wybournlearning.com,Sheffield,S2 5ED,Yorkshire and the Humber,no
145943,373,Sheffield,Yewlands Academy,yewlandsacademy.org,Sheffield,S35 8NN,Yorkshire and the Humber,no
107083,373,Sheffield,Athelstan Primary School,https://www.athelstanprimaryschool.co.uk,Sheffield,S13 8HH,Yorkshire and the Humber,yes
107047,373,Sheffield,Ballifield Primary School,https://www.ballifield.co.uk,Sheffield,S13 9HH,Yorkshire and the Humber,yes
107169,373,Sheffield,Bents Green School,http://www.bentsgreenschool.co.uk,Sheffield,S11 7TB,Yorkshire and the Humber,yes
107154,373,Sheffield,Broomhill Infant School,https://www.broomhill.sheffield.sch.uk/,Sheffield,S10 2SA,Yorkshire and the Humber,yes
107069,373,Sheffield,Brunswick Community Primary School,https://www.brunswickprimaryschool.co.uk/,Sheffield,S13 7RB,Yorkshire and the Humber,yes
107087,373,Sheffield,Carfield Primary School,https://www.carfieldprimary.co.uk/,Sheffield,S8 9HJ,Yorkshire and the Humber,yes
107060,373,Sheffield,Coit Primary School,https://www.coitprimary.co.uk/,Sheffield,S35 1WH,Yorkshire and the Humber,yes
107117,373,Sheffield,Deepcar St John's Church of England Junior School,http://www.deepcar-st-johns.sheffield.sch.uk/,Sheffield,S36 2TE,Yorkshire and the Humber,yes
132152,373,Sheffield,Dore Primary School,www.doreprimaryschool.co.uk,Sheffield,S17 3QP,Yorkshire and the Humber,yes
135934,373,Sheffield,E-Act Parkwood Academy,https://parkwoodacademy.e-act.org.uk/,Sheffield,S5 8UL,Yorkshire and the Humber,yes
107098,373,Sheffield,Greystones Primary School,https://www.greystonesprimary.com,Sheffield,S11 7GL,Yorkshire and the Humber,yes
107182,373,Sheffield,Mossbrook School,https://www.mossbrook.sheffield.sch.uk,Sheffield,S8 8JR,Yorkshire and the Humber,yes
107043,373,Sheffield,Netherthorpe Primary School,https://www.netherthorpe.sheffield.sch.uk/,Sheffield,S3 7JA,Yorkshire and the Humber,yes
107106,373,Sheffield,Norton Free Church of England Primary School,https://www.nortonfree.org.uk,Sheffield,S8 8JS,Yorkshire and the Humber,yes
107107,373,Sheffield,Parson Cross Church of England Primary School,https://www.parsoncross.sheffield.sch.uk/,Sheffield,S6 1LB,Yorkshire and the Humber,yes
107081,373,Sheffield,Rivelin Primary School,https://www.rivelinprimary.co.uk/,Sheffield,S6 2PL,Yorkshire and the Humber,yes
107057,373,Sheffield,Royd Nursery and Infant School,https://www.roydnurseryinfants.co.uk,Sheffield,S36 2PR,Yorkshire and the Humber,yes
131895,373,Sheffield,Sheffield Park Academy,http://www.sheffieldpark-academy.org/,Sheffield,S2 1SN,Yorkshire and the Humber,yes
131896,373,Sheffield,Sheffield Springs Academy,http://www.sheffieldsprings-academy.org/,Sheffield,S12 2SF,Yorkshire and the Humber,yes
107092,373,Sheffield,Shooter's Grove Primary School,https://www.shootersgrove.co.uk/,Sheffield,S6 5HN,Yorkshire and the Humber,yes
107073,373,Sheffield,Springfield Primary School,http://springfieldschool.org.uk/,Sheffield,S3 7RZ,Yorkshire and the Humber,yes
107178,373,Sheffield,Talbot Specialist School,https://talbotlearningcommunity.org.uk,Sheffield,S8 9JP,Yorkshire and the Humber,yes
131082,373,Sheffield,Watercliffe Meadow Community Primary School,http://watercliffemeadow.com,Sheffield,S5 7HL,Yorkshire and the Humber,yes
107064,373,Sheffield,Waterthorpe Infant School,https://www.waterthorpeinfantschool.co.uk,Sheffield,S20 7JU,Yorkshire and the Humber,yes
107095,373,Sheffield,Westways Primary School,https://www.westwaysprimary.co.uk/,Sheffield,S10 1NE,Yorkshire and the Humber,yes
