urn,district_code,district_name,school_name,website,town,postcode,region,has_email_collected
144737,800,Bath and North East Somerset,Abbot Alphege Academy,http://abbot-alphege.org.uk/,Bath,BA1 9AU,South West,no
145511,800,Bath and North East Somerset,Bathampton Primary School,https://www.bathamptonprimary.org/,Bath,BA2 6TQ,South West,no
145512,800,Bath and North East Somerset,Batheaston Church School,www.batheastonprimary.co.uk/,Bath,BA1 7EP,South West,no
145582,800,Bath and North East Somerset,Bathford Church School,www.bathfordchurchschool.co.uk,Bath,BA1 7UB,South West,no
145515,800,Bath and North East Somerset,Bathwick St Mary Church School,www.bathwickstmary.org,Bath,BA2 6NN,South West,no
146972,800,Bath and North East Somerset,Beechen Cliff School,www.beechencliff.org.uk,Bath,BA2 4RE,South West,no
146788,800,Bath and North East Somerset,Bishop Sutton Primary School,www.bishopsuttonstantondrew.co.uk/,Bristol,BS39 5XD,South West,no
138985,800,Bath and North East Somerset,Broadlands Academy,www.broadlandsacademy.org,Bristol,BS31 2DY,South West,no
146976,800,Bath and North East Somerset,Cameley CEVC Primary School,www.cameleyprimaryschool.org/,Bristol,BS39 5BD,South West,no
146952,800,Bath and North East Somerset,Castle Primary School,www.castle.bathnes.sch.uk,Bristol,BS31 2TS,South West,no
144283,800,Bath and North East Somerset,Chandag Primary School,www.chandagschool.org.uk,Bristol,BS31 1PQ,South West,no
146979,800,Bath and North East Somerset,Chew Magna Primary School,www.chewmagna.bathnes.sch.uk/,Bristol,BS40 8RQ,South West,no
138617,800,Bath and North East Somerset,Chew Stoke Church School,http://www.chewstokeacademy.org,Bristol,BS40 8UY,South West,no
145482,800,Bath and North East Somerset,Chew Valley School,www.chewvalleyschool.co.uk,Bristol,BS40 8QB,South West,no
141767,800,Bath and North East Somerset,Clutton Primary School,www.cluttonschool.com,Bristol,BS39 5RA,South West,no
142943,800,Bath and North East Somerset,Combe Down CofE Primary School,www.combedown.com,Bath,BA2 5JQ,South West,no
146787,800,Bath and North East Somerset,East Harptree Church of England Primary School,www.eastharptreeandubley.org.uk/,Bristol,BS40 6BD,South West,no
145070,800,Bath and North East Somerset,Farmborough Church Primary School,farmboroughchurchprimary.org.uk,Bath,BA2 0FY,South West,no
144281,800,Bath and North East Somerset,Farrington Gurney Church of England Primary School,www.farringtongurneyschool.co.uk,Bristol,BS39 6TY,South West,no
137493,800,Bath and North East Somerset,Fosse Way School,http://www.fossewayschool.co.uk/,Bath,BA3 3AL,South West,no
145583,800,Bath and North East Somerset,Freshford Church School,www.freshfordschool.org.uk/,Bath,BA2 7WE,South West,no
136966,800,Bath and North East Somerset,Hayesfield Girls School,http://www.hayesfield.com/,Bath,BA2 3LA,South West,no
141149,800,Bath and North East Somerset,High Littleton CofE VC Primary School,www.highlittletonschool.com/,Bristol,BS39 6HF,South West,no
142127,800,Bath and North East Somerset,IKB Academy,www.ikbacademy.org.uk,Bristol,BS31 1SP,South West,no
142942,800,Bath and North East Somerset,Longvernal Primary School,www.longvernal.com,Radstock,BA3 2LP,South West,no
144282,800,Bath and North East Somerset,Marksbury CofE Primary School,www.marksburyschool.org.uk,Bath,BA2 9HS,South West,no
144830,800,Bath and North East Somerset,Midsomer Norton Primary School,www.midsomernortonprimary.co.uk,Radstock,BA3 2DR,South West,no
142715,800,Bath and North East Somerset,Moorlands Infant School,www.moorlands-school.org,Bath,BA2 2DQ,South West,no
142716,800,Bath and North East Somerset,Moorlands Junior School,www.moorlands-school.org,Bath,BA2 2DE,South West,no
145899,800,Bath and North East Somerset,Mulberry Park Educate Together Primary Academy,www.mulberryparket.org.uk,Bath,BA2 5BU,South West,no
131019,800,Bath and North East Somerset,Newbridge Primary School,www.newbridge.bathnes.sch.uk/,Bath,BA1 3LL,South West,no
140677,800,Bath and North East Somerset,North Star 180°,www.ns180.northstar-academy.co.uk,Bath,BA2 5RF,South West,no
136335,800,Bath and North East Somerset,Norton Hill Academy,http://www.nortonhillschool.com,Radstock,BA3 4AD,South West,no
143915,800,Bath and North East Somerset,Norton Hill Primary School,https://www.nortonhillprimary.com/,Midsomer Norton,BA3 2UD,South West,no
143557,800,Bath and North East Somerset,Oldfield Park Infant School,www.oldfieldparkinfants.co.uk,Bath,BA2 3RF,South West,no
143558,800,Bath and North East Somerset,Oldfield Park Junior School,http://www.oldfieldparkjuniorschool.com,Bath,BA2 2JL,South West,no
136483,800,Bath and North East Somerset,Oldfield School,http://oldfieldschool.com/,Bath,BA1 9AB,South West,no
147992,800,Bath and North East Somerset,Paulton Infant School,www.paultoninfantschool.co.uk,Bristol,BS39 7QY,South West,no
109089,800,Bath and North East Somerset,Paulton Junior School,www.paultonjuniorschool.co.uk,Paulton,BS39 7QY,South West,no
147173,800,Bath and North East Somerset,Peasedown St John Primary School,https://www.psjprimary.co.uk/,Bath,BA2 8DH,South West,no
146978,800,Bath and North East Somerset,Pensford Primary School,www.pensfordschool.org,Bristol,BS39 4AA,South West,no
138522,800,Bath and North East Somerset,Ralph Allen School,http://www.ralphallenschool.com,Bath,BA2 7AD,South West,no
146263,800,Bath and North East Somerset,Roundhill Primary School,www.roundhill-pri.co.uk,Bath,BA2 1LG,South West,no
109329,800,Bath and North East Somerset,Saint Gregory's Catholic College,http://www.st-gregorys.org.uk/,Bath,BA2 8PA,South West,no
143083,800,Bath and North East Somerset,Saltford CofE Primary School,https://www.saltfordschool.org.uk/,Bristol,BS31 3DW,South West,no
146424,800,Bath and North East Somerset,Shoscombe Church School,www.shoscombeprimary.co.uk,Bath,BA2 8NB,South West,no
144762,800,Bath and North East Somerset,Somerdale Educate Together Primary Academy,www.somerdaleet.org.uk,Keynsham,BS31 2FF,South West,no
142125,800,Bath and North East Somerset,Somerset Studio School,www.somersetstudioschool.com,Radstock,BA3 3NQ,South West,no
136311,800,Bath and North East Somerset,Somervale Secondary School,http://www.somervaleschool.com,Radstock,BA3 2JD,South West,no
145516,800,Bath and North East Somerset,St Andrew's Church School,http://www.standrewsprimarybath.com/,Bath,BA1 2SN,South West,no
109260,800,Bath and North East Somerset,St John's Catholic Primary School,www.stjohnscatholicprimary.org.uk,Bath,BA2 3NR,South West,no
142227,800,Bath and North East Somerset,St John's Church of England Primary School,www.stjohnsprimaryschool.org.uk,Bristol,BS31 2NB,South West,no
140452,800,Bath and North East Somerset,St John's CofE Primary School,https://www.stjohnsmsn.co.uk/,Radstock,BA3 2JN,South West,no
146396,800,Bath and North East Somerset,St Julian's Church School,www.stjuliansprimary.co.uk,Bath,BA2 8QS,South West,no
134917,800,Bath and North East Somerset,St Keyna Primary School,www.stkeynaprimary.co.uk/,Bristol,BS31 2JP,South West,no
147801,800,Bath and North East Somerset,St Mark's CofE School,www.st-marks.org.uk,Bath,BA1 6ND,South West,no
143108,800,Bath and North East Somerset,St Martin's Garden Primary School,,Bath,BA2 2UN,South West,no
109261,800,Bath and North East Somerset,St Mary's Catholic Primary School,http://www.st-marys.bathnes.sch.uk,Bath,BA1 4EH,South West,no
147993,800,Bath and North East Somerset,St Mary's Church of England Primary School,www.stmaryswrithlington.co.uk,Radstock,BA3 3NG,South West,no
147890,800,Bath and North East Somerset,St Mary's CofE Primary School,http://stmarystimsbury.co.uk/,Bath,BA2 0JR,South West,no
145716,800,Bath and North East Somerset,St Michaels Junior Church School,https://www.stmichaelsbath.org/,Bath,BA2 1RW,South West,no
148516,800,Bath and North East Somerset,St Nicholas Church School,www.stnicholasprimaryradstock.co.uk,Radstock,BA3 3QH,South West,no
143560,800,Bath and North East Somerset,St Philip's CofE Primary School,www.stphilips-school.org/,Bath,BA2 2BN,South West,no
145514,800,Bath and North East Somerset,St Saviours Infant Church School,http://www.stsaviours-infants.org/,Bath,BA1 6NY,South West,no
145513,800,Bath and North East Somerset,St Saviours Junior Church School,www.stsaviours-jun.co.uk,BATH,BA1 6TG,South West,no
145517,800,Bath and North East Somerset,St Stephens Church School,https://www.ststephensschoolbath.org/,Bath,BA1 5PZ,South West,no
146707,800,Bath and North East Somerset,Stanton Drew Primary School,www.bishopsuttonstantondrew.co.uk/,Bristol,BS39 4EQ,South West,no
147555,800,Bath and North East Somerset,Swainswick Church School,www.swainswickschool.co.uk,Bath,BA1 8DB,South West,no
140079,800,Bath and North East Somerset,Three Ways School,www.threeways.co.uk,Bath,BA2 5RF,South West,no
136804,800,Bath and North East Somerset,Trinity Church School,www.trinitychurchschool.com/,Bath,BA3 3DE,South West,no
109007,800,Bath and North East Somerset,Twerton Infant School,twertoninfants.com,Bath,BA2 1QR,South West,no
147861,800,Bath and North East Somerset,Two Rivers Church of England Primary,https://www.tworiversschool.org.uk/,Bristol,BS31 1GE,South West,no
146689,800,Bath and North East Somerset,Ubley Church of England Primary School,eastharptreeandubley.org.uk,Bristol,BS40 6PJ,South West,no
137523,800,Bath and North East Somerset,Wellsway School,http://www.wellswayschool.com/,Bristol,BS31 1PH,South West,no
142941,800,Bath and North East Somerset,Welton Primary School,www.weltonprimaryschool.co.uk/,Radstock,BA3 2AG,South West,no
146409,800,Bath and North East Somerset,Westfield Primary School,www.westfieldprimary.com,Radstock,BA3 3XX,South West,no
142754,800,Bath and North East Somerset,Weston All Saints CofE Primary School,www.wasp-school.org.uk,Bath,BA1 4JR,South West,no
147800,800,Bath and North East Somerset,Whitchurch Primary School,www.whitchurchprimary.co.uk/,Bristol,BS14 0PT,South West,no
143559,800,Bath and North East Somerset,Widcombe CofE Junior School,www.widcombejuniorschool.com,Bath,BA2 4JG,South West,no
143010,800,Bath and North East Somerset,Widcombe Infant School,www.widcombeinfantschool.co.uk,Bath,BA2 4JG,South West,no
137548,800,Bath and North East Somerset,Writhlington School,http://www.writhlington.org.uk,Radstock,BA3 3NQ,South West,no
