urn,district_code,district_name,school_name,website,town,postcode,region,has_email_collected
121552,815,North Yorkshire,Admiral Long Church of England Primary School,www.admirallong.n-yorks.sch.uk,Harrogate,HG3 3EJ,Yorkshire and the Humber,no
144165,815,North Yorkshire,Ainderby Steeple Church of England Primary School,www.ainderbysteepleschool.org,Northallerton,DL7 9QR,Yorkshire and the Humber,no
144679,815,North Yorkshire,Airy Hill Primary School,www.airyhill.n-yorks.sch.uk,Whitby,YO21 1PZ,Yorkshire and the Humber,no
148233,815,North Yorkshire,Alanbrooke Academy,https://www.alanbrooke.n-yorks.sch.uk/,Thirsk,YO7 3SF,Yorkshire and the Humber,no
147229,815,North Yorkshire,"All Saints Catholic Primary School, a Catholic Voluntary Academy",https://allsaints.npcat.org.uk,Thirsk,YO7 1NB,Yorkshire and the Humber,no
142138,815,North Yorkshire,All Saints Church of England School,http://www.askoschool.co.uk,Harrogate,HG3 1HD,Yorkshire and the Humber,no
121368,815,North Yorkshire,Alverton Primary School,www.alverton.n-yorks.sch.uk,Northallerton,DL6 1RB,Yorkshire and the Humber,no
146005,815,North Yorkshire,Appleton Roebuck Primary School,https://appleton.schooljotter2.com/,York,YO23 7DN,Yorkshire and the Humber,no
121371,815,North Yorkshire,Appleton Wiske Community Primary School,www.appletonwiske.n-yorks.sch.uk,Northallerton,DL6 2AA,Yorkshire and the Humber,no
142189,815,North Yorkshire,Askwith Primary School,http://www.askwith.n-yorks.sch.uk,Otley,LS21 2HX,Yorkshire and the Humber,no
144163,815,North Yorkshire,Aspin Park Academy,www.aspinparkacademy.org,Knaresborough,HG5 8LQ,Yorkshire and the Humber,no
121620,815,North Yorkshire,Austwick Church of England VA Primary School,www.austwickprimary.co.uk,Lancaster,LA2 8BN,Yorkshire and the Humber,no
150419,815,North Yorkshire,"Barkston Ash Catholic Primary School, a Voluntary Academy",http://www.barkstonash.n-yorks.sch.uk/,Tadcaster,LS24 9PS,Yorkshire and the Humber,no
121448,815,North Yorkshire,Barlby Bridge Community Primary School,www.barlbybridgeschool.co.uk,York,YO8 5AA,Yorkshire and the Humber,no
121449,815,North Yorkshire,Barlby Community Primary School,www.barlbycommunityprimaryschool.co.uk,Selby,YO8 5JQ,Yorkshire and the Humber,no
144929,815,North Yorkshire,Barlby High School,https://bhs.hslt.academy/,Selby,YO8 5JP,Yorkshire and the Humber,no
151180,815,North Yorkshire,Barlow Church of England Primary School,http://www.barlowschool.org.uk,Selby,YO8 8ES,Yorkshire and the Humber,no
121314,815,North Yorkshire,Barrowcliff School,http://www.barrowcliff.n-yorks.sch.uk/,Scarborough,YO12 6NQ,Yorkshire and the Humber,no
144155,815,North Yorkshire,Barton Church of England Primary School,http://www.barton.dalesmat.org,Richmond,DL10 6LJ,Yorkshire and the Humber,no
121444,815,North Yorkshire,"Barwic Parade Community Primary School, Selby",www.barwicparade.co.uk,Selby,YO8 8DJ,Yorkshire and the Humber,no
121411,815,North Yorkshire,Beckwithshaw Community Primary School,http://www.beckwithshawprimary.org.uk,Harrogate,HG3 1QW,Yorkshire and the Humber,no
121479,815,North Yorkshire,Bedale Church of England Primary School,www.northyorkshire.schooljotter.com/,Bedale,DL8 2AT,Yorkshire and the Humber,no
121670,815,North Yorkshire,Bedale High School,http://www.bedalehighschool.org.uk/,Bedale,DL8 2EQ,Yorkshire and the Humber,no
121380,815,North Yorkshire,Bentham Community Primary School,www.benthamcpschool.org.uk/,LANCASTER,LA2 7BP,Yorkshire and the Humber,no
121480,815,North Yorkshire,Bilsdale Midcable Chop Gate Church of England Voluntary Controlled Primary School,bilsdalecarltonschools.co.uk,Middlesbrough,TS9 7JL,Yorkshire and the Humber,no
121550,815,North Yorkshire,Birstwith Church of England Primary School,http://www.birstwith.n-yorks.sch.uk/,Harrogate,HG3 2NJ,Yorkshire and the Humber,no
121551,815,North Yorkshire,Bishop Monkton Church of England Primary School,http://www.bishopmonkton.n-yorks.sch.uk,Harrogate,HG3 3QW,Yorkshire and the Humber,no
121382,815,North Yorkshire,Boroughbridge Primary School,http://www.boroughbridge-pri.n-yorks.sch.uk/,York,YO51 9EB,Yorkshire and the Humber,no
149625,815,North Yorkshire,Bradleys Both Community Primary School,www.bradleysbothcpschool.org.uk,Keighley,BD20 9EF,Yorkshire and the Humber,no
146312,815,North Yorkshire,Braeburn Primary and Nursery Academy,braeburn.ebor.academy,Scarborough,YO11 3LG,Yorkshire and the Humber,no
143138,815,North Yorkshire,Brayton Academy,www.braytonacademy.org.uk,Selby,YO8 9QS,Yorkshire and the Humber,no
147521,815,North Yorkshire,Brayton Church of England Primary School,braytonprimary.com,Selby,YO8 9DZ,Yorkshire and the Humber,no
121372,815,North Yorkshire,Brompton Community Primary School,http://www.brompton.n-yorks.sch.uk/,Northallerton,DL6 2RE,Yorkshire and the Humber,no
149474,815,North Yorkshire,Brompton Hall School,https://bromptonhallschool.org.uk,Scarborough,YO13 9DB,Yorkshire and the Humber,no
121373,815,North Yorkshire,Brompton and Sawdon Community Primary School,http://www.bromptonsawdonschool.co.uk,Scarborough,YO13 9DL,Yorkshire and the Humber,no
121481,815,North Yorkshire,Brompton-on-Swale Church of England Primary School,www.bromptonschool.net,Richmond,DL10 7JW,Yorkshire and the Humber,no
151399,815,North Yorkshire,Broomfield School,http://www.broomfield.n-yorks.sch.uk/,Northallerton,DL7 8RG,Yorkshire and the Humber,no
141393,815,North Yorkshire,Brotherton and Byram Community Primary Academy,https://brothertonandbyram.ebor.academy/,Knottingley,WF11 9HQ,Yorkshire and the Humber,no
121268,815,North Yorkshire,Brougham Street Nursery School,http://www.broughamstreet.n-yorks.sch.uk/,Skipton,BD23 2ES,Yorkshire and the Humber,no
121619,815,North Yorkshire,Burneston Church of England Voluntary Aided Primary School,www.burnestonceprimaryschool.co.uk,Bedale,DL8 2HX,Yorkshire and the Humber,no
121555,815,North Yorkshire,Burton Leonard Church of England Primary School,www.burtonleonard.n-yorks.sch.uk,Harrogate,HG3 3RW,Yorkshire and the Humber,no
151179,815,North Yorkshire,Burton Salmon Community Primary School,http://www.burtonsalmonschool.org.uk,Leeds,LS25 5JY,Yorkshire and the Humber,no
143139,815,North Yorkshire,Camblesforth Community Primary Academy,https://camblesforth.ebor.academy/,Selby,YO8 8HW,Yorkshire and the Humber,no
147216,815,North Yorkshire,Cambrai Primary School,https://www.cambraiprimaryschool.co.uk/,Catterick Garrison,DL9 4BZ,Yorkshire and the Humber,no
149363,815,North Yorkshire,Carleton Endowed CofE Primary School,https://www.carletonendowedprimary.org.uk/,Skipton,BD23 3DE,Yorkshire and the Humber,no
145370,815,North Yorkshire,Carlton Miniott Primary Academy,www.carltonminiottacademy.org,Thirsk,YO7 4NJ,Yorkshire and the Humber,no
148309,815,North Yorkshire,Carlton Primary School,https://carltonprimary.setschools.uk/,Goole,DN14 9NR,Yorkshire and the Humber,no
121608,815,North Yorkshire,Carlton and Faceby Church of England Voluntary Aided Primary School,bilsdalecarltonschools.co.uk,Middlesbrough,TS9 7BB,Yorkshire and the Humber,no
147593,815,North Yorkshire,Carnagill Community Primary School,www.carnagill.dalesmat.org,Catterick Garrison,DL9 3HN,Yorkshire and the Humber,no
144680,815,North Yorkshire,Castleton Primary School,www.castletonprimaryschool.co.uk,Whitby,YO21 2DA,Yorkshire and the Humber,no
151181,815,North Yorkshire,Chapel Haddlesey Church of England Primary School,www.chapelhaddleseyschool.org.uk,Selby,YO8 8QF,Yorkshire and the Humber,no
121267,815,North Yorkshire,Childhaven Community Nursery School,http://www.childhaven.n-yorks.sch.uk/,Scarborough,YO11 1UB,Yorkshire and the Humber,no
150213,815,North Yorkshire,Christ Church Church of England Primary School,www.christchurchschoolskipton.org.uk/,Skipton,BD23 2AP,Yorkshire and the Humber,no
150944,815,North Yorkshire,Cliffe Voluntary Controlled Primary School,http://www.cliffe.n-yorks.sch.uk/,Selby,YO8 6NN,Yorkshire and the Humber,no
151421,815,North Yorkshire,Cononley Primary School,https://www.cononleyprimary.org.uk/,Keighley,BD20 8NA,Yorkshire and the Humber,no
145026,815,North Yorkshire,Coppice Valley Primary School,www.coppicevalley.com,Harrogate,HG1 2DN,Yorkshire and the Humber,no
121388,815,North Yorkshire,Cowling Community Primary School,https://cowling.n-yorks.sch.uk/,Keighley,BD22 0DF,Yorkshire and the Humber,no
121558,815,North Yorkshire,Cracoe and Rylstone Voluntary Controlled Church of England Primary School,www.cracoeprimaryschool.co.uk/,Skipton,BD23 6LQ,Yorkshire and the Humber,no
121483,815,North Yorkshire,Crakehall Church of England Primary School,www.crakehallprimaryschool.co.uk/,Bedale,DL8 1HP,Yorkshire and the Humber,no
135851,815,North Yorkshire,Craven Pupil Referral Service,www.cravenprs.org.uk,Skipton,BD23 2QS,Yorkshire and the Humber,no
121484,815,North Yorkshire,Crayke Church of England Voluntary Controlled Primary School,http://www.craykeschool.org,YORK,YO61 4TZ,Yorkshire and the Humber,no
144156,815,North Yorkshire,Croft Church of England Primary School,http://www.croft.dalesmat.org,Darlington,DL2 2SP,Yorkshire and the Humber,no
149278,815,North Yorkshire,Dacre Braithwaite Church of England Primary School,http://www.dacrebraithwaite.n-yorks.sch.uk/,Harrogate,HG3 4AN,Yorkshire and the Humber,no
121486,815,North Yorkshire,Danby Church of England Voluntary Aided School,http://www.danbyceprimary.co.uk,Whitby,YO21 2NG,Yorkshire and the Humber,no
149986,815,North Yorkshire,Darley Primary School,http://www.darley.n-yorks.sch.uk/,Harrogate,HG3 2PZ,Yorkshire and the Humber,no
121332,815,North Yorkshire,Dishforth Airfield Community Primary School,http://www.dishforthairfieldprimaryschool.com,Thirsk,YO7 3DL,Yorkshire and the Humber,no
121487,815,North Yorkshire,Dishforth Church of England Voluntary Controlled Primary School,http://www.dishforth.n-yorks.sch.uk,Thirsk,YO7 3LN,Yorkshire and the Humber,no
121331,815,North Yorkshire,Easingwold Community Primary School,http://www.easingwoldprimary.co.uk,York,YO61 3HJ,Yorkshire and the Humber,no
121377,815,North Yorkshire,East Ayton Community Primary School,eastayton.n-yorks.sch.uk,Scarborough,YO13 9EW,Yorkshire and the Humber,no
144157,815,North Yorkshire,East Cowton Church of England Primary School,www.eckf.dalesmat.org,Northallerton,DL7 0BD,Yorkshire and the Humber,no
143290,815,North Yorkshire,East Whitby Primary Academy,www.eastwhitby.org.uk,Whitby,YO22 4HU,Yorkshire and the Humber,no
121610,815,North Yorkshire,Egton Church of England Voluntary Aided Primary School,http://www.egton.n-yorks.sch.uk/,Whitby,YO21 1UT,Yorkshire and the Humber,no
144164,815,North Yorkshire,Eppleby Forcett Church of England Primary School,http://www.efmt.dalesmat.org,Richmond,DL11 7AY,Yorkshire and the Humber,no
148120,815,North Yorkshire,Escrick Church of England Primary School,www.escrickprimaryschool.co.uk/,York,YO19 6JQ,Yorkshire and the Humber,no
151422,815,North Yorkshire,Fairburn Community Primary School,http://www.fairburn.n-yorks.sch.uk/,Knottingley,WF11 9JY,Yorkshire and the Humber,no
144274,815,North Yorkshire,Filey Church of England Nursery and Infants Academy,fileyinfants.ebor.academy,Filey,YO14 0BA,Yorkshire and the Humber,no
121459,815,North Yorkshire,Filey Junior School,www.filey-jun.n-yorks.sch.uk,Filey,YO14 9LU,Yorkshire and the Humber,no
149205,815,North Yorkshire,Filey School,,Filey,YO14 0HG,Yorkshire and the Humber,no
148332,815,North Yorkshire,Forest Moor School,https://forestmoor.org.uk/,Harrogate,HG3 2RA,Yorkshire and the Humber,no
143289,815,North Yorkshire,Forest of Galtres Anglican/Methodist Primary School,https://fog.hslt.academy/,York,YO30 1AG,Yorkshire and the Humber,no
121492,815,North Yorkshire,Foston Church of England Voluntary Controlled Primary School,http://www.fostonschool.org/,York,YO60 7QB,Yorkshire and the Humber,no
149279,815,North Yorkshire,Fountains Church of England Primary School,https://www.grantleyfountains.co.uk/,Ripon,HG4 3PJ,Yorkshire and the Humber,no
147448,815,North Yorkshire,Friarage Community Primary School,https://www.friarage.coastandvale.academy,Scarborough,YO11 1HS,Yorkshire and the Humber,no
121528,815,North Yorkshire,Fylingdales Church of England Voluntary Controlled Primary School,https://heritagecoastfederation.org.uk/fylingdales_school/about.html,Whitby,YO22 4TH,Yorkshire and the Humber,no
146819,815,North Yorkshire,George Pindar School,https://gps.hslt.academy/,Scarborough,YO11 3LW,Yorkshire and the Humber,no
121392,815,North Yorkshire,Giggleswick Primary School,http://www.giggleswick-pri.n-yorks.sch.uk/,Settle,BD24 0BJ,Yorkshire and the Humber,no
121493,815,North Yorkshire,Gillamoor Church of England Voluntary Controlled Primary School,http://www.gillamoor.n-yorks.sch.uk/,York,YO62 7HX,Yorkshire and the Humber,no
121319,815,North Yorkshire,Gladstone Road Primary School,www.gladstoneroadschool.co.uk/,Scarborough,YO12 7DD,Yorkshire and the Humber,no
144678,815,North Yorkshire,Glaisdale Primary School,https://www.glaisdaleprimaryschool.co.uk/,Whitby,YO21 2PZ,Yorkshire and the Humber,no
121404,815,North Yorkshire,Glasshouses Community Primary School,https://uppernidderdalefed.school/,Harrogate,HG3 5QH,Yorkshire and the Humber,no
121447,815,North Yorkshire,Glusburn Community Primary School,http://www.glusburn.n-yorks.sch.uk/,Keighley,BD20 8PJ,Yorkshire and the Humber,no
121562,815,North Yorkshire,Goldsborough Church of England Primary School,http://www.goldsboroughprimary.co.uk/,Knaresborough,HG5 8NJ,Yorkshire and the Humber,no
146769,815,North Yorkshire,Graham School,https://gra.hslt.academy/,Scarborough,YO12 6QW,Yorkshire and the Humber,no
121563,815,North Yorkshire,Grassington Church of England Voluntary Controlled Primary School,http://www.grassington.n-yorks.sch.uk/,Skipton,BD23 5LB,Yorkshire and the Humber,no
121393,815,North Yorkshire,Great Ouseburn Community Primary School,www.greatouseburn.n-yorks.dbprimary.com/,York,YO26 9RG,Yorkshire and the Humber,no
137348,815,North Yorkshire,Great Smeaton Academy Primary School,http://www.greatsmeatonschool.co.uk,Northallerton,DL6 2EQ,Yorkshire and the Humber,no
148021,815,North Yorkshire,Greatwood Community Primary School,www.greatwoodcommunityprimary.co.uk,Skipton,BD23 2SJ,Yorkshire and the Humber,no
149274,815,North Yorkshire,Grewelthorpe Church of England Primary School,www.grewelthorpeschool.co.uk/,Ripon,HG4 3BH,Yorkshire and the Humber,no
121542,815,North Yorkshire,Gunnerside Methodist Primary School,www.reethandgunnerside.org.uk,Richmond,DL11 6LE,Yorkshire and the Humber,no
121496,815,North Yorkshire,Hackforth and Hornby Church of England Primary School,www.hackforthhornby.n-yorks.sch.uk/,Bedale,DL8 1PE,Yorkshire and the Humber,no
150395,815,North Yorkshire,Hackness Church of England Primary School,www.hacknesswykehamcefederation.co.uk,Scarborough,YO13 0JN,Yorkshire and the Humber,no
121566,815,North Yorkshire,Hambleton Church of England Voluntary Controlled Primary School,http://www.hambleton.n-yorks.sch.uk/,Selby,YO8 9HP,Yorkshire and the Humber,no
143466,815,North Yorkshire,Hampsthwaite Church of England Primary School,hampsthwaite.ycst.co.uk,Harrogate,HG3 2EZ,Yorkshire and the Humber,no
136497,815,North Yorkshire,Harrogate Grammar School,http://www.harrogategrammar.co.uk/,Harrogate,HG2 0DZ,Yorkshire and the Humber,no
138190,815,North Yorkshire,Harrogate High School,http://www.harrogatehighschool.co.uk,Harrogate,HG1 4AP,Yorkshire and the Humber,no
142198,815,North Yorkshire,"Harrogate, Bilton Grange Primary School",http://www.biltongrangeharrogate.co.uk,Harrogate,HG1 3BA,Yorkshire and the Humber,no
121395,815,North Yorkshire,"Harrogate, Grove Road Community Primary School",http://www.groveroad.n-yorks.sch.uk/,Harrogate,HG1 5EP,Yorkshire and the Humber,no
143523,815,North Yorkshire,Hawes Primary School,http://www.hawesprimary.co.uk,Hawes,DL8 3RQ,Yorkshire and the Humber,no
121498,815,North Yorkshire,Hawsker Cum Stainsacre Church of England Voluntary Controlled Primary School,https://heritagecoastfederation.org.uk/hawsker_school/about.html,Whitby,YO22 4LA,Yorkshire and the Humber,no
121402,815,North Yorkshire,Hellifield Community Primary School,https://ribblesdalefed.n-yorks.sch.uk,Skipton,BD23 4HA,Yorkshire and the Humber,no
148376,815,North Yorkshire,Helmsley Community Primary School,http://www.helmsley-rlt.co.uk,York,YO62 5HB,Yorkshire and the Humber,no
121450,815,North Yorkshire,Hemingbrough Community Primary School,http://www.hemingbrough.n-yorks.sch.uk,Selby,YO8 6QS,Yorkshire and the Humber,no
121403,815,North Yorkshire,Hensall Community Primary School,www.hensallcommunityprimaryschool.co.uk,Near Goole,DN14 0QQ,Yorkshire and the Humber,no
121534,815,North Yorkshire,"Hertford Vale Church of England Voluntary Controlled Primary School, Staxton",http://hertfordvale.co.uk,Scarborough,YO12 4SS,Yorkshire and the Humber,no
121499,815,North Yorkshire,Hipswell Church of England Primary School,http://www.hipswell.n-yorks.sch.uk/,Catterick Garrison,DL9 4BB,Yorkshire and the Humber,no
148167,815,North Yorkshire,"Holy Family Catholic High School, A Voluntary Academy",http://www.holyfamilycarlton.org,Goole,DN14 9NS,Yorkshire and the Humber,no
149277,815,North Yorkshire,Holy Trinity Church of England Infant and Nursery,http://www.htjce.co.uk,Ripon,HG4 2AL,Yorkshire and the Humber,no
149275,815,North Yorkshire,Holy Trinity Church of England Junior School,www.htceschools.co.uk,Ripon,HG4 2ES,Yorkshire and the Humber,no
143287,815,North Yorkshire,Hookstone Chase Primary School,http://www.hookstonechase.n-yorks.sch.uk/,Harrogate,HG2 7DJ,Yorkshire and the Humber,no
121501,815,North Yorkshire,Huby CofE Primary School,http://www.huby.n-yorks.sch.uk/,York,YO61 1HX,Yorkshire and the Humber,no
121302,815,North Yorkshire,Hunton and Arrathorne Community Primary School,http://www.huntonarrathorne.n-yorks.sch.uk/,Bedale,DL8 1QB,Yorkshire and the Humber,no
151170,815,North Yorkshire,Husthwaite Church of England Primary School,,York,YO61 4QA,Yorkshire and the Humber,no
121503,815,North Yorkshire,Ingleby Greenhow Church of England Voluntary Controlled Primary School,www.inglebygreenhow.n-yorks.sch.uk,MIDDLESBROUGH,TS9 6LL,Yorkshire and the Humber,no
121445,815,North Yorkshire,Ingleton Primary School,www.ingleton-pri.n-yorks.sch.uk/,Carnforth,LA6 3DY,Yorkshire and the Humber,no
147192,815,North Yorkshire,Keeble Gateway Academy,https://www.keeblegatewayacademy.org,Thirsk,YO7 1TS,Yorkshire and the Humber,no
146006,815,North Yorkshire,Kellington Primary School,https://www.kellington.n-yorks.sch.uk,Goole,DN14 0NY,Yorkshire and the Humber,no
121391,815,North Yorkshire,Kettlesing Felliscliffe Community Primary School,https://rbk.n-yorks.sch.uk/kettlesing-felliscliffe,Harrogate,HG3 2LB,Yorkshire and the Humber,no
121406,815,North Yorkshire,Kettlewell Primary School,http://www.kettlewell.n-yorks.sch.uk/,Skipton,BD23 5HX,Yorkshire and the Humber,no
121600,815,North Yorkshire,Kildwick Church of England Voluntary Controlled Primary School,https://www.kildwickceschool.org.uk/,Keighley,BD20 9BH,Yorkshire and the Humber,no
121504,815,North Yorkshire,Kirby Hill Church of England (VC) Primary School,www.kirbyhillprimary.org.uk,York,YO51 9DS,Yorkshire and the Humber,no
146007,815,North Yorkshire,Kirk Fenton Church of England Primary School,https://kf.starmat.uk/,Tadcaster,LS24 9RF,Yorkshire and the Humber,no
121572,815,North Yorkshire,Kirk Hammerton Church of England Primary School,http://www.kirkhammerton.n-yorks.sch.uk/,York,YO26 8DE,Yorkshire and the Humber,no
144166,815,North Yorkshire,Kirkby Fleetham Church of England Primary School,www.eckf.dalesmat.org,Northallerton,DL7 0SA,Yorkshire and the Humber,no
121629,815,North Yorkshire,Kirkby in Malhamdale United Voluntary Aided Primary School,https://www.kirkbymalhamprimary.org.uk/,Skipton,BD23 4BY,Yorkshire and the Humber,no
148374,815,North Yorkshire,Kirkbymoorside Community Primary School,www.kirkbymoorside-rlt.co.uk,York,YO62 6AG,Yorkshire and the Humber,no
147097,815,North Yorkshire,Knaresborough St John's Church of England Primary School,www.ksjprimaryschool.org,Knaresborough,HG5 0JN,Yorkshire and the Humber,no
144429,815,North Yorkshire,Knayton Church of England Academy,http://www.knaytonacademy.org,Thirsk,YO7 4AN,Yorkshire and the Humber,no
148602,815,North Yorkshire,Lady Lumley's School,https://www.ladylumleys.coastandvale.academy/,Pickering,YO18 8NG,Yorkshire and the Humber,no
121452,815,North Yorkshire,Langton Primary School,www.langton.n-yorks.sch.uk,Malton,YO17 9QP,Yorkshire and the Humber,no
144682,815,North Yorkshire,Lealholm Primary School,www.lealholm.n-yorks.sch.uk,Whitby,YO21 2AG,Yorkshire and the Humber,no
121453,815,North Yorkshire,Leavening Community Primary School,http://www.leavening.n-yorks.sch.uk/,Malton,YO17 9SW,Yorkshire and the Humber,no
144159,815,North Yorkshire,Leyburn Primary School,http://www.leyburn.n-yorks.sch.uk/,Leyburn,DL8 5SD,Yorkshire and the Humber,no
121362,815,North Yorkshire,Lindhead School,https://www.lindheadschool.co.uk/,Scarborough,YO13 0DG,Yorkshire and the Humber,no
121631,815,North Yorkshire,Long Preston Endowed Voluntary Aided Primary School,www.ribblesdalefed.n-yorks.sch.uk,Skipton,BD23 4PN,Yorkshire and the Humber,no
142201,815,North Yorkshire,Lothersdale Primary School,https://www.lothersdaleschool.org.uk/,Keighley,BD20 8HB,Yorkshire and the Humber,no
150700,815,North Yorkshire,Luttons Community Primary Academy,,Malton,YO17 8TF,Yorkshire and the Humber,no
121507,815,North Yorkshire,Lythe Church of England Voluntary Controlled Primary School,www.lythe.n-yorks.sch.uk/,Whitby,YO21 3RT,Yorkshire and the Humber,no
148714,815,North Yorkshire,Malton Primary Academy,www.maltonprimary.org,Malton,YO17 7DB,Yorkshire and the Humber,no
150644,815,North Yorkshire,Malton School,http://www.maltonschool.org/,Malton,YO17 7NH,Yorkshire and the Humber,no
121576,815,North Yorkshire,Markington Church of England Primary & Nursery School,http://www.markington.n-yorks.sch.uk/,Harrogate,HG3 3NR,Yorkshire and the Humber,no
147095,815,North Yorkshire,Marton-Cum-Grafton Church of England Primary School,https://www.mcgprimaryschool.org,York,YO51 9QB,Yorkshire and the Humber,no
121495,815,North Yorkshire,"Marwood Church of England Voluntary Controlled Infant School, Great Ayton",www.marwoodschool.org,Middlesbrough,TS9 6NN,Yorkshire and the Humber,no
121613,815,North Yorkshire,Masham CofE VA Primary School,http://www.masham.n-yorks.sch.uk/,Ripon,HG4 4EG,Yorkshire and the Humber,no
144168,815,North Yorkshire,Meadowside Academy,http://www.meadowsideacademy.org,Knaresborough,HG5 0SL,Yorkshire and the Humber,no
121543,815,North Yorkshire,Melsonby Methodist Primary School,http://www.melsonby.n-yorks.sch.uk/,Richmond,DL10 5ND,Yorkshire and the Humber,no
121614,815,North Yorkshire,Middleham Church of England Aided School,http://www.middleham.n-yorks.sch.uk/,Leyburn,DL8 4QX,Yorkshire and the Humber,no
144167,815,North Yorkshire,Middleton Tyas Church of England Primary School,https://www.efmt.dalesmat.org,Richmond,DL10 6SF,Yorkshire and the Humber,no
149551,815,North Yorkshire,Mill Hill Primary School,www.millhill.n-yorks.sch.uk/,Northallerton,DL6 1AE,Yorkshire and the Humber,no
145778,815,North Yorkshire,Monk Fryston Church of England Primary School,http://www.mf.starmat.uk,Leeds,LS25 5PN,Yorkshire and the Humber,no
121427,815,North Yorkshire,Moorside Primary School & Nursery,www.moorsideschools.org.uk,Ripon,HG4 1SU,Yorkshire and the Humber,no
151277,815,North Yorkshire,Mowbray Academy,http://www.mowbrayschool.co.uk,Bedale,DL8 2SD,Yorkshire and the Humber,no
142497,815,North Yorkshire,New Park Primary Academy,www.newparkprimary.org.uk,Harrogate,HG1 3HF,Yorkshire and the Humber,no
145633,815,North Yorkshire,Newby and Scalby Primary School,https://www.newbyandscalby.coastandvale.academy/,Scarborough,YO12 5JA,Yorkshire and the Humber,no
149987,815,North Yorkshire,Nidderdale High School,http://nidderdalehighschool.co.uk,Harrogate,HG3 5HL,Yorkshire and the Humber,no
142851,815,North Yorkshire,North Rigton Church of England Primary School,http://www.northrigton.ycway.uk,Leeds,LS17 0DW,Yorkshire and the Humber,no
150212,815,North Yorkshire,North Stainley Church of England Primary School,http://www.northstainley.n-yorks.sch.uk/,Ripon,HG4 3HT,Yorkshire and the Humber,no
121309,815,North Yorkshire,North and South Cowton Community Primary School,www.northsouthcowton.n-yorks.sch.uk,Northallerton,DL7 0HF,Yorkshire and the Humber,no
146969,815,North Yorkshire,Northallerton School & Sixth Form College,https://www.northallertonschool.org.uk/,Northallerton,DL6 1ED,Yorkshire and the Humber,no
136728,815,North Yorkshire,Norton College,https://www.nortoncollege-rlt.co.uk,Malton,YO17 9PT,Yorkshire and the Humber,no
121456,815,North Yorkshire,Norton Community Primary School,http://www.norton-pri.n-yorks.sch.uk/,Malton,YO17 9BG,Yorkshire and the Humber,no
150122,815,North Yorkshire,Oakbridge Church of England Primary School,https://www.oakbridge.dalesmat.org/,Northallerton,DL6 2GD,Yorkshire and the Humber,no
149226,815,North Yorkshire,Oakridge Community Primary School,http://www.oakridge.n-yorks.sch.uk/,Saltburn-by-the-Sea,TS13 5HA,Yorkshire and the Humber,no
142204,815,North Yorkshire,Oatlands Community Junior School,https://www.oatlandsjunior.co.uk/,Harrogate,HG2 8QP,Yorkshire and the Humber,no
142592,815,North Yorkshire,Oatlands Infant School,www.oatlandsinf.ycway.uk/,Harrogate,HG2 8BT,Yorkshire and the Humber,no
151276,815,North Yorkshire,Osmotherley Primary School,www.osmotherley.n-yorks.sch.uk/,Northallerton,DL6 3BW,Yorkshire and the Humber,no
121269,815,North Yorkshire,Otley Street Community Nursery School,http://www.otleystreet.n-yorks.sch.uk/,Skipton,BD23 1ET,Yorkshire and the Humber,no
144976,815,North Yorkshire,Outwood Academy Easingwold,www.easingwold.outwood.com,York,YO61 3EF,Yorkshire and the Humber,no
137412,815,North Yorkshire,Outwood Academy Ripon,http://www.ripon.outwood.com/,Ripon,HG4 2DE,Yorkshire and the Humber,no
148330,815,North Yorkshire,Outwood Primary Academy Alne,www.alne.outwood.com,York,YO61 1RT,Yorkshire and the Humber,no
145411,815,North Yorkshire,Outwood Primary Academy Greystone,www.greystone.outwood.com,Ripon,HG4 1RW,Yorkshire and the Humber,no
142593,815,North Yorkshire,Pannal Primary School,http://www.pannal.ycst.co.uk,Harrogate,HG3 1LH,Yorkshire and the Humber,no
121510,815,North Yorkshire,Pickhill Church of England Primary School,http://www.pickhill.school,Thirsk,YO7 4JL,Yorkshire and the Humber,no
144161,815,North Yorkshire,Ravensworth Church of England Primary School,https://www.dalesmat.org/Academies/ravensworth-ce-primary-school/,Richmond,DL11 7ET,Yorkshire and the Humber,no
121311,815,North Yorkshire,Reeth Community Primary School,www.reethandgunnerside.org.uk/,Richmond,DL11 6SP,Yorkshire and the Humber,no
141722,815,North Yorkshire,Richard Taylor Church of England Primary School,www.richardtaylor.ycst.co.uk,Harrogate,HG1 3DT,Yorkshire and the Humber,no
121544,815,North Yorkshire,Richmond Methodist Primary School,http://www.richmondmethodist.n-yorks.sch.uk/,Richmond,DL10 7BH,Yorkshire and the Humber,no
145090,815,North Yorkshire,Richmond School,http://www.richmondschool.net,Richmond,DL10 7BQ,Yorkshire and the Humber,no
147762,815,North Yorkshire,Rillington Primary School,http://rillington.n-yorks.sch.uk/,Malton,YO17 8LA,Yorkshire and the Humber,no
121580,815,North Yorkshire,Ripley Endowed Church of England School,www.ripleyendowedprimary.org.uk,HARROGATE,HG3 3AY,Yorkshire and the Humber,no
121663,815,North Yorkshire,Risedale School,http://www.risedale.org.uk/,Catterick Garrison,DL9 4BD,Yorkshire and the Humber,no
145822,815,North Yorkshire,"Riverside School, Tadcaster",http://www.rs.starmat.uk,Tadcaster,LS24 9JN,Yorkshire and the Humber,no
149276,815,North Yorkshire,Roecliffe CofE Primary School,http://www.roecliffe.n-yorks.sch.uk/,York,YO51 9LY,Yorkshire and the Humber,no
121312,815,North Yorkshire,Romanby Primary School,www.romanby.n-yorks.sch.uk/,Northallerton,DL7 8BL,Yorkshire and the Humber,no
141463,815,North Yorkshire,Roseberry Academy,www.roseberryacademy.org/,Middlesbrough,TS9 6EP,Yorkshire and the Humber,no
121313,815,North Yorkshire,Rosedale Abbey Community Primary School,http://www.rosedaleabbey.n-yorks.sch.uk/,Pickering,YO18 8SA,Yorkshire and the Humber,no
143613,815,North Yorkshire,Rossett Acre Primary School,www.rossettacreprimary.co.uk,Harrogate,HG2 9PH,Yorkshire and the Humber,no
136896,815,North Yorkshire,Rossett School,http://www.rossettschool.co.uk/,Harrogate,HG2 9JP,Yorkshire and the Humber,no
121525,815,North Yorkshire,Ruswarp Church of England Voluntary Controlled Primary School,http://www.ruswarp-primaryschool.co.uk,Whitby,YO21 1NJ,Yorkshire and the Humber,no
148377,815,North Yorkshire,Ryedale School,http://ryedale-rlt.co.uk,York,YO62 7SL,Yorkshire and the Humber,no
147276,815,North Yorkshire,Sacred Heart Catholic Primary School - a Catholic voluntary academy,,Northallerton,DL7 8UL,Yorkshire and the Humber,no
121513,815,North Yorkshire,Sand Hutton Church of England Voluntary Controlled Primary School,http://www.sandhutton.n-yorks.sch.uk/,York,YO41 1LB,Yorkshire and the Humber,no
145846,815,North Yorkshire,Saxton Church of England Primary School,www.sp.starmat.uk,Tadcaster,LS24 9QF,Yorkshire and the Humber,no
143288,815,North Yorkshire,Scalby School,https://www.scalby.coastandvale.academy/,Scarborough,YO12 6TH,Yorkshire and the Humber,no
132027,815,North Yorkshire,Scarborough Pupil Referral Unit,www.scarboroughpru.n-yorks.sch.uk,Scarborough,YO11 2PG,Yorkshire and the Humber,no
142884,815,North Yorkshire,Scarborough University Technical College,https://www.sutc.coastandvale.academy/,Scarborough,YO11 2JW,Yorkshire and the Humber,no
121321,815,North Yorkshire,"Scarborough, Northstead Community Primary School",www.northsteadprimary.co.uk/,Scarborough,YO12 6LP,Yorkshire and the Humber,no
121336,815,North Yorkshire,"Scarborough, Overdale Community Primary School",https://overdalecps.co.uk/w3/,Scarborough,YO11 3XJ,Yorkshire and the Humber,no
121413,815,North Yorkshire,Scotton Lingerfield Primary School,http://www.slsprimary.co.uk/,Knaresborough,HG5 9JA,Yorkshire and the Humber,no
144931,815,North Yorkshire,Selby Community Primary School,https://selbycp.setschools.uk/,Selby,YO8 4DL,Yorkshire and the Humber,no
121460,815,North Yorkshire,"Selby, Longman's Hill Community Primary School",www.longmanshill.co.uk,Selby,YO8 9BG,Yorkshire and the Humber,no
151006,815,North Yorkshire,Sessay Church of England Primary School,http://sessay.n-yorks.sch.uk,Thirsk,YO7 3NA,Yorkshire and the Humber,no
121587,815,North Yorkshire,Settle Church of England Voluntary Controlled Primary School,http://www.settle-pri.n-yorks.sch.uk/,Settle,BD24 9BW,Yorkshire and the Humber,no
121538,815,North Yorkshire,Settrington All Saints' Church of England Voluntary Controlled Primary School,http://www.settrington.n-yorks.sch.uk/,Malton,YO17 8NP,Yorkshire and the Humber,no
121588,815,North Yorkshire,Sharow Church of England Primary School,http://www.sharow.n-yorks.sch.uk/,Ripon,HG4 5BJ,Yorkshire and the Humber,no
150701,815,North Yorkshire,Sherburn Church of England Primary Academy,,Malton,YO17 8PG,Yorkshire and the Humber,no
145819,815,North Yorkshire,Sherburn High School,http://www.sherburnhigh.co.uk,Leeds,LS25 6AS,Yorkshire and the Humber,no
145821,815,North Yorkshire,Sherburn Hungate Primary School,www.sherburnhungate.net,Leeds,LS25 6DD,Yorkshire and the Humber,no
121461,815,North Yorkshire,"Sherburn in Elmet, Athelstan Community Primary School",http://www.athelstan.n-yorks.sch.uk,Leeds,LS25 6QN,Yorkshire and the Humber,no
121415,815,North Yorkshire,Sicklinghall Community Primary School,sicklinghallprimary.co.uk,Wetherby,LS22 4BD,Yorkshire and the Humber,no
148375,815,North Yorkshire,Sinnington Community Primary School,www.sinnington-rlt.co.uk,York,YO62 6SL,Yorkshire and the Humber,no
136664,815,North Yorkshire,Skipton Girls' High School,http://www.sghs.org.uk,Skipton,BD23 1QL,Yorkshire and the Humber,no
147764,815,North Yorkshire,Skipton Parish Church of England Primary School,,Skipton,BD23 2ES,Yorkshire and the Humber,no
121417,815,North Yorkshire,"Skipton, Water Street Community Primary School",www.waterstreetschool.org.uk/,Skipton,BD23 1PE,Yorkshire and the Humber,no
121491,815,North Yorkshire,Sleights Church of England Voluntary Controlled Primary School,www.sleights.n-yorks.sch.uk,Whitby,YO22 5DN,Yorkshire and the Humber,no
121322,815,North Yorkshire,Slingsby Community Primary School,www.slingsbyschool.n-yorks.sch.uk,York,YO62 4AA,Yorkshire and the Humber,no
121515,815,North Yorkshire,Snainton Church of England Voluntary Controlled Primary School,http://www.snainton.n-yorks.sch.uk/,Scarborough,YO13 9AF,Yorkshire and the Humber,no
121323,815,North Yorkshire,Snape Community Primary School,https://www.stwschoolsfederation.co.uk/,Bedale,DL8 2TF,Yorkshire and the Humber,no
136736,815,North Yorkshire,South Craven School,http://www.southcraven.org/,Keighley,BD20 7RL,Yorkshire and the Humber,no
149416,815,North Yorkshire,South Kilvington Church of England Academy,www.southkilvingtonacademy.org,Thirsk,YO7 2LR,Yorkshire and the Humber,no
145820,815,North Yorkshire,South Milford Primary School,https://www.southmilfordprimary.co.uk,Leeds,LS25 5AU,Yorkshire and the Humber,no
144162,815,North Yorkshire,South Otterington Church of England Primary School,http://www.sotterington.dalesmat.org,Northallerton,DL7 9HD,Yorkshire and the Humber,no
145369,815,North Yorkshire,Sowerby Primary Academy,www.sowerbyacademy.org,Thirsk,YO7 1RX,Yorkshire and the Humber,no
121517,815,North Yorkshire,Spennithorne Church of England Primary School,http://fed-mas.n-yorks.sch.uk/,Leyburn,DL8 5PR,Yorkshire and the Humber,no
121772,815,North Yorkshire,Springhead School,http://www.springhead.n-yorks.sch.uk/,Scarborough,YO12 4HA,Yorkshire and the Humber,no
140077,815,North Yorkshire,Springwell Harrogate,www.swharrogate.org.uk,Harrogate,HG1 5EP,Yorkshire and the Humber,no
137139,815,North Yorkshire,St Aidan's Church of England High School,http://www.staidans.co.uk,Harrogate,HG2 8JR,Yorkshire and the Humber,no
147212,815,North Yorkshire,St Augustine's Catholic School - a Catholic voluntary academy,https://sasyorks.org/,Scarborough,YO12 5LH,Yorkshire and the Humber,no
147274,815,North Yorkshire,St Benedict's Catholic Primary School - a Catholic voluntary academy,https://stbenedictscp.npcat.org.uk/,York,YO62 4DE,Yorkshire and the Humber,no
121549,815,North Yorkshire,"St Cuthbert's Church of England Primary School, Pateley Bridge",https://uppdernidderdalefed.school,Harrogate,HG3 5LE,Yorkshire and the Humber,no
147213,815,North Yorkshire,St Francis Xavier School - a Joint Catholic and Church of England Voluntary Academy,http://www.sfxschool.org.uk/,Richmond,DL10 7DA,Yorkshire and the Humber,no
147211,815,North Yorkshire,St George's Catholic Primary School - a Catholic voluntary academy,https://sgsyorks.org,Scarborough,YO11 3RE,Yorkshire and the Humber,no
148022,815,North Yorkshire,"St Hedda's Catholic Primary School, a Catholic Voluntary Academy",www.stheddas.npcat.org.uk,Whitby,YO21 1UX,Yorkshire and the Humber,no
148855,815,North Yorkshire,St John Fisher Catholic Academy,http://sjfchs.org.uk/,Harrogate,HG2 8PT,Yorkshire and the Humber,no
147243,815,North Yorkshire,St Joseph's Catholic Primary School - a Catholic voluntary academy,https://sjp.npcat.org.uk,Pickering,YO18 8AR,Yorkshire and the Humber,no
142159,815,North Yorkshire,"St Joseph's Catholic Primary School, Harrogate, A Voluntary Academy",http://www.stjosephsharrogate.org,Harrogate,HG1 2DP,Yorkshire and the Humber,no
148879,815,North Yorkshire,"St Joseph's Catholic Primary School, a Voluntary Academy",http://www.st-josephs-tadcaster.n-yorks.sch.uk/,Tadcaster,LS24 9JG,Yorkshire and the Humber,no
147241,815,North Yorkshire,St Mary's Catholic Primary School - a Catholic voluntary academy,https://smr.npcat.org.uk/,Richmond,DL10 7DZ,Yorkshire and the Humber,no
147258,815,North Yorkshire,St Mary's Catholic Primary School - a Catholic voluntary academy,https://smm.npcat.org.uk,Malton,YO17 7DB,Yorkshire and the Humber,no
148166,815,North Yorkshire,"St Mary's Catholic Primary School, a Voluntary Academy",www.sm.bkcat.co.uk,Selby,YO8 9AX,Yorkshire and the Humber,no
142176,815,North Yorkshire,"St Mary's Primary School Knaresborough, A Voluntary Catholic Academy",http://www.stmaryscps.org,Knaresborough,HG5 9BG,Yorkshire and the Humber,no
121524,815,North Yorkshire,"St Nicholas Church of England Primary School, West Tanfield",www.west-tanfield.n-yorks.sch.uk/,Ripon,HG4 5JN,Yorkshire and the Humber,no
147278,815,North Yorkshire,St Peter's Catholic Primary School - a Catholic voluntary academy,spsyorks.org,Scarborough,YO12 6LX,Yorkshire and the Humber,no
142148,815,North Yorkshire,St Peter's Church of England Primary School,www.stpeters.ycway.uk,Harrogate,HG1 1JA,Yorkshire and the Humber,no
148381,815,North Yorkshire,"St Robert's Catholic Primary School, A Voluntary Academy",www.strobertsprimaryschool.co.uk/,Harrogate,HG1 4AP,Yorkshire and the Humber,no
142023,815,North Yorkshire,"St Stephen's Catholic Primary School and Nursery, A Voluntary Academy",www.st-stephens.n-yorks.sch.uk,Skipton,BD23 1PJ,Yorkshire and the Humber,no
150420,815,North Yorkshire,"St Wilfrid's Catholic Primary School, a Voluntary Academy",http://stwcps.co.uk/,Ripon,HG4 2ES,Yorkshire and the Humber,no
146112,815,North Yorkshire,Stakesby Primary Academy,www.stakesbyschool.net,Whitby,YO21 1HY,Yorkshire and the Humber,no
146967,815,North Yorkshire,Starbeck Primary Academy,,Harrogate,HG2 7LL,Yorkshire and the Humber,no
121419,815,North Yorkshire,Staveley Community Primary School,http://www.staveley.n-yorks.sch.uk/,Knaresborough,HG5 9LQ,Yorkshire and the Humber,no
141880,815,North Yorkshire,Staynor Hall Primary Academy,www.staynorhall.ebor.academy,Selby,YO8 8GE,Yorkshire and the Humber,no
143612,815,North Yorkshire,Stokesley Primary Academy,www.stokesleypa.org.uk,Middlesbrough,TS9 5EW,Yorkshire and the Humber,no
141930,815,North Yorkshire,Stokesley School,http://www.stokesleyschool.org,Stokesley,TS9 5AL,Yorkshire and the Humber,no
149985,815,North Yorkshire,Summerbridge Primary School,http://www.summerbridge.n-yorks.sch.uk/,Harrogate,HG3 4JN,Yorkshire and the Humber,no
121518,815,North Yorkshire,Sutton on the Forest Church of England Voluntary Controlled Primary School,https://suttonontheforestschool.org/,York,YO61 1DW,Yorkshire and the Humber,no
151093,815,North Yorkshire,Sutton-in-Craven Church of England Primary School,http://www.sutton-in-cravencofe.n-yorks.sch.uk/,Keighley,BD20 7JS,Yorkshire and the Humber,no
121420,815,North Yorkshire,Sutton-in-Craven Community Primary School,http://www.wherelearnersgrow.co.uk,Keighley,BD20 7ES,Yorkshire and the Humber,no
145777,815,North Yorkshire,Tadcaster Grammar School,http://web.tgsbec.com/,Tadcaster,LS24 9NB,Yorkshire and the Humber,no
146152,815,North Yorkshire,Tadcaster Primary Academy,tadcaster.ebor.academy,Tadcaster,LS24 8AN,Yorkshire and the Humber,no
121771,815,North Yorkshire,The Dales School,http://www.thedalesschool.org,Northallerton,DL7 9QW,Yorkshire and the Humber,no
147819,815,North Yorkshire,The Forest School,www.forest.n-yorks.sch.uk,Knaresborough,HG5 0DQ,Yorkshire and the Humber,no
137751,815,North Yorkshire,The Rubicon Centre,,Selby,YO8 4AN,Yorkshire and the Humber,no
141179,815,North Yorkshire,The Skipton Academy,http://www.theskiptonacademy.co.uk/,Skipton,BD23 1UQ,Yorkshire and the Humber,no
121679,815,North Yorkshire,The Wensleydale School & Sixth Form,http://www.wensleydaleschool.net,Leyburn,DL8 5HY,Yorkshire and the Humber,no
139482,815,North Yorkshire,The Woodlands Academy,https://www.horizonstrust.org.uk/,Scarborough,YO12 6QN,Yorkshire and the Humber,no
121365,815,North Yorkshire,Thirsk Community Primary School,http://www.thirsk-pri.n-yorks.sch.uk/,Thirsk,YO7 1SL,Yorkshire and the Humber,no
140018,815,North Yorkshire,Thomas Hinderwell Primary Academy,www.thomashinderwell.co.uk,Scarborough,YO12 4HF,Yorkshire and the Humber,no
147763,815,North Yorkshire,Thornton Dale CofE Primary School,www.thorntondaleprimaryschool.org,Pickering,YO18 7TW,Yorkshire and the Humber,no
121521,815,North Yorkshire,Thornton Watlass Church of England Primary School,www.stwschoolsfederation.co.uk,Ripon,HG4 4AH,Yorkshire and the Humber,no
121421,815,North Yorkshire,Thornton in Craven Community Primary School,www.thorntonincravenprimary.org.uk/,Thornton-in-Craven,BD23 3SX,Yorkshire and the Humber,no
121436,815,North Yorkshire,Thorpe Willoughby Community Primary School,http://www.thorpewilloughby.n-yorks.sch.uk/,Selby,YO8 9NX,Yorkshire and the Humber,no
150397,815,North Yorkshire,Threshfield Primary School,www.threshfieldprimary.co.uk/,Skipton,BD23 5NP,Yorkshire and the Humber,no
144930,815,North Yorkshire,Tockwith Church of England Primary Academy,www.tockwith.ebor.academy,York,YO26 7RP,Yorkshire and the Humber,no
144840,815,North Yorkshire,Topcliffe CofE Academy,http://www.topcliffeacademy.org,Thirsk,YO7 3RG,Yorkshire and the Humber,no
144647,815,North Yorkshire,Trinity Academy Richmond,http://www.trinityr.dalesmat.org,Richmond,DL10 4NF,Yorkshire and the Humber,no
121523,815,North Yorkshire,Warthill Church of England Voluntary Controlled Primary School,http://www.warthill.n-yorks.sch.uk/,York,YO19 5XL,Yorkshire and the Humber,no
121344,815,North Yorkshire,Wavell Community Primary School,http://www.wavell-inf.n-yorks.sch.uk/,Catterick Garrison,DL9 3BJ,Yorkshire and the Humber,no
151092,815,North Yorkshire,Welburn Community Primary School,http://www.welburn.n-yorks.sch.uk/,York,YO60 7DX,Yorkshire and the Humber,no
121482,815,North Yorkshire,West Burton Church of England Primary School,www.b-a-wb.co.uk,Leyburn,DL8 4JY,Yorkshire and the Humber,no
144681,815,North Yorkshire,West Cliff Primary School,http://www.west-cliff.n-yorks.sch.uk/,Whitby,YO21 3EG,Yorkshire and the Humber,no
121541,815,North Yorkshire,West Heslerton Church of England Voluntary Controlled Primary School,http://www.heslerton.n-yorks.sch.uk/,Malton,YO17 8RD,Yorkshire and the Humber,no
142220,815,North Yorkshire,Western Primary School,https://www.westernps.co.uk/,Harrogate,HG2 0NA,Yorkshire and the Humber,no
121423,815,North Yorkshire,Whitley and Eggborough Community Primary School,http://www.whitleyandeggboroughcpschool.co.uk,Goole,DN14 0WE,Yorkshire and the Humber,no
148997,815,North Yorkshire,Willow Tree Community Primary School,willowtreeprimary.co.uk,Harrogate,HG2 7SG,Yorkshire and the Humber,no
121596,815,North Yorkshire,Wistow Parochial Church of England Voluntary Controlled Primary School,www.wistowschool.co.uk,Selby,YO8 3UU,Yorkshire and the Humber,no
150396,815,North Yorkshire,Wykeham Church of England Primary School,https://www.hacknesswykehamcefederation.co.uk/,Scarborough,YO13 9QB,Yorkshire and the Humber,no
121472,815,North Yorkshire,"Aiskew, Leeming Bar Church of England Primary School",www.aiskewleemingbar.org/,Northallerton,DL7 9AU,Yorkshire and the Humber,yes
121370,815,North Yorkshire,Amotherby Community Primary School,www.amotherby.n-yorks.sch.uk/,Malton,YO17 6TG,Yorkshire and the Humber,yes
121308,815,North Yorkshire,Applegarth Primary School,www.applegarth.n-yorks.sch.uk,Northallerton,DL7 8QF,Yorkshire and the Humber,yes
121602,815,North Yorkshire,Askrigg Voluntary Controlled Primary School,www.b-a-wb.co.uk,Leyburn,DL8 3BJ,Yorkshire and the Humber,yes
121477,815,North Yorkshire,Bainbridge Church of England Primary and Nursery School,www.b-a-wb.co.uk,Leyburn,DL8 3EL,Yorkshire and the Humber,yes
121604,815,North Yorkshire,Bolton-On-Swale St Mary's CofE Primary School,http://www.bolton-on-swale.n-yorks.sch.uk/,Richmond,DL10 6AQ,Yorkshire and the Humber,yes
121699,815,North Yorkshire,Boroughbridge High School,www.boroughbridgehigh.com,York,YO51 9JX,Yorkshire and the Humber,yes
121778,815,North Yorkshire,Brooklands School,http://www.brooklands.n-yorks.sch.uk/,Skipton,BD23 2DB,Yorkshire and the Humber,yes
121622,815,North Yorkshire,Burnsall Voluntary Aided Primary School,www.burnsallprimaryschool.co.uk/,Skipton,BD23 6BP,Yorkshire and the Humber,yes
121338,815,North Yorkshire,"Catterick Garrison, Le Cateau Community Primary School",http://www.lecateauprimary.co.uk,Catterick Garrison,DL9 4ED,Yorkshire and the Humber,yes
121625,815,North Yorkshire,Cawood Church of England Voluntary Aided Primary School,www.cawoodprimary.co.uk,Selby/York,YO8 3SQ,Yorkshire and the Humber,yes
121358,815,North Yorkshire,Cayton Community Primary School,http://www.caytonprimaryschool.co.uk/,Scarborough,YO11 3NN,Yorkshire and the Humber,yes
121334,815,North Yorkshire,Colburn Community Primary School,http://www.colburn.n-yorks.sch.uk/,Catterick Garrison,DL9 4LS,Yorkshire and the Humber,yes
121559,815,North Yorkshire,Embsay Church of England Voluntary Controlled Primary School,http://www.embsay.n-yorks.sch.uk/,Skipton,BD23 6RH,Yorkshire and the Humber,yes
121716,815,North Yorkshire,Ermysted's Grammar School,http://www.ermysteds.uk,Skipton,BD23 1PL,Yorkshire and the Humber,yes
121560,815,North Yorkshire,Follifoot Church of England Primary School,www.follifootandspofforth.co.uk,Harrogate,HG3 1DU,Yorkshire and the Humber,yes
121599,815,North Yorkshire,Gargrave Church of England Voluntary Controlled Primary School,http://www.gargrave.n-yorks.sch.uk,Skipton,BD23 3RE,Yorkshire and the Humber,yes
121296,815,North Yorkshire,Goathland Primary School,http://www.goathland.n-yorks.sch.uk/,Whitby,YO22 5ND,Yorkshire and the Humber,yes
121564,815,North Yorkshire,Green Hammerton Church of England Primary School,www.greenhammertonprimary.co.uk,York,YO26 8BN,Yorkshire and the Humber,yes
135850,815,North Yorkshire,Hambleton/Richmondshire Pupil Referral Service,https://www.hrprs.co.uk,Northallerton,DL6 1SZ,Yorkshire and the Humber,yes
121451,815,North Yorkshire,Hunmanby Primary School,http://www.hunmanbyprimary.co.uk/,Filey,YO14 0QH,Yorkshire and the Humber,yes
121361,815,North Yorkshire,Hutton Rudby Primary School,http://www.huttonrudbyprimary.co.uk,Yarm,TS15 0EQ,Yorkshire and the Humber,yes
121569,815,North Yorkshire,Killinghall Church of England Primary School,http://www.killinghall.n-yorks.sch.uk/,Harrogate,HG3 2DW,Yorkshire and the Humber,yes
121687,815,North Yorkshire,King James's School,https://www.king-james.co.uk/,Knaresborough,HG5 8EB,Yorkshire and the Humber,yes
121573,815,North Yorkshire,Kirk Smeaton Church of England Voluntary Controlled Primary School,http://www.kirksmeaton.n-yorks.sch.uk/,Pontefract,WF8 3JY,Yorkshire and the Humber,yes
121570,815,North Yorkshire,Kirkby Malzeard Church of England Primary School,http://www.kirkbymalzeard.n-yorks.sch.uk/,Ripon,HG4 3RT,Yorkshire and the Humber,yes
121611,815,North Yorkshire,Kirkby and Great Broughton Church of England Voluntary Aided Primary School,www.kirkbyandgreatbroughtonschool.co.uk,Middlesbrough,TS9 7AL,Yorkshire and the Humber,yes
121333,815,North Yorkshire,Leeming RAF Community Primary School,http://www.leeming-raf.n-yorks.sch.uk/,Northallerton,DL7 9NQ,Yorkshire and the Humber,yes
121293,815,North Yorkshire,Leeming and Londonderry Community Primary School,http://www.leeminglondonderry.n-yorks.sch.uk/,Northallerton,DL7 9SG,Yorkshire and the Humber,yes
121337,815,North Yorkshire,Linton-on-Ouse Primary School,http://www.linton.n-yorks.sch.uk,York,YO30 2BD,Yorkshire and the Humber,yes
121575,815,North Yorkshire,Long Marston Church of England Voluntary Controlled Primary School,http://www.longmarston.n-yorks.sch.uk/,York,YO26 7LR,Yorkshire and the Humber,yes
121609,815,North Yorkshire,Michael Syddall Church of England Aided Primary School,www.michael-syddall.n-yorks.sch.uk,Richmond,DL10 7LB,Yorkshire and the Humber,yes
121306,815,North Yorkshire,Nawton Community Primary School,http://www.nawton.n-yorks.sch.uk,York,YO62 7SF,Yorkshire and the Humber,yes
121455,815,North Yorkshire,North Duffield Community Primary School,http://www.northduffield.n-yorks.sch.uk/,Selby,YO8 5RZ,Yorkshire and the Humber,yes
121721,815,North Yorkshire,Nun Monkton Primary Foundation School,www.nunmonkton.n-yorks.sch.uk,York,YO26 8ER,Yorkshire and the Humber,yes
121363,815,North Yorkshire,Pickering Community Infant School,http://www.pickering-inf.n-yorks.sch.uk/,Pickering,YO18 7AT,Yorkshire and the Humber,yes
121356,815,North Yorkshire,Pickering Community Junior School,http://www.pickering-jun.n-yorks.sch.uk,Pickering,YO18 8AJ,Yorkshire and the Humber,yes
121457,815,North Yorkshire,Riccall Community Primary School,http://www.riccallprimary.co.uk,York,YO19 6PF,Yorkshire and the Humber,yes
121581,815,North Yorkshire,Ripon Cathedral Church of England Primary School,www.riponcathedralschool.org.uk/,Ripon,HG4 1LT,Yorkshire and the Humber,yes
121694,815,North Yorkshire,Ripon Grammar School,http://www.ripongrammar.co.uk,Ripon,HG4 2DG,Yorkshire and the Humber,yes
121463,815,North Yorkshire,Saltergate Community Junior School,www.saltergateschools.co.uk,Harrogate,HG3 2TT,Yorkshire and the Humber,yes
121464,815,North Yorkshire,Saltergate Infant School,www.saltergateschools.co.uk,Harrogate,HG3 2TT,Yorkshire and the Humber,yes
121357,815,North Yorkshire,Seamer and Irton Community Primary School,https://www.seamerirtonprimary.co.uk,Scarborough,YO12 4QX,Yorkshire and the Humber,yes
121586,815,North Yorkshire,Selby Abbey Church of England Voluntary Controlled Primary School,www.selbyabbeyprimaryschool.co.uk/,Selby,YO8 4QB,Yorkshire and the Humber,yes
121702,815,North Yorkshire,Selby High School Specialist School for the Arts and Science,http://www.selby-high.org.uk,Selby,YO8 4HT,Yorkshire and the Humber,yes
121689,815,North Yorkshire,Settle College,www.settlecollege.org.uk,Settle,BD24 0AU,Yorkshire and the Humber,yes
121342,815,North Yorkshire,Sheriff Hutton Primary School,http://www.sheriffhuttonschool.org,York,YO60 6SH,Yorkshire and the Humber,yes
121592,815,North Yorkshire,Spofforth Church of England Controlled Primary School,www.follifootandspofforth.co.uk,Harrogate,HG3 1BA,Yorkshire and the Humber,yes
121776,815,North Yorkshire,Springwater School,http://www.springwater.n-yorks.sch.uk/,Harrogate,HG2 7LW,Yorkshire and the Humber,yes
121615,815,North Yorkshire,"St Martin's Church of England Voluntary Aided Primary School, Scarborough",https://stmartinscofeprimaryschool.co.uk/w3/index.php,Scarborough,YO11 3BW,Yorkshire and the Humber,yes
121606,815,North Yorkshire,St Peter's Brafferton Church of England Voluntary Aided Primary School,http://www.st-peters-brafferton.n-yorks.sch.uk/,York,YO61 2PA,Yorkshire and the Humber,yes
121301,815,North Yorkshire,"Staithes, Seton Community Primary School",http://www.seton.n-yorks.sch.uk/,Saltburn-by-the-Sea,TS13 5AU,Yorkshire and the Humber,yes
121324,815,North Yorkshire,Stillington Primary School,http://www.stillingtonschool.org.uk,York,YO61 1LA,Yorkshire and the Humber,yes
121616,815,North Yorkshire,Terrington Church of England Voluntary Aided Primary School,http://www.terringtonschool.org,York,YO60 6NS,Yorkshire and the Humber,yes
121621,815,North Yorkshire,The Boyle and Petyt Primary School,http://www.boyle-petyt.n-yorks.sch.uk/,Skipton,BD23 6HE,Yorkshire and the Humber,yes
121666,815,North Yorkshire,Thirsk School & Sixth Form College,http://www.thirskschool.org,Thirsk,YO7 1RZ,Yorkshire and the Humber,yes
121690,815,North Yorkshire,Upper Wharfedale School,www.uws.n-yorks.sch.uk,Skipton,BD23 5BS,Yorkshire and the Humber,yes
121766,815,North Yorkshire,Welburn Hall School,http://www.welburn-hall.n-yorks.sch.uk/,York,YO62 7HQ,Yorkshire and the Humber,yes
121349,815,North Yorkshire,Wheatcroft Community Primary School,www.wheatcroftprimary.com,Scarborough,YO11 3BW,Yorkshire and the Humber,yes
121667,815,North Yorkshire,Whitby School,http://www.whitbyschool.co.uk/,Whitby,YO21 1LA,Yorkshire and the Humber,yes
