urn,district_code,district_name,school_name,website,town,postcode,region,has_email_collected
137249,823,Central Bedfordshire,Alameda Middle School,https://www.alamedamiddleschool.org.uk/,Bedford,MK45 2QR,East of England,no
138209,823,Central Bedfordshire,Ardley Hill Academy,www.ardleyhill.org.uk,Dunstable,LU6 3NZ,East of England,no
136829,823,Central Bedfordshire,Arnold Academy,http://www.arnoldacademy.org.uk,Bedford,MK45 4JZ,East of England,no
109428,823,Central Bedfordshire,Aspley Guise Village School,www.aspleyguise.school/,Aspley Guise,MK17 8JT,East of England,no
109466,823,Central Bedfordshire,Beaudesert Lower School,http://www.beaudesert.school,Leighton Buzzard,LU7 3DX,East of England,no
140276,823,Central Bedfordshire,Beecroft Academy,www.beecroftacademy.co.uk/,Dunstable,LU6 1DW,East of England,no
137947,823,Central Bedfordshire,Biggleswade Academy,http://www.biggleswadeacademy.org,Biggleswade,SG18 8JU,East of England,no
137636,823,Central Bedfordshire,Brooklands Middle School,http://www.brooklandsschool.co.uk/,Leighton Buzzard,LU7 3PF,East of England,no
109664,823,Central Bedfordshire,Caddington Village School,http://www.caddingtonschool.net,Luton,LU1 4JD,East of England,no
144010,823,Central Bedfordshire,Caldecote Church of England Academy,www.caldecoteceacademy.co.uk,Biggleswade,SG18 9DA,East of England,no
148104,823,Central Bedfordshire,Campton Academy,www.camptonacademy.org.uk,Shefford,SG17 5PF,East of England,no
137462,823,Central Bedfordshire,Cedars Upper School,http://www.cedarsupper.org.uk/,Leighton Buzzard,LU7 2AE,East of England,no
109487,823,Central Bedfordshire,Chalton Lower School,www.chaltonlower.co.uk/,Luton,LU4 9UJ,East of England,no
140228,823,Central Bedfordshire,Clifton All Saints Academy,www.cliftonallsaintsacademy.co.uk,Near Shefford,SG17 5ES,East of England,no
137853,823,Central Bedfordshire,Cranfield Church of England Academy,http://www.cranfieldchurchofenglandacademy.co.uk,Bedford,MK43 0DR,East of England,no
109457,823,Central Bedfordshire,Derwent Primary School,http://www.derwentlower.org.uk,Henlow,SG16 6BA,East of England,no
149324,823,Central Bedfordshire,Dovery Academy,www.doveryacademy.org,Leighton Buzzard,LU7 3AG,East of England,no
151210,823,Central Bedfordshire,Dunstable Icknield Lower School,www.dunstableicknield.co.uk,Dunstable,LU6 3AG,East of England,no
109599,823,Central Bedfordshire,Dunton CofE Junior School,www.duntonwrestlingworthschool.com,Biggleswade,SG18 8RN,East of England,no
136539,823,Central Bedfordshire,Eaton Bray Academy,http://www.eatonbrayacademy.co.uk,Dunstable,LU6 2DT,East of England,no
137632,823,Central Bedfordshire,Etonbury Academy,http://www.etonbury.org.uk/,Arlesey,SG15 6XS,East of England,no
137555,823,Central Bedfordshire,Eversholt Lower School,www.eversholtschool.co.uk,Milton Keynes,MK17 9DU,East of England,no
145805,823,Central Bedfordshire,Everton Heath Primary School,www.evertonheath.org.uk,Nr Sandy,SG19 2LE,East of England,no
109452,823,Central Bedfordshire,Flitwick Lower School,www.flitwicklower.co.uk,Bedford,MK45 1LU,East of England,no
137904,823,Central Bedfordshire,Fulbrook,http://www.fulbrook.school,Milton Keynes,MK17 8NP,East of England,no
138003,823,Central Bedfordshire,Gilbert Inglefield Academy,www.gilbertinglefield.com,Leighton Buzzard,LU7 3FU,East of England,no
140281,823,Central Bedfordshire,Gothic Mede Academy,www.gothicmede.org.uk/,Arlesey,SG15 6SL,East of England,no
140075,823,Central Bedfordshire,Gravenhurst Academy,www.gravenhurstacademy.org.uk,Bedford,MK45 4HY,East of England,no
137290,823,Central Bedfordshire,Greenfield CofE VC Lower School,www.greenfieldpulloxhillschools.org.uk,Greenfield,MK45 5ES,East of England,no
109591,823,Central Bedfordshire,Greenleas School,www.greenleas.net,Leighton Buzzard,LU7 2AB,East of England,no
137778,823,Central Bedfordshire,Hadrian Academy,www.hadrianacademy.co.uk,Dunstable,LU5 4SR,East of England,no
138938,823,Central Bedfordshire,Harlington Lower School,www.harlingtonlower.co.uk,Dunstable,LU5 6PD,East of England,no
137941,823,Central Bedfordshire,Harlington Upper School,http://www.harlington.org,Dunstable,LU5 6NX,East of England,no
109456,823,Central Bedfordshire,Haynes Lower School,www.hayneslowerschool.co.uk/,Bedford,MK45 3PR,East of England,no
109513,823,Central Bedfordshire,Heathwood Lower School,http://www.heathwoodlower.com/,Leighton Buzzard,LU7 3AU,East of England,no
138027,823,Central Bedfordshire,Henlow Church of England Academy,www.henlowacademy.co.uk,Henlow,SG16 6AN,East of England,no
150145,823,Central Bedfordshire,Hockliffe Lower School,www.hockliffelowerschool.co.uk/,Leighton Buzzard,LU7 9LL,East of England,no
138844,823,Central Bedfordshire,Holywell School,http://www.holywellschool.co.uk,Bedford,MK43 0JA,East of England,no
109458,823,Central Bedfordshire,Houghton Conquest Lower School,www.hcschool.org.uk,Bedford,MK45 3LL,East of England,no
109459,823,Central Bedfordshire,Houghton Regis Primary School,www.houghtonregisprimary.co.uk,Dunstable,LU5 5DH,East of England,no
149107,823,Central Bedfordshire,Houstone School,https://www.houstoneschool.co.uk/,Dunstable,LU5 5PX,East of England,no
109460,823,Central Bedfordshire,Husborne Crawley Lower School,www.hclowerschool.co.uk/,Husborne Crawley,MK43 0UZ,East of England,no
109615,823,Central Bedfordshire,John Donne Church of England Primary School,www.johndonne.co.uk,Bedford,MK44 3NL,East of England,no
144458,823,Central Bedfordshire,Kensworth Church of England Academy,https://www.kensworthacademy.co.uk,Dunstable,LU6 3RH,East of England,no
150629,823,Central Bedfordshire,Laburnum Primary School,www.laburnumprimary.co.uk,Sandy,SG19 1HQ,East of England,no
142036,823,Central Bedfordshire,Lancot School,https://www.lancotschool.co.uk/,Dunstable,LU6 2AP,East of England,no
140835,823,Central Bedfordshire,Langford Village Academy,www.langfordvillageacademy.org.uk,Biggleswade,SG18 9QA,East of England,no
136345,823,Central Bedfordshire,Lark Rise Academy,www.larkrise.com,Dunstable,LU6 3PT,East of England,no
145427,823,Central Bedfordshire,Lawnside Academy,www.lawnsideacademy.org.uk,Biggleswade,SG18 0LX,East of England,no
109509,823,Central Bedfordshire,Leedon Lower School,http://www.leedonlowerschool.co.uk,Leighton Buzzard,LU7 3LZ,East of England,no
148227,823,Central Bedfordshire,Lime Tree Primary Academy,www.limetree.academy,,LU5 5QN,East of England,no
109515,823,Central Bedfordshire,Linslade Lower School,www.linsladelower.co.uk,Leighton Buzzard,LU7 2QU,East of England,no
136766,823,Central Bedfordshire,Linslade School,http://www.linslademiddle.beds.sch.uk/,Leighton Buzzard,LU7 2PA,East of England,no
144342,823,Central Bedfordshire,Manshead Church of England Academy,www.mansheadschool.co.uk,Luton,LU1 4BB,East of England,no
132236,823,Central Bedfordshire,Maple Tree Primary School,www.mapletreeprimaryschool.com/,Sandy,SG19 2WA,East of England,no
147183,823,Central Bedfordshire,Marston Moreteyne VC School,www.marstonmoreteyneschool.org,Marston Moreteyne,MK43 0NE,East of England,no
148640,823,Central Bedfordshire,Meppershall Church of England Academy,www.meppershallschool.org.uk,Shefford,SG17 5LZ,East of England,no
109473,823,Central Bedfordshire,Moggerhanger Primary School,www.moggerhangerprimary.co.uk,Bedford,MK44 3RD,East of England,no
148411,823,Central Bedfordshire,Northill CofE Academy,www.northillschool.org.uk/,Biggleswade,SG18 9AH,East of England,no
140286,823,Central Bedfordshire,Oak Bank School,www.oakbank.beds.sch.uk,Leighton Buzzard,LU7 3BE,East of England,no
147804,823,Central Bedfordshire,Parkfields Middle School,http://www.parkfieldsschool.co.uk,Dunstable,LU5 6AB,East of England,no
147081,823,Central Bedfordshire,Pix Brook Academy,www.pixbrookacademy.co.uk,Stotfold,SG5 4HB,East of England,no
109475,823,Central Bedfordshire,Potton Primary School,www.pottonprimary.co.uk,Sandy,SG19 2PG,East of England,no
138181,823,Central Bedfordshire,Priory Academy,http://www.prioryacademy.co.uk/,Dunstable,LU5 4JA,East of England,no
109619,823,Central Bedfordshire,Pulford CofE VA Lower School,http://www.pulfordschool.org,Leighton Buzzard,LU7 1AB,East of England,no
138571,823,Central Bedfordshire,Queensbury Academy,www.queensburyacademy.com,Dunstable,LU6 3BU,East of England,no
147803,823,Central Bedfordshire,Ramsey Manor Lower School,www.ramseymanor.co.uk,Bedford,MK45 4NS,East of England,no
139473,823,Central Bedfordshire,Raynsford Church of England Academy,www.raynsfordacademy.org.uk,Henlow,SG16 6AT,East of England,no
136559,823,Central Bedfordshire,Redborne Upper School and Community College,http://redbornecommunitycollege.com,Bedford,MK45 2NU,East of England,no
109476,823,Central Bedfordshire,Ridgmont Lower School,www.ridgmont-lower.org.uk/,Bedford,MK43 0TS,East of England,no
136713,823,Central Bedfordshire,Robert Bloomfield Academy,http://www.robertbloomfield.beds.sch.uk/,Shefford,SG17 5BU,East of England,no
109522,823,Central Bedfordshire,Robert Peel Primary School,www.robertpeelprimaryschool.org,Sandy,SG19 1QJ,East of England,no
109484,823,Central Bedfordshire,Roecroft Lower School,http://www.roecroftlower.co.uk,Hitchin,SG5 4PF,East of England,no
109495,823,Central Bedfordshire,Russell Lower School,http://www.russell-lower.co.uk/,Ampthill,MK45 2TD,East of England,no
137948,823,Central Bedfordshire,Samuel Whitbread Academy,http://www.samuelwhitbread.org.uk/,Shefford,SG17 5QS,East of England,no
109669,823,Central Bedfordshire,Sandy Secondary School,https://www.sandysecondaryschool.com/,Sandy,SG19 1BL,East of England,no
109479,823,Central Bedfordshire,Shefford Lower School,www.sheffordlowerschool.co.uk/,Shefford,SG17 5XA,East of England,no
109471,823,Central Bedfordshire,Shelton Lower School,www.sheltonandsouthillschool.co.uk,Beds,MK43 0LS,East of England,no
109480,823,Central Bedfordshire,Shillington Lower School,www.shillingtonstondon.co.uk,Hitchin,SG5 3NX,East of England,no
109605,823,Central Bedfordshire,Silsoe CofE VC Lower School,www.silsoeschool.co.uk,Bedford,MK45 4GP,East of England,no
109481,823,Central Bedfordshire,Southill Lower School,http://www.southilllower.org.uk,Biggleswade,SG18 9JA,East of England,no
109595,823,Central Bedfordshire,St Andrew's CofE VC Primary School,www.standrewslowerschool.co.uk,Biggleswade,SG18 0LY,East of England,no
138021,823,Central Bedfordshire,St Christophers Academy,www.stchristophersacademy.org,Dunstable,LU5 4NJ,East of England,no
109618,823,Central Bedfordshire,"St Leonards, Heath and Reach, VA Lower School",www.stleonards.beds.sch.uk,Leighton Buzzard,LU7 0AX,East of England,no
145324,823,Central Bedfordshire,St Mary's Catholic Primary School,www.stmarysprimary.org.uk/,Luton,LU1 4BB,East of England,no
138022,823,Central Bedfordshire,St Mary's CofE Academy Stotfold,http://www.stmarysacademystotfold.co.uk,Hitchin,SG5 4DL,East of England,no
109617,823,Central Bedfordshire,St Mary's VA CofE Lower School,www.clophillstmarysschool.co.uk,Clophill,MK45 4BE,East of England,no
109604,823,Central Bedfordshire,St Swithun's Church of England VC Primary School,www.stswithunssandy.co.uk,Sandy,SG19 1AX,East of England,no
145325,823,Central Bedfordshire,St Vincent's Catholic Primary School,www.stvincentshr.org,Dunstable,LU5 5RG,East of England,no
138558,823,Central Bedfordshire,St. Augustine's Academy,www.staugustinesacademy.co.uk,Dunstable,LU5 4AS,East of England,no
109482,823,Central Bedfordshire,Stanbridge Lower School,http://stanbridge.beds.sch.uk/,Leighton Buzzard,LU7 9HY,East of England,no
109469,823,Central Bedfordshire,Stondon Lower School,,Henlow,SG16 6LQ,East of England,no
137886,823,Central Bedfordshire,Stratton School,www.stratton.school,Biggleswade,SG18 8JB,East of England,no
148234,823,Central Bedfordshire,Studham Village CofE Academy,http://www.studhamschools.org.uk,Studham,LU6 2QD,East of England,no
138939,823,Central Bedfordshire,Sundon Lower School,www.sundonlower.co.uk,Luton,LU3 3PQ,East of England,no
139411,823,Central Bedfordshire,The Academy of Central Bedfordshire,www.acb.beds.sch.uk,Houghton Regis,LU5 5PX,East of England,no
137756,823,Central Bedfordshire,The Firs Lower School,http://www.firslower.co.uk,Bedford,MK45 2QR,East of England,no
146685,823,Central Bedfordshire,The Rushmere Park Academy,https://www.therushmereparkacademy.co.uk/,Leighton Buzzard,LU7 1EW,East of England,no
138714,823,Central Bedfordshire,The Vale Academy,https://www.thevaleacademy.co.uk/,Dunstable,LU5 4QP,East of England,no
109468,823,Central Bedfordshire,Thomas Johnson Lower School,www.thomasjohnsonschool.co.uk,Bedford,MK43 0SB,East of England,no
143850,823,Central Bedfordshire,Thomas Whitehead Church of England Academy,https://www.thomaswhiteheadceacademy.co.uk,Dunstable,LU5 5HH,East of England,no
109504,823,Central Bedfordshire,Thornhill Primary School,http://www.thornhill-primary.co.uk,Dunstable,LU5 5PE,East of England,no
109585,823,Central Bedfordshire,Tithe Farm Primary School,www.tithefarmprimary.co.uk,Dunstable,LU5 5JB,East of England,no
139372,823,Central Bedfordshire,Toddington St George Church of England School,http://www.toddingtonstgeorge.co.uk,Dunstable,LU5 6AJ,East of England,no
145426,823,Central Bedfordshire,Totternhoe Church of England Academy,http://www.totternhoe.beds.sch.uk,Dunstable,LU6 1RE,East of England,no
137169,823,Central Bedfordshire,Vandyke Upper School,http://www.vandyke.beds.sch.uk/,Leighton Buzzard,LU7 3DY,East of England,no
109499,823,Central Bedfordshire,Watling Lower School,http://www.watlinglower.org.uk,Dunstable,LU6 3BJ,East of England,no
137896,823,Central Bedfordshire,Weatherfield Academy,http://www.schools.bedfordshire.gov.uk/schools/weatherf/index.htm,Dunstable,LU6 1AF,East of England,no
147994,823,Central Bedfordshire,Westoning Lower School,www.westoning.org,Bedford,MK45 5JH,East of England,no
109493,823,Central Bedfordshire,Woburn Lower School,www.woburn-lower-school.co.uk/,Woburn,MK17 9QL,East of England,no
136560,823,Central Bedfordshire,Woodland Middle School Academy,http://www.woodlandacademy.co.uk/,Bedford,MK45 1NP,East of England,no
109609,823,Central Bedfordshire,Wrestlingworth CofE Infant School,www.duntonwrestlingworthschool.com,Sandy,SG19 2EU,East of England,no
135946,823,Central Bedfordshire,All Saints Academy Dunstable,http://www.allsaintsacademydunstable.org/,Dunstable,LU5 5AB,East of England,yes
109703,823,Central Bedfordshire,Ashton St Peter's VA C of E School,www.ashtonstpeters.beds.sch.uk/,Dunstable,LU6 1EW,East of England,yes
109521,823,Central Bedfordshire,Clipstone Brook Lower School,https://www.clipstonebrooklower.co.uk,Leighton Buzzard,LU7 3PG,East of England,yes
109694,823,Central Bedfordshire,Edward Peake CofE VC School,www.edwardpeake.beds.sch.uk,Biggleswade,SG18 0EJ,East of England,yes
135021,823,Central Bedfordshire,Fairfield Park Lower School,www.fairfield.beds.sch.uk,Fairfield Park,SG5 4FD,East of England,yes
109739,823,Central Bedfordshire,Ivel Valley School & College,www.ivelvalley.beds.sch.uk,Biggleswade,SG18 0NL,East of England,yes
109507,823,Central Bedfordshire,Kingsmoor Lower School,www.kingsmoorschool.co.uk/,Bedford,MK45 1EY,East of England,yes
109689,823,Central Bedfordshire,Leighton Middle School,www.leightonmiddle.org.uk,Leighton Buzzard,LU7 1EX,East of England,yes
109472,823,Central Bedfordshire,Maulden Lower School,www.mauldenlower.com,Bedford,MK45 2AU,East of England,yes
109440,823,Central Bedfordshire,Slip End Village School,https://www.slipendschool.org/,Luton,LU1 4DD,East of England,yes
109523,823,Central Bedfordshire,Southcott Lower School,http://www.southcottlowerschool.com,Leighton Buzzard,LU7 2UA,East of England,yes
109626,823,Central Bedfordshire,Sutton CofE VA Primary School,www.suttonprimary.co.uk,Sutton,SG19 2NE,East of England,yes
109429,823,Central Bedfordshire,Swallowfield Primary,www.swallowfieldprimary.com,Milton Keynes,MK17 8SR,East of England,yes
109527,823,Central Bedfordshire,Templefield Lower School,www.templefield-lower.co.uk/,Bedford,MK45 1AJ,East of England,yes
109746,823,Central Bedfordshire,The Chiltern School,www.chiltern.beds.sch.uk,Dunstable,LU5 5PX,East of England,yes
109508,823,Central Bedfordshire,The Mary Bassett Lower School,www.marybassett.co.uk,Leighton Buzzard,LU7 1AR,East of England,yes
109422,823,Central Bedfordshire,Westfield Nursery School,http://www.westfieldnurseryschool.org,Dunstable,LU6 1DL,East of England,yes
109415,823,Central Bedfordshire,Willow Nursery School,www.willownursery.co.uk,Dunstable,LU5 4QU,East of England,yes
