urn,district_code,district_name,school_name,website,town,postcode,region,has_email_collected
147062,825,Buckinghamshire,Abbey View Primary Academy,http://www.abbeyviewprimaryacademy.org,High Wycombe,HP11 1BX,South East,no
137934,825,Buckinghamshire,Alfriston School,https://www.alfristonschool.com/,Beaconsfield,HP9 2TS,South East,no
137343,825,Buckinghamshire,Amersham School,http://www.amershamschool.org.uk,Amersham,HP7 9HH,South East,no
151367,825,Buckinghamshire,Ashmead Combined School,http://www.ashmeadschool.org.uk,Aylesbury,HP21 8SU,South East,no
143574,825,Buckinghamshire,Aspire,www.aspireap.org.uk,High Wycombe,HP13 6PQ,South East,no
110332,825,Buckinghamshire,Aston Clinton School,www.astonclintonschool.co.uk,Aylesbury,HP22 5JJ,South East,no
136884,825,Buckinghamshire,Aylesbury Grammar School,http://www.ags.bucks.sch.uk,Aylesbury,HP21 7RP,South East,no
136846,825,Buckinghamshire,Aylesbury High School,www.ahs.bucks.sch.uk,Aylesbury,HP21 7SX,South East,no
139434,825,Buckinghamshire,Aylesbury UTC,http://www.aylesburyutc.co.uk/,Aylesbury,HP21 8PB,South East,no
140893,825,Buckinghamshire,Beaconsfield High School,www.beaconsfieldhigh.bucks.sch.uk,Beaconsfield,HP9 1RR,South East,no
147242,825,Buckinghamshire,Bearbrook Combined School,www.bearbrookschool.co.uk/,Aylesbury,HP19 7QP,South East,no
110282,825,Buckinghamshire,Bedgrove Infant School,www.bedgroveinfantschool.co.uk/,Aylesbury,HP21 9DJ,South East,no
146809,825,Buckinghamshire,Bedgrove Junior School,www.bedgrovejunior.bucks.sch.uk/,Aylesbury,HP21 9DN,South East,no
142609,825,Buckinghamshire,Beechview Academy,www.beechview.org.uk,High Wycombe,HP13 7NT,South East,no
110417,825,Buckinghamshire,Bierton Church of England Combined School,www.biertoncombined.co.uk/,Aylesbury,HP22 5DF,South East,no
110209,825,Buckinghamshire,Bledlow Ridge School,www.bledlow.eschools.co.uk/,High Wycombe,HP14 4AZ,South East,no
110588,825,Buckinghamshire,Booker Park Community School,www.thevalefederation.com,Aylesbury,HP21 9ET,South East,no
137939,825,Buckinghamshire,Bourton Meadow Academy,www.bourtonmeadow.co.uk/,Buckingham,MK18 7HX,South East,no
110199,825,Buckinghamshire,Bowerdean Nursery School,www.bowerdean.bucks.sch.uk,High Wycombe,HP13 6AW,South East,no
139446,825,Buckinghamshire,Brill Church of England School,www.brillschool.org.uk,Aylesbury,HP18 9RY,South East,no
110518,825,Buckinghamshire,Brookmead School,www.brookmeadschool.co.uk,Leighton Buzzard,LU7 9EX,South East,no
110523,825,Buckinghamshire,Brushwood Junior School,http://www.brushwoodjunior.education,Chesham,HP5 3DW,South East,no
137570,825,Buckinghamshire,Buckingham Park Church of England Primary School,http://www.buckinghampark.org,Aylesbury,HP19 9DZ,South East,no
110329,825,Buckinghamshire,Buckingham Primary School,http://www.buckinghamprimary.com/,Buckingham,MK18 1TT,South East,no
110484,825,Buckinghamshire,Buckingham School,www.buckinghamschool.org,Buckingham,MK18 1AT,South East,no
110314,825,Buckinghamshire,Burford School,http://www.burfordschool.co.uk,Marlow,SL7 3PQ,South East,no
137564,825,Buckinghamshire,Burnham Grammar School,www.burnhamgrammar.org.uk,Slough,SL1 7HG,South East,no
110291,825,Buckinghamshire,Butlers Court School,www.butlerscourt.bucks.sch.uk,Beaconsfield,HP9 1RW,South East,no
110460,825,Buckinghamshire,Cadmore End CofE School,www.cadmoreendschool.org,High Wycombe,HP14 3PE,South East,no
110283,825,Buckinghamshire,Carrington Infant School,www.carrington-inf.bucks.sch.uk,High Wycombe,HP10 9AA,South East,no
110522,825,Buckinghamshire,Castlefield School,www.castlefieldschool.co.uk,High Wycombe,HP12 3LE,South East,no
131907,825,Buckinghamshire,Cedar Park School & Nursery,http://www.cedarpark.org.uk/,High Wycombe,HP15 7EF,South East,no
110214,825,Buckinghamshire,Chalfont St Giles Infant School and Nursery,http://www.csgvillageschool.org,Chalfont St Giles,HP8 4JJ,South East,no
136726,825,Buckinghamshire,Chalfont St Peter CofE Academy,www.cspacademy.org.uk,Gerrards Cross,SL9 9SS,South East,no
110269,825,Buckinghamshire,Chalfont St Peter Infant School,http://www.chalfontstpeterinfantschool.co.uk,Gerrards Cross,SL9 9PB,South East,no
138583,825,Buckinghamshire,Chalfont Valley E-ACT Primary Academy,https://chalfontvalleyacademy.e-act.org.uk/,Amersham,HP6 6PF,South East,no
110215,825,Buckinghamshire,Cheddington Combined School,www.cheddingtonschool.org,,LU7 0RG,South East,no
150088,825,Buckinghamshire,Chenies School,http://www.chenies.bucks.sch.uk/,Rickmansworth,WD3 6ER,South East,no
137979,825,Buckinghamshire,Chepping View Primary Academy,www.cheppingviewprimaryacademy.org,High Wycombe,HP12 4PR,South East,no
145033,825,Buckinghamshire,Chesham Bois Church of England School,www.cheshamboisschool.co.uk,Amersham,HP6 6DE,South East,no
137091,825,Buckinghamshire,Chesham Grammar School,http://www.cheshamgrammar.org,Chesham,HP5 1BA,South East,no
137280,825,Buckinghamshire,Chiltern Hills Academy,www.chilternhillsacademy.co.uk,Chesham,HP5 2RG,South East,no
142695,825,Buckinghamshire,Chiltern Way Academy,www.chilternway.org,Aylesbury,HP22 6NL,South East,no
110578,825,Buckinghamshire,Chiltern Wood School,www.chilternwood.bucks.sch.uk,High Wycombe,HP12 3NE,South East,no
110326,825,Buckinghamshire,Claytons Primary School,www.claytonsps.org,Bourne End,SL8 5NS,South East,no
110426,825,Buckinghamshire,Coleshill Church of England Infant School,www.coleshillvillageschool.co.uk,Amersham,HP7 0LQ,South East,no
110500,825,Buckinghamshire,Cressex Community School,www.cressex.org,High Wycombe,HP12 4QA,South East,no
110452,825,Buckinghamshire,Cuddington and Dinton CofE School,www.cuddingtonanddintonschool.co.uk,Aylesbury,HP18 0AP,South East,no
147807,825,Buckinghamshire,Curzon Church of England Combined School,http://www.curzonschool.co.uk,Amersham,HP7 0QL,South East,no
142323,825,Buckinghamshire,Dagnall VA Church of England School,www.dagnall.bucks.sch.uk,Dagnall,HP4 1QX,South East,no
139679,825,Buckinghamshire,Denham Green E-ACT Primary Academy,https://denhamgreenacademy.e-act.org.uk/,Denham Green,UB9 5JL,South East,no
110219,825,Buckinghamshire,Denham Village School,www.denhamvillageschool.co.uk,Uxbridge,UB9 5AE,South East,no
144339,825,Buckinghamshire,Dorney School,http://www.dorneyschool.co.uk,Maidenhead,SL6 0DY,South East,no
136419,825,Buckinghamshire,Dr Challoner's Grammar School,www.challoners.com,Amersham,HP6 5HA,South East,no
137219,825,Buckinghamshire,Dr Challoner's High School,http://challonershigh.com/,Amersham,HP7 9QB,South East,no
110222,825,Buckinghamshire,Drayton Parslow Village School,www.threeschools.org,Milton Keynes,MK17 0JR,South East,no
110223,825,Buckinghamshire,Dropmore Infant School,www.dropmoreinfant.eschools.co.uk/,Burnham,SL1 8PF,South East,no
146518,825,Buckinghamshire,E-Act Bourne End Academy,https://bourneendacademy.e-act.org.uk/,Bourne End,SL8 5BW,South East,no
143643,825,Buckinghamshire,East Claydon Church of England School,www.eastclaydon.org.uk,East Claydon,MK18 2LS,South East,no
148228,825,Buckinghamshire,Edlesborough Primary Academy,epa-primary.org,Dunstable,LU6 2HS,South East,no
147156,825,Buckinghamshire,Elmhurst School,www.elmhurstschool.org,Aylesbury,HP20 2DB,South East,no
148015,825,Buckinghamshire,Elmtree Infant and Nursery School,www.elmtreeschoolandnursery.co.uk,Chesham,HP5 2PA,South East,no
110344,825,Buckinghamshire,Farnham Common Infant School,www.farnhamcommonvillageschools.co.uk,Slough,SL2 3HS,South East,no
131523,825,Buckinghamshire,Foxes Piece School,www.foxespiece.co.uk,Marlow,SL7 1JW,South East,no
110461,825,Buckinghamshire,Frieth Church of England Combined School,www.friethschool.co.uk,Henley-on-Thames,RG9 6PR,South East,no
110227,825,Buckinghamshire,Fulmer Infant School,www.fulmer.bucks.sch.uk/,Slough,SL3 6JB,South East,no
140368,825,Buckinghamshire,George Grenville Academy,www.georgegrenville.co.uk/,Buckingham,MK18 1AP,South East,no
145032,825,Buckinghamshire,Great Horwood Church of England School,www.greathorwood.bucks.sch.uk,Milton Keynes,MK17 0RG,South East,no
145323,825,Buckinghamshire,Great Kimble Church of England School,www.greatkimbleschool.co.uk,Aylesbury,HP17 9TH,South East,no
145245,825,Buckinghamshire,Great Kingshill Church of England Combined School,www.greatkingshill.school,High Wycombe,HP15 6JP,South East,no
136964,825,Buckinghamshire,Great Marlow School,www.gms.bucks.sch.uk,Marlow,SL7 1JE,South East,no
140721,825,Buckinghamshire,Great Missenden CofE Combined School,www.greatmissendenschool.co.uk,Great Missenden,HP16 0AZ,South East,no
144747,825,Buckinghamshire,Green Ridge Primary Academy,https://www.greenridgeacademy.co.uk,Aylesbury,HP18 0YA,South East,no
150823,825,Buckinghamshire,Grendon Underwood School,https://gucs.org.uk,Aylesbury,HP18 0SP,South East,no
110229,825,Buckinghamshire,Haddenham Community Infant School,www.haddenhaminfant.bucks.sch.uk,Aylesbury,HP17 8DS,South East,no
110347,825,Buckinghamshire,Haddenham Community Junior School,http://www.haddenham-jun.bucks.sch.uk,Aylesbury,HP17 8DS,South East,no
110446,825,Buckinghamshire,Haddenham St Mary's Church of England School,www.haddenham-st-marys.bucks.sch.uk,Aylesbury,HP17 8AF,South East,no
110391,825,Buckinghamshire,Halton Community Combined School,www.halton.bucks.sch.uk,Aylesbury,HP22 5PN,South East,no
137964,825,Buckinghamshire,Hamilton Academy,www.hamiltonacademy.org.uk,High Wycombe,HP13 6SG,South East,no
150283,825,Buckinghamshire,Hannah Ball Academy,https://www.hannahball.bucks.sch.uk/,High Wycombe,HP13 7JS,South East,no
110445,825,Buckinghamshire,Hawridge and Cholesbury Church of England School,www.hawridge-cholesbury.bucks.sch.uk,Chesham,HP5 2UQ,South East,no
110462,825,Buckinghamshire,Hazlemere Church of England Combined School,www.hazlemereschool.co.uk/,High Wycombe,HP15 7PZ,South East,no
110195,825,Buckinghamshire,Henry Allen Nursery School,www.henryallen.bucks.sch.uk,Amersham,HP6 6NW,South East,no
110582,825,Buckinghamshire,Heritage House School,www.heritage-house-school.co.uk,Chesham,HP5 3BP,South East,no
110463,825,Buckinghamshire,High Wycombe Church of England Combined School,www.hwce.co.uk,High Wycombe,HP11 2JU,South East,no
110268,825,Buckinghamshire,Holmer Green First School and Pre-School,www.holmergreenfirst.co.uk,High Wycombe,HP15 6UG,South East,no
110300,825,Buckinghamshire,Holmer Green Junior School,www.hgjs.co.uk,High Wycombe,HP15 6TD,South East,no
138058,825,Buckinghamshire,Holmer Green Senior School,www.hgss.co.uk,High Wycombe,HP15 6SP,South East,no
150676,825,Buckinghamshire,Hughenden Primary School,www.hughenden.eschools.co.uk,High Wycombe,HP14 4LR,South East,no
110237,825,Buckinghamshire,Hyde Heath Infant School,http://www.hydeheath.bucks.sch.uk,Amersham,HP6 5RW,South East,no
110464,825,Buckinghamshire,Ibstone CofE Primary School,www.ibstoneschool.org.uk,High Wycombe,HP14 3XZ,South East,no
142847,825,Buckinghamshire,Ickford School,http://www.ickford.org.uk/,Aylesbury,HP18 9HY,South East,no
110343,825,Buckinghamshire,Iver Heath Infant School and Nursery,www.iverheath-inf.bucks.sch.uk,Iver,SL0 0DT,South East,no
110279,825,Buckinghamshire,Iver Heath Junior School,www.iverheathjunior.co.uk,Iver Heath,SL0 0DA,South East,no
149680,825,Buckinghamshire,Iver Village Infant Academy,https://www.iver-inf.bucks.sch.uk/,Iver,SL0 9NT,South East,no
149096,825,Buckinghamshire,Ivingswood Academy,www.ivingswoodacademy.org,Chesham,HP5 2BY,South East,no
137261,825,Buckinghamshire,John Colet School,www.johncolet.co.uk,Aylesbury,HP22 6HF,South East,no
136771,825,Buckinghamshire,John Hampden Grammar School,www.jhgs.bucks.sch.uk,High Wycombe,HP11 1SZ,South East,no
110241,825,Buckinghamshire,Jordans School,www.jordans.bucks.sch.uk,Beaconsfield,HP9 2TE,South East,no
133756,825,Buckinghamshire,Kings Wood School and Nursery,www.kingswood.bucks.sch.uk,High Wycombe,HP13 7UN,South East,no
148576,825,Buckinghamshire,Kingsbrook View Primary Academy,https://www.kvpa.org.uk/,Broughton,HP22 7EE,South East,no
138102,825,Buckinghamshire,Kite Ridge School,http://www.kiteridge.bucks.sch.uk/,High Wycombe,HP12 3NE,South East,no
140207,825,Buckinghamshire,Lace Hill Academy,www.lacehillacademy.co.uk,Buckingham,MK18 7RR,South East,no
110320,825,Buckinghamshire,Lane End Primary School,www.laneendprimary.co.uk/,High Wycombe,HP14 3EJ,South East,no
110428,825,Buckinghamshire,Lee Common Church of England School,www.leecommon.org/,Great Missenden,HP16 9JH,South East,no
142432,825,Buckinghamshire,Lent Rise School,www.lentriseschool.co.uk,Slough,SL1 7NP,South East,no
110243,825,Buckinghamshire,Ley Hill School,www.leyhillschool.co.uk,Chesham,HP5 1YF,South East,no
150336,825,Buckinghamshire,Little Chalfont Primary School,www.littlechalfontprimaryschool.co.uk/,Amersham,HP6 6SX,South East,no
110244,825,Buckinghamshire,Little Kingshill Combined School,www.littlekingshillschool.co.uk,Great Missenden,HP16 0DZ,South East,no
110466,825,Buckinghamshire,Little Marlow CofE School,www.littlemarlowschool.org.uk/,Marlow,SL7 3SA,South East,no
110457,825,Buckinghamshire,Little Missenden Church of England School,www.littlemissendenschool.co.uk,Amersham,HP7 0RA,South East,no
110338,825,Buckinghamshire,Long Crendon School,http://www.longcrendon.bucks.sch.uk,Aylesbury,HP18 9BZ,South East,no
146048,825,Buckinghamshire,Longwick Church of England Combined School,www.longwick.bucks.sch.uk,Princes Risborough,HP27 9SJ,South East,no
110524,825,Buckinghamshire,Loudwater Combined School,www.loudwater.bucks.sch.uk,High Wycombe,HP11 1JJ,South East,no
110438,825,Buckinghamshire,Maids Moreton Church of England School,http://www.maidsmoreton.bucks.sch.uk,Maids Moreton,MK18 1QA,South East,no
149116,825,Buckinghamshire,Manor Farm Junior School,https://www.manorfarmschool.org/,High Wycombe,HP15 7PH,South East,no
110234,825,Buckinghamshire,Marsh School,http://www.marshschool.com,High Wycombe,HP11 1RW,South East,no
110454,825,Buckinghamshire,Marsworth Church of England Infant School,http://www.marsworthschool.co.uk,Marsworth,HP23 4LT,South East,no
131815,825,Buckinghamshire,Millbrook Combined School,www.millbrookcombinedschool.org.uk/,High Wycombe,HP12 4BA,South East,no
110434,825,Buckinghamshire,Monks Risborough CofE Primary School,mrisborough.bucks.sch.uk,Princes Risborough,HP27 9LZ,South East,no
110444,825,Buckinghamshire,Mursley Church of England School,www.thethreeschools.org,Milton Keynes,MK17 0RT,South East,no
110217,825,Buckinghamshire,Newtown School,newtown.education,Chesham,HP5 3AT,South East,no
110412,825,Buckinghamshire,North Marston Church of England School,www.northmarstonceschool.co.uk,Buckingham,MK18 3PE,South East,no
110206,825,Buckinghamshire,Oak Green School,http://www.oakgreen.bucks.sch.uk,Aylesbury,HP21 8LJ,South East,no
110448,825,Buckinghamshire,Oakley Church of England Combined School,www.oakleycecombined.co.uk,Aylesbury,HP18 9QY,South East,no
110289,825,Buckinghamshire,Oakridge School,www.oakridgehighwycombe.co.uk,High Wycombe,HP11 2PN,South East,no
148673,825,Buckinghamshire,Our Lady's Catholic Primary School,www.olschesham.co.uk,Amersham,HP6 5PL,South East,no
110519,825,Buckinghamshire,Overstone Combined School,overstone.eschools.co.uk,Leighton Buzzard,LU7 0NY,South East,no
145216,825,Buckinghamshire,Padbury Church of England School,www.padburyschool.co.uk,Buckingham,MK18 2AP,South East,no
110576,825,Buckinghamshire,Pebble Brook School,www.pebblebrookschool.org.uk,Aylesbury,HP21 8LZ,South East,no
149204,825,Buckinghamshire,Pioneer Secondary Academy,www.pioneersecondaryacademy.com,Stoke Poges,SL2 4QB,South East,no
149687,825,Buckinghamshire,Prestwood Infant School,https://www.prestwoodvillageschools.co.uk/,Great Missenden,HP16 9DF,South East,no
149688,825,Buckinghamshire,Prestwood Junior School,www.prestwoodvillageschools.co.uk,Great Missenden,HP16 0NR,South East,no
143534,825,Buckinghamshire,Princes Risborough Primary School,www.princesrisboroughprimary.bucks.sch.uk,Princes Risborough,HP27 9HY,South East,no
146377,825,Buckinghamshire,Princes Risborough School,www.princesrisborough.bucks.sch.uk,Princes Risborough,HP27 0DR,South East,no
110447,825,Buckinghamshire,Quainton Church of England School,www.quainton.bucks.sch.uk,Aylesbury,HP22 4BJ,South East,no
110228,825,Buckinghamshire,Roundwood Primary School,http://www.roundwood.bucks.sch.uk,Buckingham,MK18 4HY,South East,no
137344,825,Buckinghamshire,Royal Latin School,www.royallatin.org,Buckingham,MK18 1AX,South East,no
139164,825,Buckinghamshire,Seer Green Church of England School,www.seergreenceschool.co.uk,Beaconsfield,HP9 2QJ,South East,no
136845,825,Buckinghamshire,Sir Henry Floyd Grammar School,www.sirhenryfloyd.co.uk,Aylesbury,HP21 8PE,South East,no
139663,825,Buckinghamshire,Sir Thomas Fremantle School,http://www.sirthomasfremantle.org/,Winslow,MK18 3GH,South East,no
136781,825,Buckinghamshire,Sir William Borlase's Grammar School,www.swbgs.com,Marlow,SL7 2BR,South East,no
150611,825,Buckinghamshire,Sir William Ramsay School,www.swr.school,High Wycombe,HP15 7UB,South East,no
110468,825,Buckinghamshire,Speen CofE VA School,www.speenschool.com,Princes Risborough,HP27 0SX,South East,no
110336,825,Buckinghamshire,Spinfield School,www.spinfieldschool.co.uk/,Marlow,SL7 2RE,South East,no
148670,825,Buckinghamshire,St Edward's Catholic Junior School,www.stedwards.bucks.sch.uk,Aylesbury,HP21 7JF,South East,no
110424,825,Buckinghamshire,St George's Church of England Infant School,www.stgeorgesamersham.org.uk/,Amersham,HP7 9HX,South East,no
145422,825,Buckinghamshire,"St John's Church of England Primary School, Lacey Green",www.stjohnsce.org,Princes Risborough,HP27 0PL,South East,no
148672,825,Buckinghamshire,St Joseph's Catholic Infant School,www.stjosephsrcinfant.bucks.sch.uk,Aylesbury,HP21 7JF,South East,no
148671,825,Buckinghamshire,St Joseph's Catholic Primary School,www.stjosephschalfont.school,Gerrards Cross,SL9 8SB,South East,no
148674,825,Buckinghamshire,St Louis Catholic Primary School,http://www.stlouisrccschool.co.uk,Aylesbury,HP20 2XZ,South East,no
110459,825,Buckinghamshire,St Mary and All Saints CofE Primary School,www.stmaryallsaints.co.uk,Beaconsfield,HP9 1RG,South East,no
147876,825,Buckinghamshire,St Mary's Church of England School,www.st-marysaylesbury.bucks.sch.uk/,Aylesbury,HP19 7WF,South East,no
110455,825,Buckinghamshire,"St Mary's CofE Primary School, Amersham",www.stmarysce.bucks.sch.uk,Amersham,HP7 0EL,South East,no
110435,825,Buckinghamshire,St Mary's Farnham Royal CofE Primary School,www.stmarysfarnhamroyal.org,Farnham Royal,SL2 3AW,South East,no
149612,825,Buckinghamshire,St Michael's Catholic School,www.stmichaels.bucks.sch.uk,High Wycombe,HP11 1PW,South East,no
110414,825,Buckinghamshire,St Michael's Church of England Combined School,http://www.st-michaels.bucks.sch.uk,Leighton Buzzard,LU7 0HA,South East,no
138121,825,Buckinghamshire,St Nicolas' Church of England Combined School,www.stnicolastaplow.com,Maidenhead,SL6 0ET,South East,no
148669,825,Buckinghamshire,St Peter's Catholic Primary School,www.stpetersschoolmarlow.org.uk,Marlow,SL7 2PJ,South East,no
110450,825,Buckinghamshire,St Peter's Church of England Primary School,www.stpeterscofe.org,Burnham,SL1 7DE,South East,no
110248,825,Buckinghamshire,Steeple Claydon School and Pre-School,www.steepleclaydonschool.com,Buckingham,MK18 2PA,South East,no
110581,825,Buckinghamshire,Stocklake Park Community School,www.thevalefederation.com,Aylesbury,HP20 1DP,South East,no
110249,825,Buckinghamshire,Stoke Mandeville Combined School,https://www.stokemandeville.bucks.sch.uk/,Aylesbury,HP22 5XA,South East,no
110342,825,Buckinghamshire,Stokenchurch Primary School,www.stokenchurchprimary.co.uk,High Wycombe,HP14 3RN,South East,no
110579,825,Buckinghamshire,Stony Dean School,www.stonydean.bucks.sch.uk,Amersham,HP7 9JW,South East,no
110451,825,Buckinghamshire,Swanbourne Church of England VA School,www.threeschools.org,Milton Keynes,MK17 0SW,South East,no
139367,825,Buckinghamshire,The Beaconsfield School,www.beaconsfield.school,Beaconsfield,HP9 1SJ,South East,no
136684,825,Buckinghamshire,The Buckinghamshire Primary Pupil Referral Unit,www.bucksprimarypru.co.uk,Aylesbury,HP19 9NS,South East,no
137215,825,Buckinghamshire,The Chalfonts Community College,www.chalfonts.org,Gerrards Cross,SL9 8TP,South East,no
110533,825,Buckinghamshire,The Cottesloe School,http://www.cottesloe.bucks.sch.uk/,Aylesbury,LU7 0NY,South East,no
131852,825,Buckinghamshire,The Disraeli School,https://disraeli-bucks.frogos.net/,High Wycombe,HP13 5JS,South East,no
149485,825,Buckinghamshire,The Downley School,www.downley.bucks.sch.uk/,High Wycombe,HP13 5AL,South East,no
137774,825,Buckinghamshire,The Gerrards Cross CofE School,http://www.gerrardscross.bucks.sch.uk,Gerrards Cross,SL9 8BD,South East,no
110488,825,Buckinghamshire,The Grange School,www.grange.bucks.sch.uk,Aylesbury,HP21 7NH,South East,no
136858,825,Buckinghamshire,The Highcrest Academy,www.highcrestacademy.org.uk,High Wycombe,HP13 7NQ,South East,no
110239,825,Buckinghamshire,The Iver Village Junior School,www.ivervillage-jun.bucks.sch.uk/,Iver,SL0 9QA,South East,no
149102,825,Buckinghamshire,The Kingsbrook School,https://www.kingsbrook.org.uk/,Aylesbury,HP22 7BR,South East,no
148851,825,Buckinghamshire,The Mandeville School,www.mandeville.bucks.sch.uk,Aylesbury,HP21 8ES,South East,no
145322,825,Buckinghamshire,The Misbourne School,www.themisbourne.co.uk,Great Missenden,HP16 0BN,South East,no
136484,825,Buckinghamshire,"The Royal Grammar School, High Wycombe",www.rgshw.com,High Wycombe,HP13 6QT,South East,no
130328,825,Buckinghamshire,The Stoke Poges School,www.stokepoges.school,Slough,SL2 4LN,South East,no
145069,825,Buckinghamshire,Thomas Harding Junior School,http://www.thomasharding.org.uk,Chesham,HP5 1LR,South East,no
110313,825,Buckinghamshire,Thomas Hickman School,www.thomashickman.bucks.sch.uk/,Aylesbury,HP19 9HP,South East,no
110253,825,Buckinghamshire,Thornborough Infant School,http://www.thornborough.bucks.sch.uk/,Buckingham,MK18 2DF,South East,no
110359,825,Buckinghamshire,Turnfurlong Infant School,www.turnfurlong-inf.bucks.sch.uk/,Aylesbury,HP21 7PL,South East,no
110351,825,Buckinghamshire,Turnfurlong Junior School,www.tjs.org.uk,Aylesbury,HP21 7PL,South East,no
110255,825,Buckinghamshire,Tylers Green First School,http://www.tylersgreenfirst.co.uk,High Wycombe,HP10 8EF,South East,no
110303,825,Buckinghamshire,Tylers Green Middle School,www.tylersgreenmiddle.bucks.sch.uk,High Wycombe,HP10 8DS,South East,no
137355,825,Buckinghamshire,Waddesdon Church of England School,www.waddesdonschool.com,Aylesbury,HP18 0LQ,South East,no
110376,825,Buckinghamshire,Waddesdon Village Primary School,www.waddesdonprimary.com/,Aylesbury,HP18 0LQ,South East,no
149097,825,Buckinghamshire,Waterside Primary Academy,https://www.watersideprimaryacademy.org/,Chesham,HP5 1QU,South East,no
110421,825,Buckinghamshire,Wendover Church of England Junior School,http://www.wendover.eschools.co.uk/website,Aylesbury,HP22 6HF,South East,no
144338,825,Buckinghamshire,West Wycombe School,https://www.westwycombe.bucks.sch.uk/,High Wycombe,HP14 3AH,South East,no
131933,825,Buckinghamshire,Westfield School,www.westfieldschoolbucks.org,Bourne End,SL8 5BE,South East,no
110422,825,Buckinghamshire,Weston Turville Church of England School,www.westonturville.bucks.sch.uk,Aylesbury,HP22 5RW,South East,no
110333,825,Buckinghamshire,Whitchurch Combined School,www.whitchurchcombined.co.uk,Aylesbury,HP22 4JG,South East,no
110335,825,Buckinghamshire,Widmer End Community Combined School,http://www.widmerend.bucks.sch.uk/,High Wycombe,HP15 6AH,South East,no
110358,825,Buckinghamshire,William Harding School,www.williamhardingschool.co.uk,Aylesbury,HP21 9TJ,South East,no
110423,825,Buckinghamshire,Wingrave Church of England Combined School,www.wingrave.school,Aylesbury,HP22 4QG,South East,no
110449,825,Buckinghamshire,Winslow Church of England School,http://www.winslowschool.co.uk,Buckingham,MK18 3EN,South East,no
145495,825,Buckinghamshire,Wooburn Green Primary School,www.wooburngreenprimary.co.uk,High Wycombe,HP10 0HF,South East,no
147488,825,Buckinghamshire,Woodside Junior School,www.woodsidejunior.co.uk/,Amersham,HP6 6NW,South East,no
136723,825,Buckinghamshire,Wycombe High School,http://www.whs.bucks.sch.uk/,High Wycombe,HP11 1TB,South East,no
110261,825,Buckinghamshire,Ash Hill Primary School,www.ashhill.org.uk/,High Wycombe,HP13 7HT,South East,yes
110260,825,Buckinghamshire,Booker Hill School,https://www.bookerhill.bucks.sch.uk/bucks/primary/bookerhill,High Wycombe,HP12 4LR,South East,yes
110284,825,Buckinghamshire,Broughton Community Schools (Infants),www.broughtoninfant.bucks.sch.uk,Aylesbury,HP20 1NX,South East,yes
110270,825,Buckinghamshire,Broughton Junior School,www.broughton.bucks.sch.uk,Aylesbury,HP20 1NQ,South East,yes
110274,825,Buckinghamshire,Carrington Junior School,www.carringtonjs.co.uk,High Wycombe,HP10 9AA,South East,yes
110287,825,Buckinghamshire,Chalfont St Giles Junior School,www.csgvillageschool.org,Chalfont St Giles,HP8 4JW,South East,yes
110298,825,Buckinghamshire,Chartridge Combined School,www.chartridge.bucks.sch.uk,Chesham,HP5 2TW,South East,yes
110294,825,Buckinghamshire,Chestnut Lane School,https://chestnutlane.bucks.sch.uk,Amersham,HP6 6EF,South East,yes
110277,825,Buckinghamshire,Danesfield School,www.danesfieldschool.co.uk,Marlow,SL7 2EW,South East,yes
110353,825,Buckinghamshire,Elangeni School,www.elangeni.bucks.sch.uk,Amersham,HP6 6EG,South East,yes
110265,825,Buckinghamshire,Farnham Common Junior School,www.farnhamcommonvillageschools.co.uk,Farnham Common,SL2 3TZ,South East,yes
110585,825,Buckinghamshire,Furze Down School,www.fds.org.uk,Buckingham,MK18 3BL,South East,yes
110276,825,Buckinghamshire,Haydon Abbey School and Pre-School,www.haydonabbeyschoolandpreschool.co.uk,Aylesbury,HP19 9NS,South East,yes
110419,825,Buckinghamshire,High Ash Church of England Primary School,www.highashschool.co.uk,Milton Keynes,MK17 9AS,South East,yes
110403,825,Buckinghamshire,Highworth Combined School and Nursery,www.highworth.bucks.sch.uk,High Wycombe,HP13 7PH,South East,yes
110398,825,Buckinghamshire,Holtspur School & Pre-School,http://www.holtspursch.co.uk,Beaconsfield,HP9 1BH,South East,yes
110471,825,Buckinghamshire,Holy Trinity Church of England (Aided) School,http://www.holytrinity.bucks.sch.uk,Marlow,SL7 3AG,South East,yes
110299,825,Buckinghamshire,Juniper Hill School,www.juniperhill.bucks.sch.uk,High Wycombe,HP10 9LA,South East,yes
110297,825,Buckinghamshire,Manor Farm Community Infant School,www.manorfarm-inf.bucks.sch.uk,High Wycombe,HP15 7PH,South East,yes
110433,825,Buckinghamshire,Marlow Church of England Infant School,www.marlow-infant.bucks.sch.uk,Marlow,SL7 3AZ,South East,yes
110411,825,Buckinghamshire,Marsh Gibbon CofE Primary School,http://www.marshgibbon.bucks.sch.uk,Bicester,OX27 0HJ,South East,yes
110393,825,Buckinghamshire,Naphill and Walters Ash School,www.naphillandwaltersashschool.co.uk,High Wycombe,HP14 4UL,South East,yes
110440,825,Buckinghamshire,Newton Longville Church of England Primary School,www.newton-longville-school.co.uk/,Newton Longville,MK17 0BZ,South East,yes
110467,825,Buckinghamshire,Radnage Church of England Primary School,www.radnage.bucks.sch.uk,High Wycombe,HP14 4DW,South East,yes
110360,825,Buckinghamshire,Robertswood School,www.robertswoodschool.co.uk,Gerrards Cross,SL9 0EW,South East,yes
110410,825,Buckinghamshire,St James and St John CofE Primary School,http://www.stjamesjohn.com,Buckingham,MK18 5JE,South East,yes
110469,825,Buckinghamshire,"St Paul's Church of England Combined School, Wooburn",www.stpaulsschool.co.uk/,High Wycombe,HP10 0QH,South East,yes
110420,825,Buckinghamshire,Stone Church of England Combined School,www.stone.bucks.sch.uk,Aylesbury,HP17 8PD,South East,yes
135879,825,Buckinghamshire,The Aylesbury Vale Academy,http://www.theacademy.me,Aylesbury,HP18 0WS,South East,yes
110293,825,Buckinghamshire,The John Hampden School,www.johnhampdenwendover.co.uk/,Aylesbury,HP22 6HF,South East,yes
110437,825,Buckinghamshire,Twyford C of E School,www.twyfordschool.org.uk,Buckingham,MK18 4EU,South East,yes
110415,825,Buckinghamshire,Whaddon CofE School,http://www.whaddon.bucks.sch.uk/,Milton Keynes,MK17 0LS,South East,yes
