urn,district_code,district_name,school_name,website,town,postcode,region,has_email_collected
110401,826,Milton Keynes,Abbeys Primary School,www.abbeysprimary.org,Milton Keynes,MK3 6PS,South East,no
147380,826,Milton Keynes,Ashbrook School,http://www.ashbrookschool.co.uk,Milton Keynes,MK8 8NA,South East,no
110327,826,Milton Keynes,Barleyhurst Park Primary,www.barleyhurstpark.com,Milton Keynes,MK3 7NA,South East,no
110481,826,Milton Keynes,Bishop Parker Catholic School,www.bishopparker.milton-keynes.sch.uk/,Milton Keynes,MK2 3BT,South East,no
134423,826,Milton Keynes,Bow Brickhill CofE VA Primary School,www.bowbrickhillprimary.co.uk/,Milton Keynes,MK17 9JT,South East,no
110369,826,Milton Keynes,Bradwell Village School,http://www.bradwellvillageschool.co.uk,Milton Keynes,MK13 9AZ,South East,no
140252,826,Milton Keynes,Bridge Academy,www.bridgeacademy.org.uk,Milton Keynes,MK6 5DE,South East,no
135271,826,Milton Keynes,Brooklands Farm Primary School,www.brooklandsfarm.milton-keynes.sch.uk/,Milton Keynes,MK10 7EU,South East,no
150595,826,Milton Keynes,Brooksward School,www.brooksward.org.uk,Milton Keynes,MK14 6JZ,South East,no
110256,826,Milton Keynes,Bushfield School,www.bushfieldschool.net/,Milton Keynes,MK12 5JG,South East,no
110394,826,Milton Keynes,Caroline Haslett Primary School,www.haslett.org.uk,MILTON KEYNES,MK5 7DF,South East,no
110213,826,Milton Keynes,Castlethorpe First School,http://www.castlethorpeschool.co.uk/,milton keynes,MK19 7EW,South East,no
138440,826,Milton Keynes,Charles Warren Academy,www.charleswarrenacademy.org,Milton Keynes,MK6 3AZ,South East,no
143265,826,Milton Keynes,Chestnuts Primary School,www.chestnutsprimaryschool.co.uk,Milton Keynes,MK3 5EN,South East,no
147269,826,Milton Keynes,Christ the Sower Ecumenical Primary School,www.ctsmk.org.uk,Milton Keynes,MK8 0PZ,South East,no
110404,826,Milton Keynes,Cold Harbour Church of England School,www.coldharbourschool.org.uk/,Milton Keynes,MK3 7PD,South East,no
136468,826,Milton Keynes,Denbigh School,http://www.denbigh.net,Milton Keynes,MK5 6EX,South East,no
110372,826,Milton Keynes,Downs Barn School,www.boulevardprimarypartnership.org.uk/,Milton Keynes,MK14 7NA,South East,no
150593,826,Milton Keynes,Drayton Park School,http://www.draytonpark.org.uk,Milton Keynes,MK2 3HJ,South East,no
137052,826,Milton Keynes,E-Act Ousedale School,http://www.ousedale.org.uk,Newport Pagnell,MK16 0BJ,South East,no
151371,826,Milton Keynes,Emerson Valley School,www.emersonvalley.org.uk,Milton Keynes,MK4 2JR,South East,no
143766,826,Milton Keynes,Fairfields Primary School,https://www.fairfieldsprimary.co.uk/,Milton Keynes,MK11 4BA,South East,no
110375,826,Milton Keynes,Germander Park School,http://www.germanderpark.com,Milton Keynes,MK14 7DU,South East,no
110381,826,Milton Keynes,Giffard Park Primary School,http://www.giffardpark.milton-keynes.sch.uk,Milton Keynes,MK14 5PY,South East,no
134073,826,Milton Keynes,Giles Brook Primary School,www.gilesbrook.co.uk,Milton Keynes,MK4 3GB,South East,no
149106,826,Milton Keynes,Glebe Farm School,https://www.glebefarmschool.co.uk/,Milton Keynes,MK17 8XY,South East,no
110366,826,Milton Keynes,Great Linford Primary School,http://greatlinfordprimaryschool.co.uk/,Milton Keynes,MK14 5BL,South East,no
110395,826,Milton Keynes,Green Park School,www.greenpark.milton-keynes.sch.uk/,Newport Pagnell,MK16 0NH,South East,no
110345,826,Milton Keynes,Greenleys First School,www.greenleysfirstschool.org.uk,Milton Keynes,MK12 6AT,South East,no
110230,826,Milton Keynes,Hanslope Primary School,www.hanslopeschool.co.uk/,Milton Keynes,MK19 7BL,South East,no
110231,826,Milton Keynes,Haversham Village School,http://www.havershamvillageschool.co.uk,Milton Keynes,MK19 7AN,South East,no
110382,826,Milton Keynes,Heelands School,https://www.heelands.org/,Milton Keynes,MK13 7QL,South East,no
139449,826,Milton Keynes,Heronsgate School,http://www.heronsgate.org.uk,Milton Keynes,MK7 7BW,South East,no
146462,826,Milton Keynes,Heronshaw School,http://www.heronshawschool.co.uk,Milton Keynes,MK7 7PG,South East,no
147381,826,Milton Keynes,Holmwood School,www.holmwoodschool.com,Milton Keynes,MK8 9AB,South East,no
148229,826,Milton Keynes,Holne Chase Primary School,https://holnechase.com/,Bletchley,MK3 5HP,South East,no
132786,826,Milton Keynes,Howe Park School,www.howeparkschool.co.uk,Milton Keynes,MK4 2SH,South East,no
145043,826,Milton Keynes,Jubilee Wood Primary School,www.jubileewood.milton-keynes.sch.uk,Milton Keynes,MK6 2LB,South East,no
145063,826,Milton Keynes,Kents Hill Park all-through school,https://www.kentshillpark.school/,Milton Keynes,MK7 6BZ,South East,no
141271,826,Milton Keynes,Kents Hill School,http://www.kentshillschool.org.uk,Milton Keynes,MK7 6HD,South East,no
110197,826,Milton Keynes,Knowles Nursery School,www.knowlesnursery.co.uk,Milton Keynes,MK2 2HB,South East,no
144357,826,Milton Keynes,Knowles Primary School,http://knowlesprimaryschool.org.uk/,Milton Keynes,MK2 2HB,South East,no
147112,826,Milton Keynes,Langland Community School,,Milton Keynes,MK6 4HA,South East,no
150335,826,Milton Keynes,Lavendon School,www.lavendonschoolmk.co.uk,Olney,MK46 4HA,South East,no
132787,826,Milton Keynes,Long Meadow School,http://www.longmeadow.milton-keynes.sch.uk,Milton Keynes,MK5 7XX,South East,no
145736,826,Milton Keynes,Lord Grey Academy,www.lordgrey.org.uk,Milton Keynes,MK3 6EW,South East,no
131348,826,Milton Keynes,Loughton Manor First School,loughtonmanorschool.co.uk,Milton Keynes,MK5 8FA,South East,no
139861,826,Milton Keynes,Loughton School,http://www.loughton.milton-keynes.sch.uk,Milton Keynes,MK5 8DN,South East,no
151372,826,Milton Keynes,Merebrook Infant School,www.merebrookschool.co.uk/,Milton Keynes,MK4 1EZ,South East,no
140734,826,Milton Keynes,Middleton Primary School,http://www.middletonschool.org/,Milton Keynes,MK10 9EN,South East,no
149404,826,Milton Keynes,Milton Keynes Primary Pupil Referral Unit,https://milton-keynes-pru.eschools.co.uk/website,Milton Keynes,MK2 2HP,South East,no
144137,826,Milton Keynes,Monkston Primary School,http://www.monkston.org,Milton Keynes,MK10 9LA,South East,no
147154,826,Milton Keynes,Moorland Primary School,,Milton Keynes,MK6 4ND,South East,no
126565,826,Milton Keynes,Moorlands Centre Nursery School,www.moorlandsnurseryschool.co.uk,Milton Keynes,MK6 4LP,South East,no
144424,826,Milton Keynes,New Bradwell Primary School,http://www.newbradwellschool.com/,Milton Keynes,MK13 0BQ,South East,no
139057,826,Milton Keynes,New Chapter Primary School,www.newchapterprimary.org.uk/,Milton Keynes,MK6 5EA,South East,no
135270,826,Milton Keynes,Newton Leys Primary School,www.newtonleysprimary.org,Milton Keynes,MK3 5GG,South East,no
136454,826,Milton Keynes,Oakgrove School,http://www.oakgrove.school,Milton Keynes,MK10 9JQ,South East,no
110240,826,Milton Keynes,Oldbrook First School and Nursery,http://www.oldbrookschool.co.uk,Milton Keynes,MK6 2NH,South East,no
136792,826,Milton Keynes,Olney Infant Academy,www.olneyinfantacademy.co.uk,Olney,MK46 5AD,South East,no
143263,826,Milton Keynes,Olney Middle School,http://www.olneymiddle.milton-keynes.sch.uk,Olney,MK46 5DZ,South East,no
138605,826,Milton Keynes,Orchard Academy,www.orchard.emat.uk,Milton Keynes,MK6 3HW,South East,no
136853,826,Milton Keynes,Oxley Park Academy,www.oxleyparkacademy.com/,Milton Keynes,MK4 4TA,South East,no
110330,826,Milton Keynes,Pepper Hill School,http://www.pepperhillschool.co.uk/,Milton Keynes,MK13 7BQ,South East,no
149460,826,Milton Keynes,Priory Rise School,www.prioryrise.milton-keynes.sch.uk,Milton Keynes,MK4 3GE,South East,no
138933,826,Milton Keynes,Rickley Park Primary School,www.rickleypark.co.uk,Bletchley,MK3 6EW,South East,no
110580,826,Milton Keynes,Romans Field School,www.romansfieldschool.org,Milton Keynes,MK3 7AW,South East,no
110252,826,Milton Keynes,Russell Street School,www.russell-street-school.co.uk/,Milton Keynes,MK11 1BT,South East,no
136730,826,Milton Keynes,Shenley Brook End School,http://www.sbeschool.org.uk,Milton Keynes,MK5 7ZT,South East,no
138715,826,Milton Keynes,Shepherdswell Academy,www.shepherdswell.emat.uk,Milton Keynes,MK6 3NP,South East,no
138439,826,Milton Keynes,Sir Herbert Leon Academy,www.shlacademy.org,Milton Keynes,MK2 3HQ,South East,no
110363,826,Milton Keynes,Southwood School,www.boulevardprimarypartnership.org.uk/,Milton Keynes,MK14 7AR,South East,no
110443,826,Milton Keynes,St Andrew's CofE Infant School,www.standrewsinfantschool.co.uk,Milton Keynes,MK14 5AX,South East,no
134318,826,Milton Keynes,St Bernadette's Catholic Primary School,www.stbernadettesschool.com/,Milton Keynes,MK10 9PH,South East,no
110483,826,Milton Keynes,St Mary Magdalene Catholic Primary School,www.stmarymagdalenemk.co.uk,Milton Keynes,MK12 6AY,South East,no
147891,826,Milton Keynes,St Mary and St Giles Church of England School,www.smsg.uk.com,Milton Keynes,MK11 1EF,South East,no
151368,826,Milton Keynes,St Mary's Wavendon CofE Primary,www.stmaryswavendon.milton-keynes.sch.uk/,Milton Keynes,MK17 7AA,South East,no
110482,826,Milton Keynes,St Monica's Catholic Primary School,www.st-monicas.co.uk,Milton Keynes,MK14 6HB,South East,no
110517,826,Milton Keynes,St Paul's Catholic School,http://www.st-pauls.org.uk/,Milton Keynes,MK6 5EN,South East,no
110476,826,Milton Keynes,St Thomas Aquinas Catholic Primary School,http://www.st-thomasaquinas.co.uk,Milton Keynes,MK3 5DT,South East,no
110365,826,Milton Keynes,Stanton School,http://www.stantonschool.co.uk,MILTON KEYNES,MK13 7BE,South East,no
148835,826,Milton Keynes,Stantonbury School,https://stantonbury-tove.org.uk/,Milton Keynes,MK14 6BN,South East,no
138253,826,Milton Keynes,Stephenson Academy,www.stephensonacademy.org.uk,Milton Keynes,MK14 6AX,South East,no
110385,826,Milton Keynes,Summerfield School,http://www.summerfieldschool.org,Milton Keynes,MK13 8PG,South East,no
136844,826,Milton Keynes,The Hazeley Academy,www.thehazeleyacademy.com,Milton Keynes,MK8 0PT,South East,no
135665,826,Milton Keynes,The Milton Keynes Academy,http://www.miltonkeynesacademy.org.uk/,Milton Keynes,MK6 5LA,South East,no
136275,826,Milton Keynes,The Premier Academy,www.tpamk.co.uk,Milton Keynes,MK2 3AH,South East,no
110532,826,Milton Keynes,The Radcliffe School,http://radcliffeschool.org.uk/,Milton Keynes,MK12 5BT,South East,no
110584,826,Milton Keynes,The Woodlands School,https://sites.google.com/twsmk.co.uk/tws/home,Milton Keynes,MK8 0PU,South East,no
151293,826,Milton Keynes,Tickford Park Primary School,www.tickfordpark.co.uk,Newport Pagnell,MK16 9DH,South East,no
137061,826,Milton Keynes,Two Mile Ash School,www.tmaschool.com/,Milton Keynes,MK8 8LH,South East,no
136842,826,Milton Keynes,Walton High,http://www.waltonhigh.org.uk,Milton Keynes,MK7 7WH,South East,no
148193,826,Milton Keynes,Water Hall Primary School,http://www.waterhallprimary.co.uk,Milton Keynes,MK2 3QF,South East,no
147860,826,Milton Keynes,Watling Academy,https://watlingacademy.net/,Milton Keynes,MK8 1EP,South East,no
149470,826,Milton Keynes,Watling Primary School,https://watlingprimary.net/,Milton Keynes,MK8 1GB,South East,no
131397,826,Milton Keynes,Wavendon Gate School,http://www.wavendongateschool.co.uk,Milton Keynes,MK7 7HL,South East,no
110575,826,Milton Keynes,White Spire School,http://www.whitespireschool.org.uk,Milton Keynes,MK3 6EW,South East,no
142907,826,Milton Keynes,Whitehouse Primary School,www.whitehouseprimary.co.uk,Milton Keynes,MK8 1AG,South East,no
151047,826,Milton Keynes,Willen Primary School,willenprimary.org,Milton Keynes,MK15 9HN,South East,no
110368,826,Milton Keynes,Wood End Infant & Pre-School,http://www.woodend.org.uk,Milton Keynes,MK14 6BB,South East,no
134072,826,Milton Keynes,Broughton Fields Primary School,www.broughtonfieldsprimary.org.uk/,Milton Keynes,MK10 9LS,South East,yes
110399,826,Milton Keynes,Cedars Primary School,www.cedars.milton-keynes.sch.uk/,Newport Pagnell,MK16 0DT,South East,yes
110355,826,Milton Keynes,Falconhurst School,www.falconhurstschool.co.uk,Milton Keynes,MK6 5AX,South East,yes
110400,826,Milton Keynes,Glastonbury Thorn School,http://www.glastonburythorn.co.uk,Milton Keynes,MK5 6BX,South East,yes
110367,826,Milton Keynes,Greenleys Junior School,www.greenleysjunior.org,Milton Keynes,MK12 5DE,South East,yes
110405,826,Milton Keynes,Newton Blossomville Church of England School,http://www.newtonblossomvilleschool.org.uk/,Bedford,MK43 8AL,South East,yes
110406,826,Milton Keynes,North Crawley CofE School,http://www.northcrawley.milton-keynes.sch.uk,Newport Pagnell,MK16 9LL,South East,yes
131718,826,Milton Keynes,Portfields Primary School,http://www.portfieldsprimaryschool.org,Newport Pagnell,MK16 8PS,South East,yes
110380,826,Milton Keynes,Priory Common School,http://www.priory-common.milton-keynes.sch.uk,Milton Keynes,MK13 9EZ,South East,yes
110407,826,Milton Keynes,Sherington Church of England School,www.sheringtonceschool.co.uk,Newport Pagnell,MK16 9NF,South East,yes
110587,826,Milton Keynes,Slated Row School,www.slatedrow.com,Milton Keynes,MK12 5NJ,South East,yes
110408,826,Milton Keynes,Stoke Goldington Church of England School,http://www.stokegoldington.milton-keynes.sch.uk,Newport Pagnell,MK16 8NP,South East,yes
110592,826,Milton Keynes,The Redway School,https://theredway.net,Milton Keynes,MK6 4HG,South East,yes
110379,826,Milton Keynes,The Willows School and Early Years Centre,www.thewillowseyc.org.uk,Milton Keynes,MK6 2LP,South East,yes
110257,826,Milton Keynes,Wyvern School,www.wyvernschool.org/,Milton Keynes,MK12 5HU,South East,yes
