urn,district_code,district_name,school_name,website,town,postcode,region,has_email_collected
112670,830,Derbyshire,Abercrombie Primary School,http://www.abercrombie.derbyshire.sch.uk,Chesterfield,S41 7QE,East Midlands,no
149364,830,Derbyshire,Aldercar High School,https://www.aldercarhigh.co.uk,Nottingham,NG16 4HL,East Midlands,no
146484,830,Derbyshire,Aldercar Infant School,www.aldercarinfants.org.uk/,Nottingham,NG16 4GL,East Midlands,no
112485,830,Derbyshire,Alfreton Nursery School,www.alfreton.derbyshire.sch.uk,Alfreton,DE55 7SH,East Midlands,no
113040,830,Derbyshire,Alfreton Park Community Special School,,Alfreton,DE55 7AL,East Midlands,no
146132,830,Derbyshire,All Saints Catholic Voluntary Academy,https://www.assmfederation.srscmat.co.uk/,Glossop,SK13 7RJ,East Midlands,no
144068,830,Derbyshire,All Saints CofE Infant School,http://www.allsaintsfed.derbyshire.sch.uk/,Matlock,DE4 3HX,East Midlands,no
144067,830,Derbyshire,All Saints CofE Junior School,http://www.allsaintsfed.derbyshire.sch.uk/,Matlock,DE4 3LA,East Midlands,no
112786,830,Derbyshire,Ambergate Primary School,www.ambergateprimaryschool.co.uk,Belper,DE56 2GN,East Midlands,no
112610,830,Derbyshire,Anthony Bek Community Primary School,www.anthonybek.com,Mansfield,NG19 7PG,East Midlands,no
149644,830,Derbyshire,Anthony Gell School,www.anthonygell.co.uk,Matlock,DE4 4DX,East Midlands,no
150723,830,Derbyshire,Ashbourne Primary School,http://www.ashbourneprimary.co.uk,Ashbourne,DE6 1EJ,East Midlands,no
112688,830,Derbyshire,Ashbrook Infant School,www.ashbrookinfantandnursery.co.uk,Derby,DE72 3HF,East Midlands,no
147927,830,Derbyshire,Ashbrook Junior School,http://www.ashbrook-jun.derbyshire.sch.uk,Derby,DE72 3HF,East Midlands,no
147124,830,Derbyshire,Ashgate Croft School,https://thelearnerstrust.org/ashgate-croft/,Chesterfield,S40 4BN,East Midlands,no
112501,830,Derbyshire,Ashover Primary School,www.ashover.derbyshire.sch.uk/,Chesterfield,S45 0AU,East Midlands,no
112502,830,Derbyshire,Aston-on-Trent Primary School,www.aston-on-trent.derbyshire.sch.uk,Derby,DE72 2UH,East Midlands,no
148107,830,Derbyshire,Bakewell CofE Infant School,https://www.bakewellinfantschool.com/,Bakewell,DE45 1BX,East Midlands,no
150292,830,Derbyshire,Bakewell Methodist Academy,www.bakewellmethodistacademy.co.uk,Bakewell,DE45 1FR,East Midlands,no
112504,830,Derbyshire,Bamford Primary School,www.bamford.derbyshire.sch.uk/,Hope Valley,S33 0AR,East Midlands,no
112505,830,Derbyshire,Barlborough Primary School,barlborough.derbyshire.sch.uk,Chesterfield,S43 4ET,East Midlands,no
112798,830,Derbyshire,Barlow CofE Primary School,www.barlow.derbyshire.sch.uk,Dronfield,S18 7TA,East Midlands,no
151309,830,Derbyshire,Barrow Hill Primary Academy,www.barrowhill.academy,Chesterfield,S43 2PG,East Midlands,no
146052,830,Derbyshire,Bennerley Fields School,www.bennerleyfields.derbyshire.sch.uk,Ilkeston,DE7 8QZ,East Midlands,no
112822,830,Derbyshire,Biggin CofE Primary School,www.biggin.derbyshire.sch.uk/,Buxton,SK17 0DQ,East Midlands,no
112543,830,Derbyshire,Birk Hill Infant & Nursery School,www.birkhill.derbyshire.sch.uk,Eckington,S21 4BE,East Midlands,no
148108,830,Derbyshire,Bishop Pursglove CofE (A) Primary School,www.bishoppursglove.derbyshire.sch.uk,Buxton,SK17 8NE,East Midlands,no
112506,830,Derbyshire,Blackwell Community Primary and Nursery School,www.blackwellprimary.co.uk,Alfreton,DE55 5JG,East Midlands,no
145233,830,Derbyshire,Bolsover Church of England Junior School,www.bolsover-jun.derbyshire.sch.uk,Chesterfield,S44 6XH,East Midlands,no
112511,830,Derbyshire,Bolsover Infant School,www.bolsover-inf.derbyshire.sch.uk/,Chesterfield,S44 6DE,East Midlands,no
112888,830,Derbyshire,Bonsall CofE (A) Primary School,www.bonsall.derbyshire.sch.uk,Matlock,DE4 2AE,East Midlands,no
150720,830,Derbyshire,Bradley CofE Primary School,http://www.bradley.derbyshire.sch.uk,Ashbourne,DE6 1PG,East Midlands,no
112803,830,Derbyshire,Bradwell CofE (Controlled) Infant School,http://www.bradwellinfantschool.co.uk,Hope Valley,S33 9HJ,East Midlands,no
150289,830,Derbyshire,Bradwell Junior School,,Hope Valley,S33 9JB,East Midlands,no
150719,830,Derbyshire,Brailsford CofE Primary School,www.brailsford.derbyshire.sch.uk/,Ashbourne,DE6 3BY,East Midlands,no
112503,830,Derbyshire,Bramley Vale Primary & Nursery School,https://www.bramleyvaleprimary.com/,Chesterfield,S44 5PF,East Midlands,no
132225,830,Derbyshire,Brampton Primary School,www.brampton.derbyshire.sch.uk/,Chesterfield,S40 1DD,East Midlands,no
112805,830,Derbyshire,Breadsall CofE VC Primary School,http://www.breadsallprimary.com,Breadsall,DE21 5LF,East Midlands,no
143580,830,Derbyshire,Brimington Junior School,https://www.learnerstrust.org/bjs,Chesterfield,S43 1HF,East Midlands,no
143579,830,Derbyshire,Brimington Manor Infant and Nursery School,https://www.learnerstrust.org/brimington-manor,Chesterfield,S43 1NT,East Midlands,no
112510,830,Derbyshire,Brockley Primary School,www.brockley.derbyshire.sch.uk,Chesterfield,S44 6AF,East Midlands,no
136548,830,Derbyshire,Brookfield Community School,http://www.brookfieldcs.org.uk,Chesterfield,S40 3NS,East Midlands,no
112619,830,Derbyshire,Brookfield Primary School,http://www.brookfield-pri.com,Mansfield,NG20 9AD,East Midlands,no
147140,830,Derbyshire,Brooklands Primary School,www.brooklands.derbyshire.sch.uk/,Nottingham,NG10 1BW,East Midlands,no
149645,830,Derbyshire,Buxton Community School,http://www.buxton.derbyshire.sch.uk,Buxton,SK17 9EA,East Midlands,no
112521,830,Derbyshire,Buxton Junior School,http://www.buxtonjuniorschool.co.uk,Buxton,SK17 9DR,East Midlands,no
112526,830,Derbyshire,Buxworth Primary School,http://www.buxworthprimaryschool.org.uk,High Peak,SK23 7NJ,East Midlands,no
143968,830,Derbyshire,Castle View Primary School,www.castleviewmatlock.com,Matlock,DE4 3DS,East Midlands,no
112807,830,Derbyshire,Castleton CofE Primary School,www.castletonschool.co.uk/,Hope Valley,S33 8WE,East Midlands,no
112659,830,Derbyshire,Cavendish Junior School,www.cavendish.derbyshire.sch.uk,Chesterfield,S41 8TD,East Midlands,no
133538,830,Derbyshire,Chapel-en-le-Frith CofE VC Primary School,http://www.cps.derbyshire.sch.uk/,High Peak,SK23 0NL,East Midlands,no
112575,830,Derbyshire,Charlotte Nursery and Infant School,www.charlotte-school.co.uk,Ilkeston,DE7 8LQ,East Midlands,no
147747,830,Derbyshire,Chaucer Infant School,https://www.chaucer-inf.derbyshire.sch.uk/,Ilkeston,DE7 5LN,East Midlands,no
147748,830,Derbyshire,Chaucer Junior School,www.chaucerjunior.org.uk/,Ilkeston,DE7 5JH,East Midlands,no
147070,830,Derbyshire,Chellaston Fields Spencer Academy,www.chellastonfieldsspencer.org.uk,Chellaston,DE73 6WS,East Midlands,no
143180,830,Derbyshire,Christ Church CofE Primary School,https://www.christchurchcofe.co.uk/,Chesterfield,S41 7JU,East Midlands,no
146238,830,Derbyshire,Christ the King Catholic Voluntary Academy,https://www.christthekingalfreton.srscmat.co.uk/,Alfreton,DE55 7EN,East Midlands,no
112871,830,Derbyshire,Church Broughton CofE Primary School,www.churchbroughton.derbyshire.sch.uk/,Derby,DE65 5AS,East Midlands,no
147398,830,Derbyshire,Church Gresley Infant and Nursery School,http://www.cginschool.co.uk,Swadlincote,DE11 9EY,East Midlands,no
112811,830,Derbyshire,Clifton CofE Primary School,http://www.clifton.derbyshire.sch.uk,Ashbourne,DE6 2GJ,East Midlands,no
144612,830,Derbyshire,Cloudside Academy,www.cloudsideacademy.co.uk,Nottingham,NG10 5DE,East Midlands,no
148584,830,Derbyshire,Clover Leys Spencer Academy,http://cloverleysspencer.org.uk,Derby,DE24 5AX,East Midlands,no
112533,830,Derbyshire,Clowne Infant and Nursery School,http://www.clowne-inf.derbyshire.sch.uk,Chesterfield,S43 4DB,East Midlands,no
112532,830,Derbyshire,Clowne Junior School,http://www.clowne-jun.derbyshire.sch.uk,Chesterfield,S43 4BS,East Midlands,no
131156,830,Derbyshire,Codnor Community Primary School Church of England Controlled,www.codnor.derbyshire.sch.uk,Ripley,DE5 9QD,East Midlands,no
112525,830,Derbyshire,Combs Infant School,http://www.combsinfantschool.com,Combs High Peak,SK23 9UZ,East Midlands,no
112563,830,Derbyshire,Coppice Primary School,www.coppice.derbyshire.sch.uk/,Heanor,DE75 7BZ,East Midlands,no
112570,830,Derbyshire,Cotmanhay Infant and Nursery School,www.cotmanhayinfants.co.uk,Ilkeston,DE7 8RR,East Midlands,no
112569,830,Derbyshire,Cotmanhay Junior School,http://www.cotmanhay-jun.derbyshire.sch.uk/,Ilkeston,DE7 8RR,East Midlands,no
112812,830,Derbyshire,Coton-in-the-Elms Cof E Primary School,www.coton-in-the-elms.derbyshire.sch.uk/,Swadlincote,DE12 8HE,East Midlands,no
112814,830,Derbyshire,Creswell CofE Controlled Infant and Nursery,www.creswell-inf.derbyshire.sch.uk,Worksop,S80 4HY,East Midlands,no
112534,830,Derbyshire,Crich Junior School,www.crich-jun.derbyshire.sch.uk,Matlock,DE4 5DF,East Midlands,no
112493,830,Derbyshire,Croft Infant School,www.croftinfant.co.uk,Alfreton,DE55 7BW,East Midlands,no
112840,830,Derbyshire,Cromford Church of England Primary School,http://www.cromfordcofeschool.com/,Matlock,DE4 3RG,East Midlands,no
112535,830,Derbyshire,Curbar Primary School,www.curbarprimary.co.uk,Hope Valley,S32 3XA,East Midlands,no
112675,830,Derbyshire,Dallimore Primary & Nursery School,www.dallimore.derbyshire.sch.uk/,Ilkeston,DE7 4GZ,East Midlands,no
142839,830,Derbyshire,Darley Churchtown Church of England Primary School,www.darleychurchtownschool.co.uk,Matlock,DE4 2GL,East Midlands,no
112591,830,Derbyshire,Darley Dale Primary School,www.darleydale.derbyshire.sch.uk,Matlock,DE4 2QB,East Midlands,no
142405,830,Derbyshire,David Nieper Academy,http://davidnieper.academy/,Alfreton,DE55 7JA,East Midlands,no
112809,830,Derbyshire,Dove Holes CofE Primary School,www.doveholes.derbyshire.sch.uk,Buxton,SK17 8BJ,East Midlands,no
141540,830,Derbyshire,Dovedale Primary School,www.dovedaleprimaryschool.co.uk/,Nottingham,NG10 3HU,East Midlands,no
150695,830,Derbyshire,Draycott Community Primary School,www.draycottprimary.co.uk,Derby,DE72 3NH,East Midlands,no
112698,830,Derbyshire,Dronfield Stonelow Junior School,https://www.dronfieldstonelow.derbyshire.sch.uk,Dronfield,S18 2EP,East Midlands,no
112630,830,Derbyshire,Duckmanton Primary School,www.duckmantonprimary.co.uk,Chesterfield,S44 5HD,East Midlands,no
112868,830,Derbyshire,Duke of Norfolk CofE Primary School,http://www.dukenorfolk.co.uk,Glossop,SK13 7RD,East Midlands,no
145250,830,Derbyshire,Dunston Primary and Nursery Academy,www.dunston.derbyshire.sch.uk,Chesterfield,S41 8EY,East Midlands,no
112821,830,Derbyshire,Earl Sterndale CofE Primary School,www.earlsterndaleschool.co.uk,Buxton,SK17 0BS,East Midlands,no
144293,830,Derbyshire,Eckington Junior School,https://www.learnerstrust.org,Sheffield,S21 4FL,East Midlands,no
149825,830,Derbyshire,Eckington School,https://eckingtonschool.net/,Sheffield,S21 4GN,East Midlands,no
112813,830,Derbyshire,Edale CofE Primary School,www.edale.derbyshire.sch.uk,Hope Valley,S33 7ZD,East Midlands,no
147811,830,Derbyshire,Elmsleigh Infant & Nursery School,www.elmsleighinfantschool.co.uk/,Swadlincote,DE11 0EG,East Midlands,no
112815,830,Derbyshire,Elton CofE Primary School,www.elton.derbyshire.sch.uk,Matlock,DE4 2BW,East Midlands,no
140070,830,Derbyshire,English Martyrs' Catholic Voluntary Academy,https://www.englishmartyrslongeaton.srscmat.co.uk/,Nottingham,NG10 4DA,East Midlands,no
146057,830,Derbyshire,Esteem North Academy,https://www.esteemnorthacademy.co.uk/,Chesterfield,S41 0LN,East Midlands,no
146056,830,Derbyshire,Esteem South Academy,www.esteemsouth.co.uk,Swadlincote,DE11 0TW,East Midlands,no
146055,830,Derbyshire,Esteem Valley Academy,https://www.esteemvalleyacademy.co.uk,Ilkeston,DE7 8PF,East Midlands,no
112677,830,Derbyshire,Eureka Primary School,http://www.eureka.derbyshire.sch.uk/,Swadlincote,DE11 7LA,East Midlands,no
112816,830,Derbyshire,Eyam CofE Primary School,www.eyamprimary.co.uk/,Hope Valley,S32 5QH,East Midlands,no
112806,830,Derbyshire,Fairfield Endowed CofE (C) Junior School,http://www.fairfield-jun.derbyshire.sch.uk,Buxton,SK17 7NA,East Midlands,no
112699,830,Derbyshire,Fairfield Infant and Nursery School,www.fairfieldinfantandnurseryschool.co.uk,Buxton,SK17 7PQ,East Midlands,no
148016,830,Derbyshire,Field House Infant School,www.fieldhouse.derbyshire.sch.uk,Ilkeston,DE7 4LT,East Midlands,no
112551,830,Derbyshire,Findern Primary School,www.findern.derbyshire.sch.uk/,Derby,DE65 6AR,East Midlands,no
112516,830,Derbyshire,Firfield Primary School,www.firfield.derbyshire.sch.uk/,Derby,DE72 3EG,East Midlands,no
112481,830,Derbyshire,Flagg Nursery School,www.flagg.derbyshire.sch.uk,Near Buxton,SK17 9QT,East Midlands,no
145109,830,Derbyshire,Frederick Gent School,https://www.frederickgent.ttct.co.uk/,Alfreton,DE55 2ER,East Midlands,no
145966,830,Derbyshire,Friesland School,https://www.friesland.ttct.co.uk,Sandiacre,NG10 5AF,East Midlands,no
112880,830,Derbyshire,Fritchley CofE (Aided) Primary & Nursery School,https://fritchley.derbyshire.sch.uk/,Belper,DE56 2FQ,East Midlands,no
112470,830,Derbyshire,Gamesley Early Excellence Centre,www.gamesleyeec.org.uk,Glossop,SK13 0LU,East Midlands,no
146665,830,Derbyshire,Gamesley Primary School,https://gamesleyprimaryschool.com/,Glossop,SK13 6HW,East Midlands,no
112624,830,Derbyshire,Glebe Junior School,www.glebe.derbyshire.sch.uk,Alfreton,DE55 2JB,East Midlands,no
147157,830,Derbyshire,Glossopdale School and Sixth Form,https://www.glossopdaleschool.org.uk,Glossop,SK13 2DA,East Midlands,no
133516,830,Derbyshire,Gorseybrigg Primary School and Nursery,www.gorseybrigg.co.uk,Dronfield,S18 8ZY,East Midlands,no
112584,830,Derbyshire,Grange Primary School,http://www.grangeton.uk,Nottingham,NG10 2DU,East Midlands,no
144533,830,Derbyshire,Granville Academy,http://www.granvilleacademy.co.uk,Swadlincote,DE11 7JR,East Midlands,no
112819,830,Derbyshire,Great Hucklow CE Primary,https://www.woodlandfederationofpeakdistrictschools.co.uk/,Buxton,SK17 8RG,East Midlands,no
112550,830,Derbyshire,Grindleford Primary School,www.grindlefordprimaryschool.co.uk/,Hope Valley,S32 2HS,East Midlands,no
112692,830,Derbyshire,Hadfield Infant School,www.hadfield-inf.derbyshire.sch.uk,Glossop,SK13 1PN,East Midlands,no
112469,830,Derbyshire,Hadfield Nursery School,www.hadfieldnursery.co.uk,Glossop,SK13 2DW,East Midlands,no
150496,830,Derbyshire,Hady Primary School,www.hadyprimaryschool.co.uk,Chesterfield,S41 0DF,East Midlands,no
148253,830,Derbyshire,Hague Bar Primary School,www.haguebarprimary.org.uk,High Peak,SK22 3AP,East Midlands,no
112582,830,Derbyshire,Harrington Junior School,www.harrington.derbyshire.sch.uk,Nottingham,NG10 4BJ,East Midlands,no
112823,830,Derbyshire,Hartington CofE Primary School,www.hartington.derbyshire.sch.uk,Buxton,SK17 0AS,East Midlands,no
112824,830,Derbyshire,Hartshorne CofE Primary School,www.hartshorne.derbyshire.sch.uk/,Swadlincote,DE11 7ES,East Midlands,no
112664,830,Derbyshire,Hasland Infant School,www.hasland-inf.derbyshire.sch.uk/,Chesterfield,S41 0PE,East Midlands,no
112773,830,Derbyshire,Heage Primary School,http://www.heage.derbyshire.sch.uk,Belper,DE56 2AL,East Midlands,no
137606,830,Derbyshire,Heanor Gate Spencer Academy,https://heanorgatespencer.org.uk/,Heanor,DE75 7RA,East Midlands,no
112679,830,Derbyshire,Heath Fields Primary School,www.heathfields.derbyshire.sch.uk/,Derby,DE65 5EQ,East Midlands,no
146508,830,Derbyshire,Heath Primary School,http://www.heath.derbyshire.sch.uk/,Chesterfield,S44 5RH,East Midlands,no
112519,830,Derbyshire,Henry Bradley Infant School,https://www.henrybradleyschool.co.uk/,Chesterfield,S43 1HR,East Midlands,no
112789,830,Derbyshire,Herbert Strutt Primary School,http://www.herbertstrutt.derbyshire.sch.uk,Belper,DE56 1SH,East Midlands,no
144391,830,Derbyshire,Heritage High School,,Chesterfield,S43 4QG,East Midlands,no
148299,830,Derbyshire,Highfields School,http://www.highfields.derbyshire.sch.uk,Matlock,DE4 5NA,East Midlands,no
147869,830,Derbyshire,Highfields Spencer Academy,highfieldsspencer.com,Derby,DE23 3UX,East Midlands,no
150628,830,Derbyshire,Hilltop Primary Academy,,Ashbourne,DE6 1NB,East Midlands,no
146211,830,Derbyshire,Hilton Spencer Academy,www.hiltonspencer.org.uk,Derby,DE65 5GH,East Midlands,no
147149,830,Derbyshire,Hodthorpe Primary School,https://www.learnerstrust.org/hps,Worksop,S80 4UT,East Midlands,no
143450,830,Derbyshire,Holbrook Church of England Primary School,www.holbrookceprimary.co.uk/,Belper,DE56 0TW,East Midlands,no
146058,830,Derbyshire,Holbrook School for Autism,www.holbrookschoolforautism.co.uk,Belper,DE56 0TE,East Midlands,no
148608,830,Derbyshire,Hollingwood Primary School,http://www.hollingwood.derbyshire.sch.uk,Chesterfield,S43 2JG,East Midlands,no
131322,830,Derbyshire,Holly House Special School,www.hollyhouse.derbyshire.sch.uk,Chesterfield,S41 9QR,East Midlands,no
146960,830,Derbyshire,Holme Hall Primary School,,Chesterfield,S40 4RL,East Midlands,no
112680,830,Derbyshire,Holmesdale Infant School,www.holmesdale.derbyshire.sch.uk,Dronfield,S18 2LR,East Midlands,no
112530,830,Derbyshire,Holmgate Primary School and Nursery,www.holmgate.derbyshire.sch.uk,Chesterfield,S45 9QD,East Midlands,no
112566,830,Derbyshire,Hope Primary School,www.hope.derbyshire.sch.uk,Hope Valley,S33 6ZF,East Midlands,no
147533,830,Derbyshire,Hope Valley College,www.hopevalley-chorustrust.org,Hope Valley,S33 6SD,East Midlands,no
112830,830,Derbyshire,Horsley CofE (Controlled) Primary School,,DERBY,DE21 5BR,East Midlands,no
146444,830,Derbyshire,Horsley Woodhouse Primary School,www.horsleywoodhouseprimary.co.uk,Ilkeston,DE7 6AT,East Midlands,no
146454,830,Derbyshire,Howitt Primary Community School,www.howittprimary.org.uk/,Heanor,DE75 7FS,East Midlands,no
150722,830,Derbyshire,Hulland CofE Primary School,www.hullandprimaryschool.co.uk/,Ashbourne,DE6 3FS,East Midlands,no
112697,830,Derbyshire,Hunloke Park Primary School,www.hunlokepark.derbyshire.sch.uk/,Chesterfield,S42 6PT,East Midlands,no
141569,830,Derbyshire,Immaculate Conception Catholic Primary,www.immaculate-derbyshire.co.uk/,Sheffield,S21 3YB,East Midlands,no
142043,830,Derbyshire,Inkersall Spencer Academy,www.inkersallspencer.org.uk,Chesterfield,S43 3SE,East Midlands,no
144607,830,Derbyshire,Ironville and Codnor Park Primary School,www.ironvillecodnorpark.derbyshire.sch.uk,Ironville,NG16 5NB,East Midlands,no
142710,830,Derbyshire,John Flamsteed Community School,http://www.jfcs.org.uk/,Ripley,DE5 8NP,East Midlands,no
145328,830,Derbyshire,John King Infant Academy,https://www.pvacademies.co.uk,Pinxton,NG16 6NB,East Midlands,no
145500,830,Derbyshire,John Port Spencer Academy,www.johnportspencer.org.uk,Derby,DE65 6LU,East Midlands,no
147359,830,Derbyshire,Kensington Junior Academy,www.kensingtonjunioracademy.co.uk,Ilkeston,DE7 5PA,East Midlands,no
112577,830,Derbyshire,Kilburn Infant and Nursery School,www.kilburnprimaryschool.co.uk/,Derby,DE56 0LA,East Midlands,no
146471,830,Derbyshire,Kilburn Junior School,http://www.kilburnjunior.school/,Belper,DE56 0LA,East Midlands,no
112579,830,Derbyshire,Killamarsh Infant School,www.killamarshinfants.co.uk,Sheffield,S21 2DX,East Midlands,no
112578,830,Derbyshire,Killamarsh Junior School,www.killamarshjunior.com/,Sheffield,S21 2EA,East Midlands,no
146374,830,Derbyshire,Kirk Hallam Community Academy,www.kirkhallamacademy.co.uk,Ilkeston,DE7 4HH,East Midlands,no
112832,830,Derbyshire,Kirk Ireton C of E Primary School,http://www.kirkiretonprimary.co.uk,Ashbourne,DE6 3LD,East Midlands,no
112833,830,Derbyshire,Kirk Langley CofE Primary School,http://www.kirklangley.derbyshire.sch.uk,Ashbourne,DE6 4LQ,East Midlands,no
145403,830,Derbyshire,Kirkstead Junior Academy,https://www.pvacademies.co.uk,Pinxton,NG16 6NA,East Midlands,no
112834,830,Derbyshire,Kniveton CofE Primary School,www.knivetonprimaryschool.co.uk/,Ashbourne,DE6 1JJ,East Midlands,no
146450,830,Derbyshire,Laceyfields Academy,http://www.laceyfieldsacademy.co.uk,Heanor,DE75 7HJ,East Midlands,no
112614,830,Derbyshire,Ladycross Infant School,https://www.ladycross-school.co.uk/,Nottingham,NG10 5JD,East Midlands,no
148017,830,Derbyshire,Ladywood Primary School,www.ladywoodschool.co.uk/,Ilkeston,DE7 4NH,East Midlands,no
145491,830,Derbyshire,Langley Mill Academy,www.langleymillacademy.co.uk,Nottingham,NG16 4FZ,East Midlands,no
145967,830,Derbyshire,Langwith Bassett Junior Academy,www.langwithbassettacademy.org,Mansfield,NG20 9RD,East Midlands,no
112708,830,Derbyshire,Larklands Infant School,www.larklandsinfants.co.uk,Ilkeston,DE7 5DR,East Midlands,no
112492,830,Derbyshire,Leys Junior School,www.leysjuniorschool.org.uk,Alfreton,DE55 7HA,East Midlands,no
112580,830,Derbyshire,Little Eaton Primary School,www.littleeaton.derbyshire.sch.uk/,Derby,DE21 5AB,East Midlands,no
112886,830,Derbyshire,Litton CofE Primary School,www.littonprimary.co.uk,Buxton,SK17 8QU,East Midlands,no
150207,830,Derbyshire,Long Lane Church of England Primary School,,Ashbourne,DE6 5BJ,East Midlands,no
112785,830,Derbyshire,Long Row Primary School,www.longrow.derbyshire.sch.uk/,Belper,DE56 1DR,East Midlands,no
146461,830,Derbyshire,Longford CofE Primary School,www.longford.derbyshire.sch.uk,Ashbourne,DE6 3DR,East Midlands,no
112585,830,Derbyshire,Longmoor Primary School,http://www.longmoorprimary.com/,Nottingham,NG10 4JG,East Midlands,no
112887,830,Derbyshire,Longstone CofE Primary School,www.longstone.derbyshire.sch.uk/,Great Longstone,DE45 1TZ,East Midlands,no
145329,830,Derbyshire,Longwood Infant Academy,https://www.pvacademies.co.uk,Nottingham,NG16 6PA,East Midlands,no
112710,830,Derbyshire,Lons Infant School,www.lons.derbyshire.sch.uk,Ripley,DE5 3SE,East Midlands,no
146502,830,Derbyshire,Loscoe CofE Primary School and Nursery,www.loscoe.derbyshire.sch.uk/,Heanor,DE75 7RT,East Midlands,no
112836,830,Derbyshire,Mapperley CofE Controlled Primary School,www.mapperleycont.derbyshire.sch.uk,Ilkeston,DE7 6BT,East Midlands,no
112562,830,Derbyshire,Marlpool Infant School,www.marlpoolinfants.co.uk/,Heanor,DE75 7NF,East Midlands,no
112561,830,Derbyshire,Marlpool Junior School,,Heanor,DE75 7HS,East Midlands,no
112544,830,Derbyshire,Marsh Lane Primary School,http://www.marshlaneprimary.org.uk,Sheffield,S21 5RS,East Midlands,no
150189,830,Derbyshire,Marston Montgomery Primary School,http://www.marstonmontgomery.derbyshire.sch.uk,Ashbourne,DE6 2FF,East Midlands,no
143578,830,Derbyshire,Mary Swanwick Primary School,www.learnerstrust.org,Chesterfield,S41 9QW,East Midlands,no
112841,830,Derbyshire,Matlock Bath Holy Trinity CofE Controlled Primary School,www.mbhtprimaryschool.org.uk/,Matlock,DE4 3PW,East Midlands,no
112594,830,Derbyshire,Melbourne Infant School,www.melbourne-inf.derbyshire.sch.uk,Derby,DE73 8JE,East Midlands,no
112593,830,Derbyshire,Melbourne Junior School,http://www.melbourne-jun.derbyshire.sch.uk,Derby,DE73 8JE,East Midlands,no
149380,830,Derbyshire,Mercia Academy,www.merciaacademy.org.uk,Swadlincote,DE11 0TL,East Midlands,no
112676,830,Derbyshire,Mickley Village Primary & Nursery School,www.mickley.derbyshire.sch.uk/,Alfreton,DE55 6GG,East Midlands,no
112654,830,Derbyshire,Middleton Community Primary School,www.middleton.derbyshire.sch.uk/,Matlock,DE4 4LQ,East Midlands,no
112788,830,Derbyshire,Milford Primary School,www.milfordprimaryschool.co.uk,Belper,DE56 0QH,East Midlands,no
147625,830,Derbyshire,Model Village Primary School,www.modelvillage.teameducation.org,Mansfield,NG20 8BQ,East Midlands,no
112843,830,Derbyshire,Monyash CofE Primary School,www.monyash.derbyshire.sch.uk/,Bakewell,DE45 1JH,East Midlands,no
150727,830,Derbyshire,Morley Primary School,http://www.morley.derbyshire.sch.uk/,Ilkeston,DE7 6DF,East Midlands,no
149588,830,Derbyshire,Morton Primary Academy,https://www.mortonprimaryacademy.org,Alfreton,DE55 6HH,East Midlands,no
112829,830,Derbyshire,Mundy CofE Junior School,http://www.mundyjunior.org,Heanor,DE75 7EQ,East Midlands,no
137902,830,Derbyshire,Netherthorpe School,http://www.netherthorpe.derbyshire.sch.uk/,Chesterfield,S43 3PU,East Midlands,no
112509,830,Derbyshire,New Bolsover Primary and Nursery School,,Chesterfield,S44 6PY,East Midlands,no
112597,830,Derbyshire,New Mills Primary School,www.newmills-pri.derbyshire.sch.uk/,High Peak,SK22 4AY,East Midlands,no
144012,830,Derbyshire,New Whittington Community Primary School,https://www.learnerstrust.org/nwp,Chesterfield,S43 2AQ,East Midlands,no
140843,830,Derbyshire,Newbold CofE Primary School,www.newboldchurchschool.co.uk/,Chesterfield,S41 8PF,East Midlands,no
150696,830,Derbyshire,Newhall Junior School,,Swadlincote,DE11 0TR,East Midlands,no
112507,830,Derbyshire,Newton Primary School,www.newton.derbyshire.sch.uk/,Alfreton,DE55 5TL,East Midlands,no
112890,830,Derbyshire,Newton Solney CofE (Aided) Infant School,http://www.newtonsolney.derbyshire.sch.uk,Burton-on-Trent,DE15 0SF,East Midlands,no
112599,830,Derbyshire,Newtown Primary School (High Peak Federation),www.newtownprimary.org.uk/,New Mills,SK22 3JS,East Midlands,no
112705,830,Derbyshire,Norbriggs Primary School,www.norbriggs.derbyshire.sch.uk,Chesterfield,S43 3BW,East Midlands,no
147514,830,Derbyshire,North Wingfield Primary and Nursery Academy,www.northwingfield.derbyshire.sch.uk/,,S42 5LE,East Midlands,no
147118,830,Derbyshire,Old Hall Junior School,https://thelearnerstrust.org/old-hall-juniors/,Chesterfield,S40 3QR,East Midlands,no
137109,830,Derbyshire,Ormiston Ilkeston Enterprise Academy,http://www.OIEA.co.uk,Ilkeston,DE7 5HS,East Midlands,no
112847,830,Derbyshire,Osmaston CofE (VC) Primary School,www.osmastonschool.com,Ashbourne,DE6 1LW,East Midlands,no
148337,830,Derbyshire,Outwood Academy Hasland Hall,https://www.haslandhall.outwood.com/,Chesterfield,S41 0LP,East Midlands,no
141377,830,Derbyshire,Outwood Academy Newbold,http://www.newbold.outwood.com,Chesterfield,S41 8BA,East Midlands,no
112603,830,Derbyshire,Overseal Primary School,www.oversealprimary.co.uk/,Swadlincote,DE12 6LU,East Midlands,no
112552,830,Derbyshire,Padfield Community Primary School,https://www.padfieldschool.co.uk,Glossop,SK13 1EQ,East Midlands,no
150574,830,Derbyshire,Palterton Primary School,www.paltertonprimary.co.uk/,Chesterfield,S44 6UN,East Midlands,no
112606,830,Derbyshire,Park House Primary School,www.parkhouse.derbyshire.sch.uk,Chesterfield,S45 8DB,East Midlands,no
112583,830,Derbyshire,Parklands Infant and Nursery School,http://www.parklands-school.co.uk,Nottingham,NG10 4BJ,East Midlands,no
149370,830,Derbyshire,Parkside Community School,www.parkside.derbyshire.sch.uk,Chesterfield,S40 2NS,East Midlands,no
112604,830,Derbyshire,Parwich Primary School,www.parwich.derbyshire.sch.uk,"Parwich, Ashbourne",DE6 1QJ,East Midlands,no
146053,830,Derbyshire,Peak School,http://peakschool.co.uk,High Peak,SK23 6ES,East Midlands,no
137543,830,Derbyshire,Pennine Way Junior Academy,www.pennineway.derbyshire.sch.uk,Swadlincote,DE11 9EY,East Midlands,no
112565,830,Derbyshire,Penny Acres Primary School,www.pennyacres.derbyshire.sch.uk,Dronfield,S18 7WP,East Midlands,no
112891,830,Derbyshire,Pilsley CofE Primary School,http://www.pilsleycofe.derbyshire.sch.uk,Bakewell,DE45 1UF,East Midlands,no
112605,830,Derbyshire,Pilsley Primary School,www.pilsleyprimary.co.uk,Chesterfield,S45 8EU,East Midlands,no
112483,830,Derbyshire,Pinxton Nursery School,http://www.pinxtonnurseryschool.co.uk,Nottingham,NG16 6NA,East Midlands,no
148427,830,Derbyshire,Poolsbrook Primary Academy,www.poolsbrook.academy,Chesterfield,S43 3LF,East Midlands,no
112787,830,Derbyshire,Pottery Primary School,http://www.pottery.derbyshire.sch.uk,Belper,DE56 1HA,East Midlands,no
136972,830,Derbyshire,Queen Elizabeth's Grammar School,http://www.queenelizabeths.derbyshire.sch.uk,Ashbourne,DE6 1EP,East Midlands,no
137897,830,Derbyshire,Redhill Primary School,www.redhill.derbyshire.sch.uk/,Derby,DE72 3SF,East Midlands,no
112976,830,Derbyshire,Repton Primary School,www.repton-pri.derbyshire.sch.uk,Derby,DE65 6GN,East Midlands,no
146495,830,Derbyshire,Richardson Endowed Primary School,http://www.richardsonendowed.co.uk,Ilkeston,DE7 6EF,East Midlands,no
112496,830,Derbyshire,Riddings Infant and Nursery School,https://www.riddingsinfantandnursery.co.uk/,Alfreton,DE55 4EW,East Midlands,no
148787,830,Derbyshire,Riddings Junior School,www.riddingsjuniorschool.org.uk,Alfreton,DE55 4BW,East Midlands,no
112612,830,Derbyshire,Ripley Infant School,ripley-inf.derbyshire.sch.uk,Ripley,DE5 3RY,East Midlands,no
112611,830,Derbyshire,Ripley Junior School,http://www.ripley-jun.derbyshire.sch.uk,Ripley,DE5 3PN,East Midlands,no
112849,830,Derbyshire,Ripley St John's Church of England Primary School and Nursery,www.st-johns.derbyshire.sch.uk/,Ripley,DE5 3BD,East Midlands,no
112851,830,Derbyshire,Rosliston CofE Primary School,http://www.rosliston.derbyshire.sch.uk,Swadlincote,DE12 8JW,East Midlands,no
112820,830,Derbyshire,Rowsley CofE (Controlled) Primary School,www.rowsleyprimary.co.uk,Matlock,DE4 2ED,East Midlands,no
137908,830,Derbyshire,Saint John Houghton Catholic Voluntary Academy,https://www.stjohnhoughtonilkeston.srscmat.co.uk,Ilkeston,DE7 4HX,East Midlands,no
148818,830,Derbyshire,Sale and Davys Church of England Primary School,www.saledavys-primary.co.uk,Derby,DE73 7HA,East Midlands,no
141542,830,Derbyshire,Sawley Infant and Nursery School,www.sawleyinfantschool.co.uk/,Nottingham,NG10 3DQ,East Midlands,no
141543,830,Derbyshire,Sawley Junior School,www.sawleyjunior.co.uk/,Nottingham,NG10 3DQ,East Midlands,no
149514,830,Derbyshire,Scarcliffe Primary School,www.scarcliffeprimary.org.uk,Chesterfield,S44 6TH,East Midlands,no
144467,830,Derbyshire,Scargill CofE Primary School,www.scargill.derbyshire.sch.uk,Ilkeston,DE7 6GU,East Midlands,no
141544,830,Derbyshire,Shardlow Primary School,http://www.shardlowprimary.co.uk/,Derby,DE72 2GR,East Midlands,no
135498,830,Derbyshire,Sharley Park Community Primary School,www.sharleypark.derbyshire.sch.uk,Chesterfield,S45 9BN,East Midlands,no
136127,830,Derbyshire,Shirebrook Academy,http://www.shirebrookacademy.org/,Mansfield,NG20 8QF,East Midlands,no
151175,830,Derbyshire,Shirland Primary School,www.shirland.derbyshire.sch.uk/,Alfreton,DE55 6BH,East Midlands,no
112706,830,Derbyshire,Simmondley Primary School,https://www.simmondley.derbyshire.sch.uk/,Glossop,SK13 6NN,East Midlands,no
142812,830,Derbyshire,Somercotes Infant and Nursery School,www.learnerstrust.org/sis,Alfreton,DE55 4LY,East Midlands,no
144949,830,Derbyshire,Somerlea Park Junior School,www.learnerstrust.org/spj,Alfreton,DE55 4JE,East Midlands,no
112842,830,Derbyshire,South Darley CofE Primary School,http://www.southdarley.derbyshire.sch.uk,Matlock,DE4 2JT,East Midlands,no
112484,830,Derbyshire,South Normanton Nursery School,http://www.southnormantonnurseryschool.co.uk,Alfreton,DE55 2JB,East Midlands,no
112661,830,Derbyshire,Spire Junior School,www.spirejunior.co.uk,Chesterfield,S40 2EN,East Midlands,no
143953,830,Derbyshire,Springfield Junior School,www.springfield.derbyshire.sch.uk,Swadlincote,DE11 0BU,East Midlands,no
147400,830,Derbyshire,Springwell Community College,www.springwell.ttct.co.uk,Chesterfield,S43 3NQ,East Midlands,no
112869,830,Derbyshire,St Andrew's CofE Junior School,http://www.standrewshadfield.org/,Glossop,SK13 2DR,East Midlands,no
112913,830,Derbyshire,St Andrew's CofE Methodist (Aided) Primary School,www.st-andrewscofe.derbyshire.sch.uk,Dronfield,S18 8ZQ,East Midlands,no
112854,830,Derbyshire,St Andrew's CofE Primary School,www.st-andrews-pri.derbyshire.sch.uk/,Ilkeston,DE7 6FB,East Midlands,no
146109,830,Derbyshire,St Anne's Catholic Voluntary Academy,www.stannesbuxton.srscmat.co.uk,Buxton,SK17 7AN,East Midlands,no
112800,830,Derbyshire,St Anne's CofE Primary School,https://www.baslow.school/,Bakewell,DE45 1RZ,East Midlands,no
146273,830,Derbyshire,St Charles' Catholic Voluntary Academy,www.st-charles.derbyshire.sch.uk,Glossop,SK13 1PJ,East Midlands,no
143513,830,Derbyshire,St Edward's Catholic Academy,www.stedwardsswadlincote.srscmat.co.uk,Swadlincote,DE11 0BD,East Midlands,no
146119,830,Derbyshire,St Elizabeth's Catholic Voluntary Academy,www.stelizabethsbelper.srscmat.co.uk,Belper,DE56 2JD,East Midlands,no
144468,830,Derbyshire,St George's CofE Primary School,www.st-georgescofe.co.uk,High Peak,SK22 4NP,East Midlands,no
148463,830,Derbyshire,St George's CofE Primary School,www.st-georges.derbyshire.sch.uk,Swadlincote,DE11 9NP,East Midlands,no
141674,830,Derbyshire,St Giles Church of England Primary School,www.stgilesceprimarymatlock.co.uk,Matlock,DE4 3DD,East Midlands,no
144383,830,Derbyshire,St Giles CofE Primary School,www.stgilesprimary.org.uk/,Sheffield,S21 1DU,East Midlands,no
112875,830,Derbyshire,St John's CofE Primary School and Nursery,www.stjohnsbelper.co.uk,Belper,DE56 1GY,East Midlands,no
141478,830,Derbyshire,"St Joseph's Catholic Primary School, A Voluntary Academy",www.stjosephscatholicprimaryvoluntaryacademy.co.uk/,MANSFIELD,NG20 9RP,East Midlands,no
142827,830,Derbyshire,St Joseph's Catholic Voluntary Academy,stjosephsmatlock.srscmat.co.uk,Matlock,DE4 3FT,East Midlands,no
134773,830,Derbyshire,St Joseph's Catholic and CofE (VA) Primary School,www.st-josephsrccofe.co.uk/,Chesterfield,S43 3LY,East Midlands,no
141824,830,Derbyshire,St Laurence CofE Primary School,www.stlaurencecofeprimaryschool.com/,Nottingham,NG10 1DR,East Midlands,no
112817,830,Derbyshire,St Luke's CofE Primary School,www.saintlukesprimary.co.uk,Glossop,SK13 7BS,East Midlands,no
146113,830,Derbyshire,St Margaret's Catholic Voluntary Academy,https://www.assmfederation.srscmat.co.uk/,Glossop,SK13 6JH,East Midlands,no
138470,830,Derbyshire,"St Mary's Catholic High School, A Catholic Voluntary Academy",http://www.st-maryshigh.derbyshire.sch.uk,Chesterfield,S41 8AG,East Midlands,no
112898,830,Derbyshire,St Mary's Catholic Primary,www.st-marys.derbyshire.sch.uk/,Chesterfield,S40 4ST,East Midlands,no
146260,830,Derbyshire,St Mary's Catholic Voluntary Academy,www.stmarysnewmills.srscmat.co.uk,High Peak,SK22 3BL,East Midlands,no
146322,830,Derbyshire,St Mary's Catholic Voluntary Academy,www.stmarysglossop.srscmat.co.uk,Glossop,SK13 8NE,East Midlands,no
112796,830,Derbyshire,St Oswald's CofE Primary School,http://www.stoswaldsschool.co.uk,Ashbourne,DE6 1AS,East Midlands,no
142042,830,Derbyshire,St Philip Howard Catholic Voluntary Academy,https://www.stphiliphowardglossop.srscmat.co.uk/,Glossop,SK13 8DR,East Midlands,no
146145,830,Derbyshire,St Thomas Catholic Voluntary Academy,https://www.stthomasilkeston.srscmat.co.uk/,Ilkeston,DE7 4LF,East Midlands,no
146128,830,Derbyshire,St Thomas More Catholic Voluntary Academy,www.stthomasmorebuxton.srscmat.co.uk,Buxton,SK17 6AF,East Midlands,no
150624,830,Derbyshire,Stanley Common Church of England Primary School,,Ilkeston,DE7 6FS,East Midlands,no
146054,830,Derbyshire,Stanton Vale School,www.stantonvale.co.uk,Nottingham,NG10 3NP,East Midlands,no
112627,830,Derbyshire,Staveley Junior School,www.staveley.derbyshire.sch.uk,Chesterfield,S43 3XE,East Midlands,no
112781,830,Derbyshire,Stenson Fields Primary Community School,www.stensonfields.derbyshire.sch.uk,Derby,DE24 3BW,East Midlands,no
149823,830,Derbyshire,Stonebroom Primary and Nursery School,http://www.stonebroom.derbyshire.sch.uk/,Alfreton,DE55 6JY,East Midlands,no
145251,830,Derbyshire,Street Lane Primary School,www.streetlane.derbyshire.sch.uk/,Ripley,DE5 8NE,East Midlands,no
147627,830,Derbyshire,Stubbin Wood School,www.stubbinwood.teameducation.org,Mansfield,NG20 8QF,East Midlands,no
142741,830,Derbyshire,Swanwick Hall School,https://www.swanwickhall.ttct.co.uk/,Alfreton,DE55 1AE,East Midlands,no
112500,830,Derbyshire,Swanwick Primary School,http://www.swanwick.derbyshire.sch.uk,Alfreton,DE55 1BZ,East Midlands,no
112892,830,Derbyshire,Taddington and Priestcliffe School,www.taddingtonpriestcliffe.derbyshire.sch.uk,Buxton,SK17 9TW,East Midlands,no
112592,830,Derbyshire,Tansley Primary School,http://www.tansleyprimary.co.uk,Matlock,DE4 5FG,East Midlands,no
144344,830,Derbyshire,Temple Normanton Junior Academy,www.templenormantonacademy.org,Chesterfield,S42 5DW,East Midlands,no
138836,830,Derbyshire,The Bolsover School,http://www.thebolsoverschool.org,Chesterfield,S44 6XA,East Midlands,no
112623,830,Derbyshire,The Brigg Infant School,www.brigg.derbyshire.sch.uk/,Alfreton,DE55 2DA,East Midlands,no
112981,830,Derbyshire,The Curzon CofE Primary School,www.curzon.derbyshire.sch.uk,Derby,DE22 5JA,East Midlands,no
136505,830,Derbyshire,The Ecclesbourne School,http://www.ecclesbourne.derbyshire.sch.uk/,Belper,DE56 4GS,East Midlands,no
146784,830,Derbyshire,The Green Flying High Academy,www.green.derbyshire.sch.uk,Alfreton,DE55 2BS,East Midlands,no
136716,830,Derbyshire,The Long Eaton School,http://www.longeaton.derbyshire.sch.uk/,Nottingham,NG10 3NP,East Midlands,no
147088,830,Derbyshire,The Mease Spencer Academy,http://www.themeaseacademy.co.uk/,Hilton,DE65 5LX,East Midlands,no
112672,830,Derbyshire,The Park Infant & Nursery School,www.parkfed.co.uk,Mansfield,NG20 8JX,East Midlands,no
112682,830,Derbyshire,The Park Junior School,www.parkfed.co.uk,Mansfield,NG20 8JX,East Midlands,no
144069,830,Derbyshire,The Pingle Academy,http://www.pingleacademy.com,Swadlincote,DE11 0QA,East Midlands,no
141259,830,Derbyshire,The Ripley Academy,http://ripleyacademy.org,Ripley,DE5 3JQ,East Midlands,no
112600,830,Derbyshire,Thornsett Primary School (High Peak Federation),www.thornsett.derbyshire.sch.uk,High Peak,SK22 1AT,East Midlands,no
150024,830,Derbyshire,Three Trees CofE Junior Academy,www.threetreesacademies.derbyshire.sch.uk,Swadlincote,DE11 7EA,East Midlands,no
150023,830,Derbyshire,Three Trees Infant Academy,www.threetreesacademies.derbyshire.sch.uk,Swadlincote,DE11 7EA,East Midlands,no
112949,830,Derbyshire,Tibshelf Community School,http://www.tibshelf.derbyshire.sch.uk,Alfreton,DE55 5LZ,East Midlands,no
112923,830,Derbyshire,Tintwistle CofE (Aided) Primary School,http://tintwistle.eschools.co.uk/website,Glossop,SK13 1LY,East Midlands,no
146099,830,Derbyshire,Tupton Hall School,www.tuptonhall.org.uk,Chesterfield,S42 6LG,East Midlands,no
147022,830,Derbyshire,Tupton Primary and Nursery Academy,www.tupton.derbyshire.gov.uk,Chesterfield,S42 6DY,East Midlands,no
141846,830,Derbyshire,Turnditch Church of England Primary School,http://www.turnditchprimary.org.uk,Belper,DE56 2LH,East Midlands,no
112642,830,Derbyshire,Unstone Junior School,www.unstone.derbyshire.sch.uk,Dronfield,S18 4AB,East Midlands,no
112643,830,Derbyshire,Unstone St Mary's Nursery & Infant School,www.unstone.derbyshire.sch.uk,Dronfield,S18 4AL,East Midlands,no
148018,830,Derbyshire,Waingroves Primary School,www.waingroves.derbyshire.sch.uk/,Ripley,DE5 9TD,East Midlands,no
147120,830,Derbyshire,Walton Holymoorside Primary School,www.thelearnerstrust.org/walton-holymoorside-primary/,Chesterfield,S42 7DU,East Midlands,no
146607,830,Derbyshire,Walton On Trent CofE Primary and Nursery School,www.walton-on-trent-primary.co.uk,Swadlincote,DE12 8NL,East Midlands,no
148428,830,Derbyshire,Walton Peak Flying High Academy,www.waltonpeakfha.co.uk,Chesterfield,S40 3HJ,East Midlands,no
147144,830,Derbyshire,Westfield Infant School,www.learnerstrust.org/wis,Chesterfield,S40 3NW,East Midlands,no
112508,830,Derbyshire,Westhouses Primary School,http://www.westhouses.derbyshire.sch.uk,Alfreton,DE55 5AF,East Midlands,no
112896,830,Derbyshire,Weston-on-Trent CofE (VA) Primary School,www.westoncofe.derbyshire.sch.uk/,Derby,DE72 2HX,East Midlands,no
147626,830,Derbyshire,Whaley Thorns Primary School,https://www.whaleythorns.teameducation.org/,Mansfield,NG20 9HB,East Midlands,no
112818,830,Derbyshire,Whitfield St James' CofE (VC) Primary School,www.whitfieldstjamesprimary.co.uk,Glossop,SK13 8EF,East Midlands,no
112958,830,Derbyshire,Whittington Green School,www.wgs.derbyshire.sch.uk,Chesterfield,S41 9LG,East Midlands,no
145520,830,Derbyshire,Whittington Moor Nursery and Infant Academy,www.whittingtonmoor.academy,Chesterfield,S41 8NF,East Midlands,no
112649,830,Derbyshire,Whitwell Primary School,www.whitwellprimary.co.uk,Worksop,S80 4NR,East Midlands,no
112514,830,Derbyshire,Wigley Primary School,www.wigley.derbyshire.sch.uk,Chesterfield,S42 7JJ,East Midlands,no
141850,830,Derbyshire,William Gilbert Endowed Church of England Primary School,www.williamgilbertend.derbyshire.sch.uk/,Belper,DE56 4EB,East Midlands,no
148944,830,Derbyshire,William Rhodes Primary and Nursery School,www.williamrhodes.derbyshire.sch.uk,Chesterfield,S40 2NR,East Midlands,no
112701,830,Derbyshire,Willington Primary School,www.willington.derbyshire.sch.uk/,Derby,DE65 6DN,East Midlands,no
146451,830,Derbyshire,Wilsthorpe School,http://www.wilsthorpe.ttct.co.uk,Nottingham,NG10 4WT,East Midlands,no
112863,830,Derbyshire,Winster CofE Primary School,www.winster.derbyshire.sch.uk/,Matlock,DE4 2DH,East Midlands,no
112864,830,Derbyshire,Wirksworth CofE Infant School,www.wirksworthcofeinfantschool.co.uk,Matlock,DE4 4FG,East Midlands,no
112494,830,Derbyshire,Woodbridge Junior School,www.woodbridge.derbyshire.sch.uk/,Alfreton,DE55 7JA,East Midlands,no
147107,830,Derbyshire,Woodthorpe CofE Primary School,https://www.woodthorpeprimary.org.uk/,Chesterfield,S43 3DA,East Midlands,no
112632,830,Derbyshire,Arkwright Primary School,www.arkwright.derbyshire.sch.uk/,Chesterfield,S44 5BZ,East Midlands,yes
112974,830,Derbyshire,Belmont Primary School,http://www.belmont.derbyshire.sch.uk,,DE11 8JZ,East Midlands,yes
112989,830,Derbyshire,Belper School and Sixth Form Centre,http://www.belperschool.co.uk,Belper,DE56 0DA,East Midlands,yes
113031,830,Derbyshire,Brackenfield Special School,www.brackenfield.derbyshire.sch.uk,Nottingham,NG10 4DA,East Midlands,yes
112515,830,Derbyshire,Brassington Primary School,http://www.brassingtonprimary.co.uk,Matlock,DE4 4HB,East Midlands,yes
112691,830,Derbyshire,Brockwell Junior School,http://www.brockwell-jun.derbyshire.sch.uk,Chesterfield,S40 4NP,East Midlands,yes
112673,830,Derbyshire,Brockwell Nursery and Infant School,www.brockwell-inf.derbyshire.sch.uk,Chesterfield,S40 4NP,East Midlands,yes
112520,830,Derbyshire,Burbage Primary School,www.burbage.derbyshire.sch.uk,Buxton,SK17 9AE,East Midlands,yes
112522,830,Derbyshire,Buxton Infant School,http://www.buxton-inf.derbyshire.sch.uk,Buxton,SK17 6QB,East Midlands,yes
112876,830,Derbyshire,Calow CofE VC Primary School,www.calow.derbyshire.sch.uk,Chesterfield,S44 5BD,East Midlands,yes
112882,830,Derbyshire,Camms CofE (Aided) Primary School,www.camms.derbyshire.sch.uk,Chesterfield,S21 4AU,East Midlands,yes
112878,830,Derbyshire,Carsington and Hopton Primary School,www.carsingtonhoptonprimary.co.uk,Matlock,DE4 4DE,East Midlands,yes
112932,830,Derbyshire,Chapel-en-le-Frith High School,www.chapelhigh.org.uk,High Peak,SK23 0TQ,East Midlands,yes
112877,830,Derbyshire,Charlesworth Voluntary Controlled Primary School,https://www.charlesworthvcprimary.co.uk/,Glossop,SK13 5ET,East Midlands,yes
112527,830,Derbyshire,Chinley Primary School,www.chinley.derbyshire.sch.uk/,Chinley,SK23 6DR,East Midlands,yes
112687,830,Derbyshire,Copthorne Community Infant School,www.copthorneinfants.org.uk,Alfreton,DE55 7FF,East Midlands,yes
112826,830,Derbyshire,Corfield CofE Infant School,www.corfield.derbyshire.sch.uk,Heanor,DE75 7GQ,East Midlands,yes
112548,830,Derbyshire,Creswell Junior School,http://www.creswell-jun.derbyshire.sch.uk,Worksop,S80 4JD,East Midlands,yes
112866,830,Derbyshire,Crich Carr CofE Primary School,www.crichcarrprimary.co.uk,Matlock,DE4 5EF,East Midlands,yes
112867,830,Derbyshire,Crich Church of England Infant School,http://www.crich-inf.derbyshire.sch.uk,Matlock,DE4 5DG,East Midlands,yes
112513,830,Derbyshire,Cutthorpe Primary School,http://www.cutthorpe.com,Chesterfield,S42 7AS,East Midlands,yes
112651,830,Derbyshire,Deer Park Primary School,https://deerpark.derbyshire.sch.uk,Chesterfield,S42 6TD,East Midlands,yes
112881,830,Derbyshire,Denby Free CofE VA Primary School,http://www.denbyfree.derbyshire.sch.uk,Ripley,DE5 8PH,East Midlands,yes
112884,830,Derbyshire,Dinting Church of England Voluntary Aided Primary School,http://www.dinting.derbyshire.sch.uk,Glossop,SK13 6NX,East Midlands,yes
112537,830,Derbyshire,Doveridge Primary School,www.doveridge.derbyshire.sch.uk,Ashbourne,DE6 5JY,East Midlands,yes
112969,830,Derbyshire,Dronfield Henry Fanshawe School,http://www.dronfield.derbyshire.sch.uk,Dronfield,S18 2FZ,East Midlands,yes
112540,830,Derbyshire,Dronfield Infant School,http://www.dronfield-inf.derbyshire.sch.uk,Dronfield,S18 1RY,East Midlands,yes
112539,830,Derbyshire,Dronfield Junior School,http://www.dronfield-jun.derbyshire.sch.uk,Dronfield,S18 1RY,East Midlands,yes
112690,830,Derbyshire,Duffield the Meadows Primary School,www.duffieldmeadows.derbyshire.sch.uk/,Belper,DE56 4GT,East Midlands,yes
112547,830,Derbyshire,Egginton Primary School,www.egginton.derbyshire.sch.uk/,Derby,DE65 6HP,East Midlands,yes
112549,830,Derbyshire,Etwall Primary School,https://etwall-primary.eschools.co.uk,Derby,DE65 6NB,East Midlands,yes
112982,830,Derbyshire,Fairmeadows Foundation Primary School,http://www.fairmeadows.net,Swadlincote,DE11 0SW,East Midlands,yes
112883,830,Derbyshire,Fitzherbert CofE (Aided) Primary School,www.fitzherbertprimary.co.uk,Ashbourne,DE6 1LD,East Midlands,yes
112648,830,Derbyshire,Furness Vale Primary and Nursery School,www.furnessvale.derbyshire.sch.uk,High Peak,SK23 7PQ,East Midlands,yes
112571,830,Derbyshire,Granby Junior School,www.granbyjuniorschool.co.uk,Ilkeston,DE7 8DX,East Midlands,yes
112553,830,Derbyshire,Grassmoor Primary School,www.grassmoor.derbyshire.sch.uk/,Chesterfield,S42 5EP,East Midlands,yes
112572,830,Derbyshire,Hallam Fields Junior School,www.hallamfields.derbyshire.sch.uk,Ilkeston,DE7 4DB,East Midlands,yes
112523,830,Derbyshire,Harpur Hill Primary School,http://www.harpurhill.derbyshire.sch.uk,Buxton,SK17 9LP,East Midlands,yes
112663,830,Derbyshire,Hasland Junior School,www.hasland-jun.derbyshire.sch.uk,Chesterfield,S41 0LY,East Midlands,yes
112885,830,Derbyshire,Hathersage St Michael's CofE (Aided) Primary School,http://www.st-michaels.derbyshire.sch.uk,Hope Valley,S32 1BZ,East Midlands,yes
112554,830,Derbyshire,Hayfield Primary School,https://www.hayfieldprimaryschool.org.uk/,High Peak,SK22 2HB,East Midlands,yes
112667,830,Derbyshire,Highfield Hall Primary School,www.highfieldhall.derbyshire.sch.uk/,Chesterfield,S41 8AZ,East Midlands,yes
112996,830,Derbyshire,Lady Manners School,www.ladymanners.derbyshire.sch.uk,Bakewell,DE45 1JA,East Midlands,yes
112827,830,Derbyshire,Langley Mill Church of England Infant School and Nursery,www.langleymillinfantschool.co.uk,Nottingham,NG16 4DT,East Midlands,yes
112536,830,Derbyshire,Lea Primary School,www.frameworkfederation.co.uk,Matlock,DE4 5JP,East Midlands,yes
112696,830,Derbyshire,Lenthall Infant and Nursery School,https://www.lenthall.derbyshire.sch.uk/,Dronfield,S18 2HB,East Midlands,yes
112978,830,Derbyshire,Linton Primary School,http://www.lintonprimary.co.uk/,Swadlincote,DE12 6QA,East Midlands,yes
112862,830,Derbyshire,Mugginton CofE Primary School,www.muggintonschool.co.uk,Ashbourne,DE6 4PL,East Midlands,yes
112844,830,Derbyshire,Netherseal St Peter's CofE (C) Primary School,http://www.netherseal.derbyshire.sch.uk,Swadlincote,DE12 8BZ,East Midlands,yes
112477,830,Derbyshire,New Mills Nursery School,http://www.newmills-nur.derbyshire.sch.uk/,High Peak,SK22 4AQ,East Midlands,yes
112936,830,Derbyshire,New Mills School,http://www.newmillsschool.co.uk/,High Peak,SK22 4NR,East Midlands,yes
112636,830,Derbyshire,Newhall Infant School,www.newhallinfants.co.uk/,Swadlincote,DE11 0TJ,East Midlands,yes
112845,830,Derbyshire,Norbury CofE Primary School,www.norbury.derbyshire.sch.uk/,Ashbourne,DE6 2EG,East Midlands,yes
112685,830,Derbyshire,Northfield Junior School,http://www.northfield.derbyshire.sch.uk,Dronfield,S18 2ED,East Midlands,yes
112656,830,Derbyshire,Peak Dale Primary School,www.peakdale.derbyshire.sch.uk,Buxton,SK17 8AJ,East Midlands,yes
112848,830,Derbyshire,Peak Forest Church of England Voluntary Controlled Primary School,https://www.woodlandfederationofpeakdistrictschools.co.uk/,Buxton,SK17 8EJ,East Midlands,yes
112545,830,Derbyshire,Renishaw Primary School,www.renishawprimary.org.uk,Sheffield,S21 3UR,East Midlands,yes
112546,830,Derbyshire,Ridgeway Primary School,http://www.ridgewayprimary.com/,Sheffield,S12 3XR,East Midlands,yes
112478,830,Derbyshire,Ripley Nursery School,www.ripley-nur.derbyshire.sch.uk,Ripley,DE5 3HE,East Midlands,yes
112850,830,Derbyshire,Risley Lower Grammar CE (VC) Primary School,www.risley.derbyshire.sch.uk/,Derby,DE72 3SU,East Midlands,yes
112625,830,Derbyshire,South Wingfield Primary School,www.southwingfieldprimary.com,Alfreton,DE55 7NJ,East Midlands,yes
112629,830,Derbyshire,Speedwell Infant School,www.speedwellinfants.co.uk/,Chesterfield,S43 3JJ,East Midlands,yes
112660,830,Derbyshire,Spire Nursery and Infant School,www.spire-inf.derbyshire.sch.uk/,Chesterfield,S40 2EU,East Midlands,yes
112637,830,Derbyshire,Stanton Primary School,www.stanton.derbyshire.sch.uk,Burton-on-Trent,DE15 9TJ,East Midlands,yes
112856,830,Derbyshire,Stanton-in-Peak CofE Primary School,www.stantoninpeakschool.co.uk,Matlock,DE4 2LX,East Midlands,yes
112858,830,Derbyshire,Stoney Middleton CofE (C) Primary School,https://www.woodlandfederationofpeakdistrictschools.co.uk/,Hope Valley,S32 4TL,East Midlands,yes
112859,830,Derbyshire,Stretton Handley Church of England Primary School,http://www.strettonhandley.derbyshire.sch.uk/,Alfreton,DE55 6FH,East Midlands,yes
112631,830,Derbyshire,Sudbury Primary School,http://www.sudbury.derbyshire.sch.uk,Ashbourne,DE6 5HZ,East Midlands,yes
113033,830,Derbyshire,Swanwick School and Sports College,www.swanwicksportscollege.co.uk,Alfreton,DE55 1AR,East Midlands,yes
112872,830,Derbyshire,Taxal and Fernilee CofE Primary School,http://www.taxalprimary.co.uk,High Peak,SK23 7DL,East Midlands,yes
112640,830,Derbyshire,Tibshelf Infant School,www.tibshelf-inf.derbyshire.sch.uk/,Alfreton,DE55 5PP,East Midlands,yes
112639,830,Derbyshire,Town End Junior School,https://tibshelf-inf.derbyshire.sch.uk,Alfreton,DE55 5PB,East Midlands,yes
112646,830,Derbyshire,Wessington Primary School,www.frameworkfederation.co.uk,Alfreton,DE55 6DQ,East Midlands,yes
112647,830,Derbyshire,Whaley Bridge Primary School,http://whaleybridge.derbyshire.sch.uk,High Peak,SK23 7HX,East Midlands,yes
112541,830,Derbyshire,William Levick Primary School,www.williamlevick.co.uk,Dronfield,S18 8YB,East Midlands,yes
112652,830,Derbyshire,Wirksworth Junior School,http://www.wirksworth-junior.com,Matlock,DE4 4FD,East Midlands,yes
112924,830,Derbyshire,"Youlgrave, All Saints' CofE (VA) Primary School",www.youlgraveallsaints.co.uk,Bakewell,DE45 1WN,East Midlands,yes
