urn,district_code,district_name,school_name,website,town,postcode,region,has_email_collected
113772,838,Dorset,All Saints Church of England Voluntary Controlled Primary School,http://www.bishopscaundle.dorset.sch.uk/,Sherborne,DT9 5NQ,South West,no
147214,838,Dorset,All Saints' Church of England Academy,https://www.allsaints-academy.co.uk/,Weymouth,DT4 9BJ,South West,no
141757,838,Dorset,Allenbourn Middle School,https://www.allenbournmiddle.org,Wimborne,BH21 1PL,South West,no
141043,838,Dorset,Archbishop Wake Church of England Primary School,http://www.archbishopwake.dsat.org.uk/,Blandford Forum,DT11 8SW,South West,no
145119,838,Dorset,Atlantic Academy Portland,http://www.atlantic-aspirations.org/,Portland,DT5 2NA,South West,no
113884,838,Dorset,Beaminster School,http://www.beaminster.dorset.sch.uk/,Beaminster,DT8 3EP,South West,no
140560,838,Dorset,Beaminster St Mary's Academy,http://www.beaminsterstmarys.dsat.org.uk,Beaminster,DT8 3BY,South West,no
113956,838,Dorset,Beaucroft Foundation School,http://www.beaucroft.dorset.sch.uk/,Wimborne,BH21 2SS,South West,no
144298,838,Dorset,Beechcroft St Paul's CofE Primary School,www.beechcroft.dsat.org.uk,Weymouth,DT4 0LQ,South West,no
145721,838,Dorset,Bere Regis Primary and Preschool,http://www.bereregis.dorset.sch.uk/,Wareham,BH20 7DB,South West,no
113716,838,Dorset,Bincombe Valley Primary School,http://www.bincombe.dorset.sch.uk,Weymouth,DT3 6AW,South West,no
141046,838,Dorset,Blandford St Mary Church of England Primary School,http://www.blandfordstmary.dsat.org.uk,Blandford Forum,DT11 9QD,South West,no
147264,838,Dorset,Bovington Academy,https://www.bovington-aspirations.org/,Wareham,BH20 6LE,South West,no
142690,838,Dorset,Bridport Primary School,https://bridportprimaryschool.co.uk/,Bridport,DT6 3BJ,South West,no
142691,838,Dorset,"Bridport, St Mary's Church of England Primary School",www.stmarybridport.co.uk/,Bridport,DT6 5LA,South West,no
113661,838,Dorset,Broadmayne First School,http://www.broadmayne.dorset.sch.uk/,Dorchester,DT2 8PH,South West,no
144413,838,Dorset,Buckland Newton Church of England Primary School,www.bucklandnewton.dorset.sch.uk/,Dorchester,DT2 7BY,South West,no
147443,838,Dorset,Budmouth Academy Weymouth,,Weymouth,DT4 9SY,South West,no
142692,838,Dorset,Burton Bradstock Church of England Voluntary Controlled School,http://www.burtonbradstock.dorset.sch.uk,Bridport,DT6 4QS,South West,no
113759,838,Dorset,Cerne Abbas CofE VC First School,www.cerneabbas.dorset.sch.uk,Dorchester,DT2 7LA,South West,no
150208,838,Dorset,Charmouth Primary School,https://charmouth.dorset.sch.uk/,Bridport,DT6 6LR,South West,no
113663,838,Dorset,Cheselbourne Village School,http://www.cheselbourne.dorset.sch.uk/,DORCHESTER,DT2 7NT,South West,no
139147,838,Dorset,Chickerell Primary Academy,http://www.chickerell.dorset.sch.uk,Weymouth,DT3 4AT,South West,no
141768,838,Dorset,Colehill First School,https://www.colehillfirstschool.org/,Wimborne,BH21 2LZ,South West,no
142145,838,Dorset,Corfe Castle Church of England Primary School,http://www.corfecastle.dorset.sch.uk/,Wareham,BH20 5EE,South West,no
148301,838,Dorset,Cranborne Church of England First School,http://www.cranbornefirst.dsat.org.uk,Wimborne,BH21 5QB,South West,no
113853,838,Dorset,Cranborne Middle School,http://www.cranbornemid.dorset.sch.uk,Wimborne,BH21 5RP,South West,no
147559,838,Dorset,Damers First School,http://www.damers.dorset.sch.uk/,Dorchester,DT1 3DF,South West,no
130316,838,Dorset,Dorchester Learning Centre,http://www.dlconline.co.uk,Dorchester,DT2 9PS,South West,no
138186,838,Dorset,Dorchester Middle School,http://www.dorchestermid.dorset.sch.uk,Dorchester,DT1 2HS,South West,no
140977,838,Dorset,Dorset Studio School,http://dorsetstudioschool.co.uk/,Dorchester,DT2 8PX,South West,no
113659,838,Dorset,Downlands Community School,www.downlandsschool.org,Blandford Forum,DT11 8BG,South West,no
140561,838,Dorset,Dunbury Church of England Academy,www.dunbury.dsat.org.uk,Winterborne Whitechurch,DT11 0AW,South West,no
149456,838,Dorset,Durweston Church of England Primary School,http://www.durweston.dorset.sch.uk/,Blandford Forum,DT11 0QA,South West,no
145405,838,Dorset,Emmanuel Middle Church of England Middle School,www.emmanuelmiddle.org,Verwood,BH31 6JF,South West,no
148161,838,Dorset,Ferndown First School,http://www.fernfirst.dorset.sch.uk,Ferndown,BH22 9FB,South West,no
148163,838,Dorset,Ferndown Middle School,http://fernmid.dorset.sch.uk/,Ferndown,BH22 9UP,South West,no
113854,838,Dorset,Ferndown Upper School,http://www.fernup.dorset.sch.uk,Ferndown,BH22 9EY,South West,no
149413,838,Dorset,Gillingham Primary School,http://www.gillinghamprimary.dorset.sch.uk/,Gillingham,SP8 4QR,South West,no
150992,838,Dorset,Hampreston Church of England Voluntary Aided First School,www.hamprestonfirstschool.com/,Wimborne,BH21 7LX,South West,no
147087,838,Dorset,Harbour School Dorset,https://harbourschooldorset.com/,,BH20 6NU,South West,no
146958,838,Dorset,Harbour Vale School,https://harbourvale.dorset.sch.uk/,Sherborne,DT9 4DN,South West,no
141786,838,Dorset,Hayeswood First School,http://www.hayeswood.dorset.sch.uk,Wimborne,BH21 2HN,South West,no
113669,838,Dorset,Hazelbury Bryan Primary School,www.hazelburybryanprimaryschool.co.uk/,Sturminster Newton,DT10 2ED,South West,no
147710,838,Dorset,Henbury View First School,http://www.henburyview.dorset.sch.uk,Wimborne,BH21 3TR,South West,no
146690,838,Dorset,Hillside Community First School,http://www.hillsidefirstschool.org,Verwood,BH31 7HE,South West,no
126911,838,Dorset,Holy Trinity Church of England VC Primary School & Community Nursery,www.holytrinitypri.dorset.sch.uk,Weymouth,DT4 9QX,South West,no
145811,838,Dorset,Lockyer's Middle School,https://www.lockyersmiddle.org,Wimborne,BH21 3HQ,South West,no
142046,838,Dorset,Loders CofE Primary Academy,loders.acornacademy.org,Bridport,DT6 3SA,South West,no
150430,838,Dorset,Lulworth and Winfrith CofE VC Primary School,www.lulworthwinfrith.dorset.sch.uk/,Wareham,BH20 5SA,South West,no
146475,838,Dorset,Lytchett Matravers Primary School,http://www.lmpsdorset.org,Poole,BH16 6DY,South West,no
113863,838,Dorset,Lytchett Minster School,www.lytchett.org.uk,Poole,BH16 6JD,South West,no
113762,838,Dorset,"Maiden Newton, Greenford Church of England Primary School",http://www.greenford.dorset.sch.uk,Dorchester,DT2 0AX,South West,no
149484,838,Dorset,Manor Park Church of England First School,www.manorparkfirst.dorset.sch.uk,Dorchester,DT1 2BH,South West,no
141524,838,Dorset,Marshwood CofE Primary Academy,marshwood.acornacademy.org,Bridport,DT6 5QA,South West,no
141796,838,Dorset,Milborne St Andrew First School,http://www.milborne.dorset.sch.uk/,Blandford Forum,DT11 0JE,South West,no
146153,838,Dorset,Milldown CofE Academy,http://www.milldown.dsat.org.uk,Blandford Forum,DT11 7SN,South West,no
150216,838,Dorset,Milton-on-Stour Church of England Primary School,http://www.milton.dorset.sch.uk,Gillingham,SP8 5QD,South West,no
141798,838,Dorset,Motcombe CofE Primary School,http://www.motcombeprimary.co.uk,Shaftesbury,SP7 9NT,South West,no
113957,838,Dorset,Mountjoy School,https://www.mountjoy.dorset.sch.uk/,Beaminster,DT8 3HB,South West,no
142500,838,Dorset,Oakhurst Community First School,www.oakhurstfirst.com/,Ferndown,BH22 0DY,South West,no
147893,838,Dorset,Pamphill Church of England First School,pamphillfirstschool.org,Wimborne,BH21 4EE,South West,no
148162,838,Dorset,Parley First School,http://www.parley.dorset.sch.uk/,Ferndown,BH22 8QE,South West,no
113807,838,Dorset,Parrett and Axe Church of England Voluntary Aided Primary School,http://www.mosterton.dorset.sch.uk,Beaminster,DT8 3JQ,South West,no
141804,838,Dorset,Piddle Valley Church of England First School,http://www.piddlevalley.dorset.sch.uk,Dorchester,DT2 7QL,South West,no
150882,838,Dorset,Pimperne Church of England VC Primary School,www.pimperne.dorset.sch.uk,Blandford Forum,DT11 8WF,South West,no
149143,838,Dorset,Portesham Church of England Primary School,www.portesham.dorset.sch.uk,Weymouth,DT3 4HP,South West,no
113812,838,Dorset,Powerstock Church of England Voluntary Aided Primary School,www.powerstock.dorset.sch.uk/,Bridport,DT6 3TB,South West,no
141806,838,Dorset,Puddletown Church of England First School,http://www.puddletownfirst.dorset.sch.uk/,Dorchester,DT2 8FZ,South West,no
141526,838,Dorset,Queen Elizabeth's School,http://www.queenelizabeths.com,Wimborne,BH21 4DT,South West,no
113717,838,Dorset,Radipole Primary School,http://www.radipole.dorset.sch.uk/,Weymouth,DT3 5HS,South West,no
113684,838,Dorset,Rushcombe First School,www.rushcombe.co.uk,Wimborne,BH21 3PX,South West,no
113809,838,Dorset,Salway Ash Church of England Voluntary Aided Primary School,www.salwayashschool.org/,Bridport,DT6 5JE,South West,no
113818,838,Dorset,Sandford St Martin's Church of England Voluntary Aided Primary School,http://www.sandfordprimary.dorset.sch.uk,Wareham,BH20 7BN,South West,no
141810,838,Dorset,Shaftesbury Church of England Primary School,https://www.shaftesburyprimary.co.uk/,Shaftesbury,SP7 8PZ,South West,no
140898,838,Dorset,Shaftesbury School,http://www.shaftesburyschool.co.uk,Shaftesbury,SP7 8ER,South West,no
144414,838,Dorset,Sherborne Abbey Church of England Primary School,http://www.sherborneabbey.dorset.sch.uk/,Sherborne,DT9 6AQ,South West,no
144417,838,Dorset,Sherborne Primary School,http://www.sherbornepri.dorset.sch.uk,Sherborne,DT9 4AJ,South West,no
147141,838,Dorset,Shillingstone Church of England Primary School,www.shillingstone.dorset.sch.uk,Blandford Forum,DT11 0TX,South West,no
142503,838,Dorset,Sixpenny Handley First School and Nursery,www.sixpennyhandleyschool.co.uk,Salisbury,SP5 5NJ,South West,no
113719,838,Dorset,Southill Primary School,http://www.southill.dorset.sch.uk,Weymouth,DT4 9UF,South West,no
141061,838,Dorset,Spetisbury CofE Primary School,www.spetisbury.dsat.org.uk,Blandford Forum,DT11 9DF,South West,no
144416,838,Dorset,St Andrew's Church of England Primary School,https://www.yetminster.dorset.sch.uk/,Sherborne,DT9 6LS,South West,no
144470,838,Dorset,St Andrew's Church of England Primary School,www.standrewswey.dsat.org.uk,Weymouth,DT3 6AA,South West,no
144951,838,Dorset,St Andrew's Church of England Primary School,https://standrewsfontmell.co.uk/,Shaftesbury,SP7 0PF,South West,no
140755,838,Dorset,"St Augustine's Catholic Primary School, Weymouth",http://www.staugustines.dorset.sch.uk,Weymouth,DT4 0RH,South West,no
140757,838,Dorset,St Catherine's Roman Catholic School,http://www.stcatherinesbridport.dorset.sch.uk/,Bridport,DT6 3TR,South West,no
150428,838,Dorset,"St George's Church of England Primary School, Langton Matravers",http://www.stgeorgeslangton.dorset.sch.uk,Swanage,BH19 3HB,South West,no
150313,838,Dorset,"St George's Church of England School, Bourton",http://www.bourton.dorset.sch.uk/,Gillingham,SP8 5BN,South West,no
150360,838,Dorset,"St Gregory's Church of England Primary School, Marnhull",https://www.stgregorymarnhull.dorset.sch.uk/,Sturminster Newton,DT10 1PZ,South West,no
142505,838,Dorset,St Ives Primary & Nursery School,www.stivesprimary.com,Ringwood,BH24 2LE,South West,no
148300,838,Dorset,St James Church of England First School,https://www.stjames.dsat.org.uk/,Wimborne,BH21 4JN,South West,no
142506,838,Dorset,"St James' Church of England First School and Nursery, Alderholt",www.alderholt.dorset.sch.uk/,Fordingbridge,SP6 3AJ,South West,no
141821,838,Dorset,"St John's Church of England First School, Wimborne",http://www.stjohnswimborne.dorset.sch.uk,Wimborne,BH21 1BX,South West,no
144550,838,Dorset,St John's Church of England Primary School,http://www.stjohns.dsat.org.uk,Weymouth,DT4 7TP,South West,no
140770,838,Dorset,St Mary & St Joseph's Catholic Primary School,http://www.smsjwool.dorset.sch.uk/,Wareham,BH20 6DS,South West,no
147145,838,Dorset,St Mary the Virgin Church of England Primary School,www.stmarygillingham.dorset.sch.uk/,Gillingham,SP8 4GG,South West,no
140771,838,Dorset,"St Mary's Catholic First School, Dorchester",http://www.stmarysdorchester.dorset.sch.uk/,Dorchester,DT1 2DD,South West,no
140776,838,Dorset,"St Mary's Catholic Primary School, Marnhull",http://www.stmarymarnhull.dorset.sch.uk/,Sturminster Newton,DT10 1JX,South West,no
140780,838,Dorset,"St Mary's Catholic Primary School, Swanage",www.stmarysswanage.dorset.sch.uk/,Swanage,BH19 1QE,South West,no
151330,838,Dorset,"St Mary's Church of England First School, Charminster",http://www.charminster.dorset.sch.uk,Dorchester,DT2 9RD,South West,no
138189,838,Dorset,"St Mary's Church of England Middle School, Puddletown",http://www.stmaryscemiddleschool.co.uk,Dorchester,DT2 8SA,South West,no
144299,838,Dorset,"St Mary's Church of England Primary School, Bradford Abbas",www.bradfordabbasprimary.co.uk/,Sherborne,DT9 6RH,South West,no
142514,838,Dorset,St Mary's CofE First School & Nursery,www.stmaryswestmoors.org/,Ferndown,BH22 0JF,South West,no
141829,838,Dorset,"St Michael's Church of England Middle School, Colehill",http://www.stmichaelsmiddle.org,Wimborne,BH21 7AB,South West,no
150300,838,Dorset,"St Michael's CofE Primary School, Lyme Regis",www.stmichaels.dsat.org.uk,Lyme Regis,DT7 3DY,South West,no
149656,838,Dorset,"St Nicholas Church of England Primary School, Child Okeford",www.childokeford.dorset.sch.uk/,Blandford Forum,DT11 8EL,South West,no
149164,838,Dorset,St Nicholas and St Laurence Church of England Primary School,https://www.stnlwey.dsat.org.uk/,Weymouth,DT3 5DQ,South West,no
147904,838,Dorset,St Osmund's Church of England Middle School,www.stosmunds.dorset.sch.uk,Dorchester,DT1 2DZ,South West,no
113899,838,Dorset,Stalbridge Church of England Primary School,http://www.stalbridge.dorset.sch.uk/,Stalbridge,DT10 2LP,South West,no
113799,838,Dorset,Sticklands Church of England Voluntary Aided Primary School,http://www.sticklands.dorset.sch.uk,Dorchester,DT2 0JP,South West,no
150247,838,Dorset,Stoborough Church of England Primary School,http://www.stoborough.dorset.sch.uk/,Wareham,BH20 5AD,South West,no
113674,838,Dorset,Stower Provost Community School,http://www.stowerprovost.dorset.sch.uk,Gillingham,SP8 5LX,South West,no
113675,838,Dorset,Sturminster Marshall First School,http://www.sturminstermarshall.dorset.sch.uk,Wimborne,BH21 4AY,South West,no
149657,838,Dorset,Sturminster Newton High School,www.mysnhs.net,Sturminster Newton,DT10 1DT,South West,no
150246,838,Dorset,Swanage Primary School,http://www.swanageprimary.dorset.sch.uk/,Swanage,BH19 2EY,South West,no
142165,838,Dorset,Swanage St Mark's Church of England Primary School,https://www.stmarksswanage.dorset.sch.uk/,Swanage,BH19 2PH,South West,no
113815,838,Dorset,Symondsbury Church of England Voluntary Aided Primary School,http://www.symondsbury.dorset.sch.uk,Bridport,DT6 6HD,South West,no
113850,838,Dorset,"The Abbey CofE VA Primary School, Shaftesbury",www.abbeyschool.org.uk,Shaftesbury,SP7 8HQ,South West,no
113888,838,Dorset,The Blandford School,http://www.blandfordschool.org.uk,Blandford Forum,DT11 7SQ,South West,no
134373,838,Dorset,The Compass,www.compass.dorset.sch.uk,Weymouth,DT4 0QU,South West,no
131827,838,Dorset,The Forum Centre,http://www.theforumcentre.com,Blandford Forum,DT11 7BX,South West,no
138471,838,Dorset,The Gryphon School,http://www.Gryphon.dorset.sch.uk/,Sherborne,DT9 4EQ,South West,no
113747,838,Dorset,The Prince of Wales School,http://www.princeofwales.dorset.sch.uk/,Dorchester,DT1 2HH,South West,no
148737,838,Dorset,The Purbeck School,http://www.purbeck.dorset.sch.uk,Wareham,BH20 4PF,South West,no
141735,838,Dorset,The Sir John Colfox Academy,http://www.colfox.org/,Bridport,DT6 3DT,South West,no
139376,838,Dorset,The Swanage School,http://www.theswanageschool.co.uk/,Swanage,BH19 2PH,South West,no
137163,838,Dorset,The Thomas Hardye School,http://www.thomas-hardye.dorset.sch.uk/,Dorchester,DT1 2ET,South West,no
113901,838,Dorset,The Woodroffe School,http://www.woodroffe.dorset.sch.uk/,Lyme Regis,DT7 3LX,South West,no
151307,838,Dorset,"Thorncombe, St Mary's Church of England Primary Academy",,Thorncombe,TA20 4NE,South West,no
113804,838,Dorset,"Thorner's Church of England School, Litton Cheney",http://www.thorners.dorset.sch.uk/,Dorchester,DT2 9AU,South West,no
144415,838,Dorset,Thornford CofE Primary School,http://www.thornford.dorset.sch.uk,Sherborne,DT9 6QY,South West,no
142512,838,Dorset,Three Legged Cross First and Nursery School,www.3lxschool.com,Wimborne,BH21 6RF,South West,no
142963,838,Dorset,Trent Young's CofE Primary School,www.trentyoungs.dsat.org.uk,Sherborne,DT9 4SW,South West,no
148323,838,Dorset,Trinity Church of England First School,https://www.trinityverwood.dsat.org.uk/,Verwood,BH31 7PG,South West,no
146496,838,Dorset,Upton Infant School,http://www.uptoninf.dorset.sch.uk/,Poole,BH16 5LQ,South West,no
146490,838,Dorset,Upton Junior School,http://www.uptonjun.dorset.sch.uk/,Poole,BH16 5NQ,South West,no
146720,838,Dorset,Verwood Church of England First School,http://www.verwoodfirst.dorset.sch.uk/,Verwood,BH31 6JF,South West,no
142167,838,Dorset,Wareham St Mary Church of England Primary School,www.warehamstmary.dorset.sch.uk,Wareham,BH20 4PG,South West,no
113861,838,Dorset,West Moors Middle School,www.westmoorsmid.dorset.sch.uk,Ferndown,BH22 0DA,South West,no
113960,838,Dorset,Westfield Arts College,http://www.westfield.dorset.sch.uk/,Weymouth,DT3 6AA,South West,no
147291,838,Dorset,Wey Valley Academy,http://weyvalley-academy.co.uk/,Weymouth,DT3 5AN,South West,no
113676,838,Dorset,William Barnes Primary School,http://www.williambarnes.dorset.sch.uk/,Sturminster Newton,DT10 1BZ,South West,no
148464,838,Dorset,Wimborne First School and Nursery,http://www.wimbornefirst.dorset.sch.uk/,Wimborne,BH21 4FW,South West,no
148302,838,Dorset,Wimborne St Giles Church of England First School and Nursery,http://www.wimbornestgiles.dsat.org.uk,Wimborne,BH21 5LX,South West,no
113820,838,Dorset,Winterbourne Valley Church of England Aided First School,http://www.winterbournevalley.dorset.sch.uk/,Dorchester,DT2 9LW,South West,no
141854,838,Dorset,Witchampton Church of England First School,www.witchampton.dorset.sch.uk,Wimborne,BH21 5AP,South West,no
148328,838,Dorset,Wool Church of England Primary School,www.woolprimary.com,Wareham,BH20 6BT,South West,no
150359,838,Dorset,Wyke Primary School,,Gillingham,SP8 4SH,South West,no
113787,838,Dorset,Wyke Regis Church of England Junior School,www.wykeregisfed.dorset.sch.uk,Weymouth,DT4 9NU,South West,no
113713,838,Dorset,Wyke Regis Infant School and Nursery,http://www.wykeregisfed.dorset.sch.uk,Weymouth,DT4 9LU,South West,no
138716,838,Dorset,Wyvern Academy,http://www.wyvern.dorset.sch.uk/,Weymouth,DT3 5AL,South West,no
113965,838,Dorset,Yewstock School,http://www.yewstock.dorset.sch.uk/,Sturminster Newton,DT10 1EW,South West,no
113777,838,Dorset,Broadwindsor Church of England Voluntary Controlled Primary School,http://www.broadwindsor.dorset.sch.uk/,Beaminster,DT8 3QL,South West,yes
134080,838,Dorset,Conifers Primary School,www.conifers.dorset.sch.uk/,Weymouth,DT4 0QF,South West,yes
141777,838,Dorset,Frome Valley CofE VA First School,http://www.fromevalley.dorset.sch.uk/,Dorchester,DT2 8WR,South West,yes
113882,838,Dorset,Gillingham School,https://www.gillingham-dorset.co.uk/,Gillingham,SP8 4QP,South West,yes
127133,838,Dorset,St George's Foundation Primary School,www.stgeorgesportland.co.uk/,Portland,DT5 2BD,South West,yes
