urn,district_code,district_name,school_name,website,town,postcode,region,has_email_collected
113972,840,County Durham,Aclet Close Nursery School,www.acletclose.durham.sch.uk,Bishop Auckland,DL14 6PX,North East,no
138554,840,County Durham,Acre Rigg Academy,http://www.acreriggacademy.co.uk,Peterlee,SR8 2DU,North East,no
114154,840,County Durham,Acre Rigg Infant School,www.acrerigg-inf.durham.sch.uk/,Peterlee,SR8 2DU,North East,no
148610,840,County Durham,"All Saints' Catholic Primary School, Lanchester",https://allsaintslanchester.bwcet.com,Durham,DH7 0JG,North East,no
148466,840,County Durham,Annfield Plain Infant School,https://www.annfieldplaininfants.co.uk/,Stanley,DH9 7UY,North East,no
148465,840,County Durham,Annfield Plain Junior School,http://www.annfieldplainjuniors.co.uk,Stanley,DH9 7ST,North East,no
151177,840,County Durham,Aycliffe Village Primary and Nursery School,www.aycliffevillage.durham.sch.uk/,Newton Aycliffe,DL5 6LG,North East,no
150340,840,County Durham,Beamish Primary School,https://www.beamishps.org.uk,Stanley,DH9 0QN,North East,no
114129,840,County Durham,Bearpark Primary School,http://atschool.eduweb.co.uk/bpark.durham/,Durham,DH7 7AU,North East,no
113985,840,County Durham,Beechdale Nursery School,,Consett,DH8 6AY,North East,no
114139,840,County Durham,Belmont Cheveley Park Primary School,http://www.belmontcheveleypark.durham.sch.uk,Durham,DH1 2TX,North East,no
148706,840,County Durham,Bishop Barrington Academy,https://bishopbarrington.org.uk/,Bishop Auckland,DL14 6LA,North East,no
147518,840,County Durham,Bishop Ian Ramsey CofE Primary School,bishopianramsey.org.uk,Consett,DH8 6QN,North East,no
114201,840,County Durham,Blackhall Primary School,www.blackhallcolliery.durham.sch.uk/,Hartlepool,TS27 4NA,North East,no
148916,840,County Durham,"Blessed John Duckett Catholic Primary School, Tow Law",http://www.blessedjohnduckett.durham.sch.uk,Bishop Auckland,DL13 4AU,North East,no
145983,840,County Durham,Bloemfontein Primary School,https://www.bloemfonteinprimary.co.uk/,Stanley,DH9 6AG,North East,no
114274,840,County Durham,Blue Coat CofE (Aided) Junior School,www.bluecoatcofejunior.co.uk/,Durham,DH1 5LP,North East,no
148138,840,County Durham,Bluebell Meadow Primary School,,Trimdon Station,TS29 6JU,North East,no
114087,840,County Durham,Bowburn Primary School,http://www.bowburnprimary.co.uk,Bowburn,DH6 5FP,North East,no
148858,840,County Durham,Brandon Primary Academy,https://brandonprimary.org.uk/,Durham,DH7 8NL,North East,no
114096,840,County Durham,Broom Cottages Primary & Nursery School,www.broomcottages-pri.durham.sch.uk/,Ferryhill,DL17 8AN,North East,no
140359,840,County Durham,Browney Primary Academy,www.browneyacademy.co.uk/,Browney,DH7 8HX,North East,no
114209,840,County Durham,Bullion Lane Primary School,www.bullionlane.durham.sch.uk,Chester le Street,DH2 2DP,North East,no
149122,840,County Durham,Burnhope Primary School,https://www.burnhopeprimary.co.uk/,Durham,DH7 0AG,North East,no
114189,840,County Durham,Byerley Park Primary School,www.byerleyparkprimaryschool.co.uk/,Newton Aycliffe,DL5 7LE,North East,no
150341,840,County Durham,Castleside Primary School,https://www.castlesideps.org.uk,Consett,DH8 9RG,North East,no
150371,840,County Durham,Catchgate Primary School,https://www.catchgateps.org.uk,Stanley,DH9 8LX,North East,no
114213,840,County Durham,Chester-Le-Street CofE (Controlled) Primary School,www.chester-le-street.durham.sch.uk,Chester le Street,DH2 2JT,North East,no
145594,840,County Durham,Chilton Academy,www.chilton.durham.sch.uk/,Ferryhill,DL17 0PT,North East,no
140324,840,County Durham,Cleves Cross Primary and Nursery School Academy,www.clevescrossprimary.org.uk,Ferryhill,DL17 8QY,North East,no
114114,840,County Durham,Cockfield Primary School,http://www.cockfield.durham.sch.uk/,Bishop Auckland,DL13 5EN,North East,no
149616,840,County Durham,Collierley Nursery and Primary School,https://www.collierleyprimary.org.uk,Stanley,DH9 9DJ,North East,no
137638,840,County Durham,Consett Academy,http://www.consett-academy.org.uk/,Consett,DH8 6LZ,North East,no
151457,840,County Durham,Copeland Road Primary School,https://copelandroadprimary.org.uk/,Bishop Auckland,DL14 9JJ,North East,no
114020,840,County Durham,Cotherstone Primary School,https://cotherstoneschool.org.uk/,Barnard Castle,DL12 9QB,North East,no
114150,840,County Durham,Cotsford Primary School,https://www.cotsfordprimary.durham.sch.uk/,Peterlee,SR8 4EH,North East,no
114080,840,County Durham,Coxhoe Primary School,www.coxhoe.durham.sch.uk/,Durham,DH6 4EJ,North East,no
114340,840,County Durham,Croft Community School,www.croftcommunityschool.co.uk,Stanley,DH9 8PR,North East,no
150147,840,County Durham,Deaf Hill Primary School,https://www.dhakpf.durham.sch.uk/,Trimdon Station,TS29 6BP,North East,no
147122,840,County Durham,Dene Academy,http://www.deneacademy.org.uk/,Peterlee,SR8 5RL,North East,no
141998,840,County Durham,Dene House Primary School,,Peterlee,SR8 5RL,North East,no
149251,840,County Durham,Durham Academy,https://durhamacademy.org.uk/,Durham,DH7 7NG,North East,no
114211,840,County Durham,Durham Gilesgate Primary School,www.durhamgilesgate-pri.itss-durham.org.uk/,Durham,DH1 1PH,North East,no
114134,840,County Durham,Durham Newton Hall Infants' School,www.durhamnewtonhall.durham.sch.uk/,Durham,DH1 5LP,North East,no
150012,840,County Durham,Durham Sixth Form Centre,http://www.durhamsixthformcentre.org.uk/,Durham,DH1 1SG,North East,no
138075,840,County Durham,Easington Academy,www.easingtonacademy.co.uk,Peterlee,SR8 3AY,North East,no
149659,840,County Durham,Easington CofE Primary School,http://www.easingtonprimary.org.uk,Peterlee,SR8 3BP,North East,no
114210,840,County Durham,Easington Colliery Primary School,http://www.ecps.org.uk,Peterlee,SR8 3DJ,North East,no
148467,840,County Durham,East Stanley School,https://www.eaststanleyschool.co.uk/,Stanley,DH9 0TN,North East,no
151127,840,County Durham,Edmondsley Primary Academy,edmondsley.durham.sch.uk,Durham,DH7 6DU,North East,no
141109,840,County Durham,Endeavour Academy Durham,www.endeavouracademy.co.uk,Peterlee,SR8 2RN,North East,no
148303,840,County Durham,Esh CofE (Aided) Primary School,https://eshprimary.org.uk/,Durham,DH7 9QR,North East,no
151058,840,County Durham,Esh Winning Academy,https://eshwinning.wiseacademies.co.uk/,Durham,DH7 9BE,North East,no
113976,840,County Durham,Etherley Lane Nursery School,www.etherleylane-nur.durham.sch.uk,Bishop Auckland,DL14 7RF,North East,no
148853,840,County Durham,Evenwood Church of England Primary School,www.evenwood.durham.sch.uk/,Bishop Auckland,DL14 9QZ,North East,no
134663,840,County Durham,Evergreen Primary School,www.evergreen.durham.sch.uk,Bishop Auckland,DL14 6LS,North East,no
145253,840,County Durham,Ferryhill School,www.ferryhill.school,Ferryhill,DL17 8RW,North East,no
114078,840,County Durham,Ferryhill Station Primary School,www.ferryhillstationschool.co.uk/,Ferryhill,DL17 0DB,North East,no
130312,840,County Durham,Finchale Primary School,www.finchale.durham.sch.uk,Durham,DH1 5XT,North East,no
150575,840,County Durham,Fishburn Primary School,www.fishburnprimary.co.uk,Stockton-on-Tees,TS21 4AU,North East,no
137696,840,County Durham,Framwellgate School Durham,http://www.framdurham.com,Durham,DH1 5BQ,North East,no
114062,840,County Durham,Frosterley Primary School,https://www.thedalespartnership.co.uk/,Bishop Auckland,DL13 2SN,North East,no
151061,840,County Durham,Gainford Church of England Primary School and Preschool,http://www.gainfordcofeprimary.co.uk,Darlington,DL2 3DR,North East,no
149902,840,County Durham,Green Lane Church of England Primary School,www.greenlane.durham.sch.uk,Barnard Castle,DL12 8LG,North East,no
149962,840,County Durham,Greenfield Academy,https://greenfieldacademy.org.uk/,Newton Aycliffe,DL5 7LF,North East,no
143585,840,County Durham,Greenland Community Primary School,https://www.greenlandprimary.co.uk/,Stanley,DH9 7EZ,North East,no
145429,840,County Durham,Hartside Primary Academy,http://www.hartsideprimary.org.uk/,Crook,DL15 9NN,North East,no
147531,840,County Durham,Hermitage Academy,http://www.hermitageacademy.co.uk/,Chester le Street,DH2 3AD,North East,no
114143,840,County Durham,Hesleden Primary School,www.hesleden.durham.sch.uk/,Hartlepool,TS27 4PT,North East,no
138718,840,County Durham,Hope Wood Academy,https://ascenttrust.org/hope-wood/,Durham,SR8 3LP,North East,no
113986,840,County Durham,Horden Nursery School,hordennursery.durham.sch.uk,Peterlee,SR8 4TB,North East,no
114190,840,County Durham,Horndale Infants' School,http://www.horndale.durham.sch.uk,Newton Aycliffe,DL5 7HB,North East,no
148852,840,County Durham,Howden-le-Wear Primary School,https://howden-le-wearprimary.org.uk/,Crook,DL15 8HJ,North East,no
114198,840,County Durham,Howletch Lane Primary School,http://www.howletchlane.co.uk/,Peterlee,SR8 2NQ,North East,no
151429,840,County Durham,Hunwick Primary School,https://hunwickprimary.org.uk/,Crook,DL15 0JX,North East,no
114232,840,County Durham,Hutton Henry CofE (Controlled) Primary School,http://www.huttonhenry.durham.sch.uk,Hartlepool,TS27 4RY,North East,no
147815,840,County Durham,Ingleton CofE Primary School,www.ingletoncofeprimary.co.uk,Darlington,DL2 3JE,North East,no
150146,840,County Durham,Kelloe Primary School,https://kelloe.adastraschools.org,Kelloe,DH6 4PG,North East,no
136770,840,County Durham,King James I Academy Bishop Auckland,http://www.kingjames1academy.com/,Bishop Auckland,DL14 7JZ,North East,no
130946,840,County Durham,King Street Primary School,www.kingstreet.durham.sch.uk,Spennymoor,DL16 6RA,North East,no
113977,840,County Durham,Langley Moor Nursery School,langleymoornursery.durham.sch.uk,Durham,DH7 8LL,North East,no
114120,840,County Durham,Langley Moor Primary School,www.langleymoorprimary.co.uk,Durham,DH7 8LL,North East,no
148874,840,County Durham,Langley Park Primary School,www.langleyparkprimaryschool.co.uk/,Durham,DH7 9XN,North East,no
114140,840,County Durham,Laurel Avenue Community Primary School,www.laurelavenue.durham.sch.uk/,Durham,DH1 2EY,North East,no
114039,840,County Durham,Leadgate Primary School - Split Site,www.leadgate.durham.sch.uk/,Consett,DH8 7RH,North East,no
114126,840,County Durham,Ludworth Primary School,www.ludworthprimaryschool.co.uk/,Durham,DH6 1LZ,North East,no
149505,840,County Durham,Middlestone Moor Academy,https://middlestonemoorprimary.org.uk/,Durham,DL16 7DA,North East,no
149475,840,County Durham,Middleton-In-Teesdale Academy,www.middletoninteesdaleacademy.co.uk,Barnard Castle,DL12 0TG,North East,no
148969,840,County Durham,Moorside Primary Academy,https://moorsideprimary.org.uk/,Consett,DH8 8EQ,North East,no
114130,840,County Durham,Neville's Cross Primary School and Nursery,www.nevillescross.durham.sch.uk,Durham,DH1 4JG,North East,no
148970,840,County Durham,New Brancepeth Primary Academy,https://newbrancepethprimary.org.uk/,Durham,DH7 7EU,North East,no
138826,840,County Durham,New Seaham Academy,www.newseaham.org.uk/,Seaham,SR7 0HX,North East,no
131233,840,County Durham,Newker Primary School,newkerprimary.co.uk,Chester le Street,DH2 3AA,North East,no
136745,840,County Durham,North Durham Academy,http://www.northdurhamacademy.co.uk/,Stanley,DH9 0TW,North East,no
148206,840,County Durham,"Our Lady Queen of Martyrs Catholic Primary School, Esh Winning",ourladyqueenofmartyrseshwinning.bwcet.com,Durham,DH7 9PA,North East,no
148820,840,County Durham,"Our Lady and St Joseph Brooms Catholic Primary School, Leadgate",www.ourladyandstjosephsbrooms.bwcet.com,Consett,DH8 7SN,North East,no
148627,840,County Durham,"Our Lady and St Thomas Catholic Primary School, Willington",https://olst.bhcet.org.uk/,"Crook,",DL15 0PB,North East,no
148788,840,County Durham,"Our Lady of Lourdes Catholic Primary School, Shotton",http://www.ourladyoflourdes.durham.sch.uk/,Durham,DH6 2JQ,North East,no
147108,840,County Durham,Our Lady of the Rosary Catholic Primary School,https://ourladyrosary.org.uk/,Peterlee,SR8 1DE,North East,no
144658,840,County Durham,Ouston Primary School,www.oustonprimary.durham.sch.uk,Chester le Street,DH2 1RQ,North East,no
113970,840,County Durham,Oxhill Nursery School,https://www.oxhill.durham.sch.uk/,Stanley,DH9 7LR,North East,no
136971,840,County Durham,Park View School,www.parkviewlearning.net,Chester le Street,DH3 3QA,North East,no
137903,840,County Durham,Parkside Academy,http://parksideacademy.org.uk/,Crook,DL15 0QF,North East,no
150389,840,County Durham,Peases West Academy,https://peaseswestprimary.org.uk,Crook,DL15 9SZ,North East,no
150349,840,County Durham,Pelton Community Primary School,https://www.peltonps.org.uk,Chester le Street,DH2 1EZ,North East,no
114125,840,County Durham,Pittington Primary School,www.pittington.durham.sch.uk/,DURHAM,DH6 1AF,North East,no
151431,840,County Durham,Prince Bishops Community Primary School,http://www.princebishops.org.uk,Bishop Auckland,DL14 8DY,North East,no
138633,840,County Durham,Ribbon School,www.ribbonacademy.co.uk,Seaham,SR7 9QR,North East,no
141121,840,County Durham,Rosa Street Primary and Nursery Academy,www.rosastreet.durham.sch.uk/,Spennymoor,DL16 7NA,North East,no
114208,840,County Durham,Roseberry Primary and Nursery School,www.peltonroseberry.durham.sch.uk/,Chester le Street,DH2 1NP,North East,no
113989,840,County Durham,Rosemary Lane Nursery School,www.rosemary.lane.durhamsch.uk,Peterlee,SR8 3BQ,North East,no
144953,840,County Durham,Sacriston Academy,www.sacristonacademy.co.uk,Durham,DH7 6LQ,North East,no
113975,840,County Durham,Seaham Harbour Nursery School,www.seahamharbour.durham.sch.uk,Seaham,SR7 7NN,North East,no
147711,840,County Durham,Seaham High School,http://www.seahamhighschool.com/,Seaham,SR7 0BH,North East,no
133701,840,County Durham,Seascape Primary School,www.seascapeprimaryschool.co.uk/,Peterlee,SR8 5NJ,North East,no
129823,840,County Durham,Seaview Primary School,https://www.seaviewprimary.com/,Seaham,SR7 8PD,North East,no
147670,840,County Durham,Sedgefield Community College,www.sedgefieldcommunitycollege.co.uk,Stockton-on-Tees,TS21 3DD,North East,no
149225,840,County Durham,Sedgefield Hardwick Primary Academy,https://sedgefieldhardwick.laidlawschoolstrust.co.uk,Stockton-on-Tees,TS21 3DA,North East,no
114159,840,County Durham,Sedgefield Primary School,www.sedgefield-pri.durham.sch.uk/,Stockton-on-Tees,TS21 2BJ,North East,no
114127,840,County Durham,Sherburn Primary School,www.sherburnprimary.durham.sch.uk,Durham,DH6 1DU,North East,no
141997,840,County Durham,Shield Row Primary School,www.shieldrow.durham.sch.uk,Stanley,DH9 0HQ,North East,no
135838,840,County Durham,Shotton Hall Primary School,www.shottonhallprimary.durham.sch.uk/,Peterlee,SR8 1NX,North East,no
114152,840,County Durham,Shotton Primary School,www.shottonprimary.durham.sch.uk/,Shotton Colliery,DH6 2JP,North East,no
123350,840,County Durham,Silver Tree Primary School and Nursery,www.silvertreeprimary.co.uk,Durham,DH7 7LF,North East,no
141999,840,County Durham,South Hetton Primary,,Durham,DH6 2TJ,North East,no
143584,840,County Durham,South Stanley Infant and Nursery School,https://www.southstanleyinfants.co.uk/,Stanley,DH9 6PZ,North East,no
145040,840,County Durham,South Stanley Junior School,https://www.southstanleyjuniors.co.uk/,Stanley,DH9 6PZ,North East,no
151060,840,County Durham,St Andrew's Academy,https://standrews.wiseacademies.co.uk/,Bishop Auckland,DL14 6RY,North East,no
148204,840,County Durham,"St Bede's Catholic Primary School, Sacriston",www.stbedessacriston.bwcet.com,Durham,DH7 6AB,North East,no
148304,840,County Durham,St Bede's Catholic School and Byron Sixth Form College,https://www.st-bedes.org/,Peterlee,SR8 1DE,North East,no
138172,840,County Durham,"St Bede's Catholic School and Sixth Form College, Lanchester",http://stbedes.durham.sch.uk/,Durham,DH7 0RD,North East,no
148205,840,County Durham,"St Benet's Catholic Primary School, Ouston",www.stbenetsouston.bwcet.com,Chester le Street,DH2 1QX,North East,no
148281,840,County Durham,"St Chad's Catholic Primary School, Witton Park",https://stchads.bhcet.org.uk/,Bishop Auckland,DL14 0EP,North East,no
148628,840,County Durham,"St Charles' Catholic Primary School, Tudhoe",https://stcharles.bhcet.org.uk,Spennymoor,DL16 6SL,North East,no
148259,840,County Durham,"St Cuthbert's Catholic Primary School, Chester-Le-Street",www.st-cuthbertsrc-chester-le-street.durham.sch.uk/,Chester le Street,DH3 3PH,North East,no
149057,840,County Durham,"St Cuthbert's Catholic Primary School, Crook",http://www.stcuthbertscrook.org.uk,Crook,DL15 9DN,North East,no
148626,840,County Durham,"St Cuthbert's Catholic Primary School, Seaham",www.stcuthbertsprimary.com/,Seaham,SR7 0HW,North East,no
114267,840,County Durham,St Francis CofE (Aided) Junior School,http://www.stfrancisjunior.org.uk/,Newton Aycliffe,DL5 7HB,North East,no
148207,840,County Durham,"St Godric's Catholic Primary School, Durham",stgodricsdurham.bwcet.com,Durham,DH1 5LZ,North East,no
147928,840,County Durham,"St Godrics Catholic Primary School, Thornley",https://stgodricsthornley.org/,Durham,DH6 3NR,North East,no
150232,840,County Durham,St Helen Auckland Community Primary School,www.sthelenauckland.durham.sch.uk/,Bishop Auckland,DL14 9EN,North East,no
150390,840,County Durham,"St Hild's College Church of England Aided Primary School, Durham",www.st-hilds.durham.sch.uk/,Durham,DH1 2HZ,North East,no
137702,840,County Durham,St John's Catholic School & Sixth Form College,www.stjohnsrc.org.uk,Bishop Auckland,DL14 6JT,North East,no
114064,840,County Durham,St John's Chapel Primary School,http://www.st-johnschapel.durham.sch.uk,Bishop Auckland,DL13 1QH,North East,no
143515,840,County Durham,St Joseph's Catholic Primary School,https://stjosephsna.bhcet.org.uk/,Newton Aycliffe,DL5 7DE,North East,no
148789,840,County Durham,"St Joseph's Catholic Primary School, Blackhall",www.st-josephsrc-pri.durham.sch.uk/,Hartlepool,TS27 4HE,North East,no
148629,840,County Durham,"St Joseph's Catholic Primary School, Coundon",https://stjosephscoundon.bhcet.org.uk/,Bishop Auckland,DL14 8NN,North East,no
148704,840,County Durham,"St Joseph's Catholic Primary School, Gilesgate",stjosephsgilesgate.bwcet.com,Durham,DH1 2JQ,North East,no
148208,840,County Durham,"St Joseph's Catholic Primary School, Ushaw Moor",http://www.olqmstj.durham.sch.uk/,Durham,DH7 7LF,North East,no
148412,840,County Durham,"St Joseph's Catholic Primary, Stanley",stjosephsstanley.bwcet.com,Stanley,DH9 0NP,North East,no
143583,840,County Durham,"St Leonard's Catholic School, Durham",https://stleonardsdurham.bwcet.com/,Durham,DH1 4NG,North East,no
149165,840,County Durham,St Mary Magdalen's Catholic Primary School,http://www.st-marymagdalens.durham.sch.uk,SEAHAM,SR7 7BJ,North East,no
149058,840,County Durham,"St Mary's Catholic Primary School, Barnard Castle",www.stmarysbc.bhcet.org.uk,Barnard Castle,DL12 8JR,North East,no
148413,840,County Durham,"St Mary's Catholic Primary School, Blackhill",stmarysblackhill.bwcet.com,Consett,DH8 8JD,North East,no
149059,840,County Durham,"St Mary's Catholic Primary School, Newton Aycliffe",https://stmarysna.bhcet.org.uk/,Newton Aycliffe,DL5 5NP,North East,no
148845,840,County Durham,"St Mary's Catholic Primary School, South Moor",stmaryssouthmoor.bwcet.com,Stanley,DH9 6PH,North East,no
147929,840,County Durham,"St Marys Catholic Primary School, Wingate",https://stmaryswingate.org/,Co Durham,TS28 5AN,North East,no
148262,840,County Durham,"St Michael's Catholic Primary School, Esh Village",https://stmichaelsesh.bwcet.com/,Durham,DH7 9QY,North East,no
148854,840,County Durham,St Michael's Church of England Primary School,http://www.stmichaelscofe.org.uk/,Ferryhill,DL17 9AL,North East,no
148914,840,County Durham,"St Patrick's Catholic Primary School, Consett",stpatricksconsett.bwcet.com,Consett,DH8 6LN,North East,no
148609,840,County Durham,"St Patrick's Catholic Primary School, Dipton",stpatricksdipton.bwcet.com,Stanley,DH9 9BB,North East,no
149060,840,County Durham,"St Patrick's Catholic Primary School, Langley Moor",stpatrickslangleymoor.bwcet.com,DURHAM,DH7 8JJ,North East,no
148819,840,County Durham,"St Pius Xth Catholic Primary School, Consett",stpiusxthconsett.bwcet.com,Consett,DH8 8AX,North East,no
148705,840,County Durham,"St Thomas More Primary School, Belmont",stthomasmorebelmont.bwcet.com,Belmont,DH1 2AQ,North East,no
148915,840,County Durham,"St Wilfrid's Catholic Primary School, Bishop Auckland",www.stwilfrids.bhcet.org.uk,Bishop Auckland,DL14 6QH,North East,no
147402,840,County Durham,St William's Catholic Primary School,https://stwilliams.bhcet.org.uk/,Trimdon Station,TS29 6HY,North East,no
144991,840,County Durham,Staindrop Academy,www.staindropschool.com,Darlington,DL2 3JU,North East,no
147814,840,County Durham,Stanhope Barrington CofE Primary School,www.stanhopebarringtonbarrington.org.uk,BISHOP AUCKLAND,DL13 2NU,North East,no
114033,840,County Durham,Stanley Burnside Primary School,https://www.burnsideprimary.org.uk/,Stanley,DH9 6QP,North East,no
138556,840,County Durham,Stephenson Way Academy and Nursery School,www.stephensonway.co.uk,Newton Aycliffe,DL5 7DD,North East,no
114207,840,County Durham,Sugar Hill Primary School,www.sugarhill.durham.sch.uk,Newton Aycliffe,DL5 5NU,North East,no
114060,840,County Durham,Sunnybrow Primary School,www.sunnybrow.durham.sch.uk/,Crook,DL15 0LT,North East,no
131545,840,County Durham,Tanfield Lea Community Primary School,www.tanfieldlea-primary.durham.sch.uk,Stanley,DH9 9LU,North East,no
147894,840,County Durham,Tanfield School,tanfieldschool.co.uk,Stanley,DH9 8AY,North East,no
144496,840,County Durham,Teesdale School and Sixth Form,www.teesdaleschool.co.uk,Barnard Castle,DL12 8HH,North East,no
136451,840,County Durham,The Academy at Shotton Hall,www.shottonhallacademy.co.uk,Peterlee,SR8 1AU,North East,no
114046,840,County Durham,The Grove Primary School,www.thegroveprimaryschool.co.uk,Consett,DH8 8AP,North East,no
151483,840,County Durham,The Meadows Academy,https://www.themeadowsschool.net/,Spennymoor,DL16 7QW,North East,no
134662,840,County Durham,The Oaks Secondary School,,Spennymoor,DL16 7DB,North East,no
151059,840,County Durham,Thornley Academy,https://thornley.wiseacademies.co.uk/,Durham,DH6 3DZ,North East,no
114055,840,County Durham,Tow Law Millennium Primary School,http://www.towlaw.org.uk/schools.htm,Bishop Auckland,DL13 4LF,North East,no
138557,840,County Durham,Tudhoe Colliery Primary School,http://www.tudhoecollieryprimaryschool.co.uk/,Spennymoor,DL16 6TJ,North East,no
113991,840,County Durham,Tudhoe Moor Nursery School,www.tudhoemoor.durham.sch.uk,Spennymoor,DL16 6EX,North East,no
142894,840,County Durham,UTC South Durham,www.utcsouthdurham.org,Newton Aycliffe,DL5 6AP,North East,no
149738,840,County Durham,Vane Road Primary School,www.vaneroadprimary.com,Newton Aycliffe,DL5 5RH,North East,no
138555,840,County Durham,Victoria Lane Academy,https://www.victorialaneacademy.org.uk,Bishop Auckland,DL14 8NN,North East,no
114065,840,County Durham,Wearhead Primary School,www.wearhead.durham.sch.uk/,Bishop Auckland,DL13 1BN,North East,no
149739,840,County Durham,Wellfield School,www.wellfieldschool.net,Wingate,TS28 5AX,North East,no
114147,840,County Durham,Wheatley Hill Community Primary School,www.whprimary.com,Durham,DH6 3RQ,North East,no
145564,840,County Durham,Whitworth Park Academy,www.whitworthpark.org.uk,Spennymoor,DL16 7LN,North East,no
113971,840,County Durham,Wingate Community Nursery School,https://www.wingatecommunitynurseryschool.com/,Wingate,TS28 5BD,North East,no
114149,840,County Durham,Wingate Primary School,www.wingateprimaryschool.durham.sch.uk,Wingate,TS28 5AQ,North East,no
114122,840,County Durham,Witton Gilbert Primary School,www.wittongilbert.durham.sch.uk,Durham,DH7 6TF,North East,no
149499,840,County Durham,Witton-le-Wear Primary School,https://witton-le-wearprimary.org.uk/,Bishop Auckland,DL14 0BG,North East,no
148109,840,County Durham,Wolsingham School,http://www.wolsinghamschool.net,Bishop Auckland,DL13 3DJ,North East,no
138717,840,County Durham,Woodham Academy,http://www.woodham.org.uk,Newton Aycliffe,DL5 4AX,North East,no
149737,840,County Durham,Woodham Burn Community Primary School and Nursery,www.woodhamburnprimary.durham.sch.uk/,Newton Aycliffe,DL5 4EX,North East,no
151430,840,County Durham,Woodhouse Primary Academy,https://woodhouseprimary.org.uk/,Bishop Auckland,DL14 6QW,North East,no
151176,840,County Durham,Woodlea Primary School,http://www.woodlea.durham.sch.uk/,Houghton le Spring,DH4 6AR,North East,no
114197,840,County Durham,Yohden Primary School,www.yohden.durham.sch.uk/,Peterlee,SR8 4HP,North East,no
114227,840,County Durham,Belmont CofE (Controlled) Primary School,www.belmontceprimary.co.uk/,Durham,DH1 2AG,North East,yes
114308,840,County Durham,Belmont Community School,http://www.belmontschool.org.uk,Durham,DH1 2AG,North East,yes
114045,840,County Durham,Benfieldside Primary School,www.benfieldsideprimary.co.uk,Consett,DH8 0JX,North East,yes
114018,840,County Durham,Bournmoor Primary School,www.bournmoor.durham.sch.uk/,Houghton le Spring,DH4 6HF,North East,yes
114237,840,County Durham,Bowes Hutchinson's CofE (Aided) School,www.boweshutchinsonsschool.org.uk,Barnard Castle,DL12 9LG,North East,yes
114035,840,County Durham,Burnopfield Primary School,https://www.burnopfieldschool.co.uk/,Newcastle-upon-Tyne,NE16 6PT,North East,yes
114102,840,County Durham,Butterknowle Primary School,http://www.butterknowle.durham.sch.uk,Bishop Auckland,DL13 5PB,North East,yes
114070,840,County Durham,Byers Green Primary School,www.byersgreen.durham.sch.uk/,Spennymoor,DL16 7PN,North East,yes
114075,840,County Durham,Cassop Primary School,www.cassop.durham.sch.uk,Durham,DH6 4RA,North East,yes
114012,840,County Durham,Cestria Primary School,www.cestria.durham.sch.uk/,Chester le Street,DH3 3PZ,North East,yes
114111,840,County Durham,Cockton Hill Infant School,http://www.cocktonhill-inf.durham.sch.uk,Bishop Auckland,DL14 6HW,North East,yes
114110,840,County Durham,Cockton Hill Junior School,www.cocktonhill-jun.durham.sch.uk,Bishop Auckland,DL14 6HW,North East,yes
114052,840,County Durham,Consett Infant School,http://www.consett-inf.durham.sch.uk/,Consett,DH8 6AF,North East,yes
114051,840,County Durham,Consett Junior School,www.consett-jun.durham.sch.uk/,Consett,DH8 6AY,North East,yes
114056,840,County Durham,Crook Primary School,www.crookprimary.org.uk,Crook,DL15 8QG,North East,yes
114086,840,County Durham,Dean Bank Primary and Nursery School,www.deanbank.durham.sch.uk/,Ferryhill,DL17 8PP,North East,yes
114047,840,County Durham,Delves Lane Primary School,www.delveslaneprimary.durham.sch.uk,Consett,DH8 7ES,North East,yes
114312,840,County Durham,Durham Johnston Comprehensive School,www.durhamjohnston.org.uk,Durham,DH1 4SU,North East,yes
114349,840,County Durham,Durham Trinity School & Sports College,http://www.durhamtrinity.co.uk,Durham,DH1 5WB,North East,yes
114214,840,County Durham,Ebchester CofE Primary School,http://www.ebchesterprimary.co.uk,Consett,DH8 0QB,North East,yes
114337,840,County Durham,Elemore Hall School,www.elemorehallschool.com,Durham,DH6 1QD,North East,yes
114103,840,County Durham,Escomb Primary School,http://www.escomb.durham.sch.uk,Bishop Auckland,DL14 7SR,North East,yes
114097,840,County Durham,Etherley Lane Primary School,http://www.etherleylane-pri.durham.sch.uk,Bishop Auckland,DL14 7RB,North East,yes
130940,840,County Durham,Framwellgate Moor Primary School,www.framprimary.durham.sch.uk/,Durham,DH1 5BG,North East,yes
114053,840,County Durham,Hamsterley Primary School,www.hamsterley.durham.sch.uk,Bishop Auckland,DL13 3QF,North East,yes
114074,840,County Durham,Kirk Merrington Primary School,www.kirkmerrington.durham.sch.uk/,Spennymoor,DL16 7JB,North East,yes
131168,840,County Durham,Lanchester Endowed Parochial Primary School,www.lanchesterep.durham.sch.uk,Durham,DH7 0HU,North East,yes
114003,840,County Durham,Lumley Infant and Nursery School,www.lumley.durham.sch.uk,Chester le Street,DH3 4JL,North East,yes
114002,840,County Durham,Lumley Junior School,www.lumley.durham.sch.uk/,Chester le Street,DH3 4JJ,North East,yes
114115,840,County Durham,Montalbo Nursery & Primary School,http://www.montalbo.durham.sch.uk,Barnard Castle,DL12 8TN,North East,yes
114005,840,County Durham,Nettlesworth Primary School,http://www.nettlesworth.durham.sch.uk/,Chester le Street,DH2 3PF,North East,yes
132172,840,County Durham,North Park Primary School,www.northpark.durham.sch.uk/,Spennymoor,DL16 6PP,North East,yes
114069,840,County Durham,Oakley Cross Primary School and Nursery,www.oakleycross.durham.sch.uk/,Bishop Auckland,DL14 9UD,North East,yes
114281,840,County Durham,Our Lady Star of the Sea Roman Catholic Voluntary Aided Primary,www.olsots.durham.sch.uk,Peterlee,SR8 4AB,North East,yes
114099,840,County Durham,Ramshaw Primary School,www.ramshaw.durham.sch.uk/,Bishop Auckland,DL14 9SD,North East,yes
114008,840,County Durham,Red Rose Primary School,www.redroseprimaryschool.com,Chester le Street,DH3 3NA,North East,yes
113993,840,County Durham,Ropery Walk Primary School,www.roperywalk.org.uk,Seaham,SR7 7JZ,North East,yes
134657,840,County Durham,Seaham Trinity Primary School,www.seahamtrinity.co.uk/,Seaham,SR7 7SP,North East,yes
114229,840,County Durham,Shincliffe CofE (Controlled) Primary School,www.shincliffe.durham.sch.uk/,Durham,DH1 2PN,North East,yes
114038,840,County Durham,Shotley Bridge Primary School,https://shotleybridgeprimary.durham.sch.uk/,Consett,DH8 0ES,North East,yes
114091,840,County Durham,Springmoor Grange School,https://springmoor.uk/,Spennymoor,DL16 6SQ,North East,yes
114220,840,County Durham,St Anne's CofE Primary School,http://www.st-annes-pri.durham.sch.uk,Bishop Auckland,DL14 6LS,North East,yes
114285,840,County Durham,"St John's Church of England Aided Primary School, Shildon",http://www.st-johnscofe.durham.sch.uk,Shildon,DL4 2EQ,North East,yes
114276,840,County Durham,"St Joseph's Catholic Primary School, Murton",www.murton-st-josephs.durham.sch.uk/,Seaham,SR7 9RD,North East,yes
114230,840,County Durham,St Margaret's Church of England Primary School,www.st-margarets.durham.sch.uk,Durham,DH1 4QB,North East,yes
114228,840,County Durham,St Oswald's Church of England Aided Primary and Nursery School,www.stoswaldsdurham.net,Durham,DH1 3DQ,North East,yes
114216,840,County Durham,St Stephen's Church of England Primary School,http://www.ststephenscofe.durham.sch.uk,Crook,DL15 0QH,North East,yes
114226,840,County Durham,Staindrop CofE (Controlled) Primary School,www.staindrop-pri.durham.sch.uk/,Darlington,DL2 3NL,North East,yes
114059,840,County Durham,Stanley (Crook) Primary School,www.stanleycrook.durham.sch.uk/,Crook,DL15 9AN,North East,yes
113992,840,County Durham,The Woodlands,www.thewoodlands.durham.sch.uk,Ferryhill,DL17 8AN,North East,yes
114106,840,County Durham,Thornhill Primary School,www.thornhill.durham.sch.uk,Shildon,DL4 1ES,North East,yes
114113,840,County Durham,Timothy Hackworth Primary School,www.timothyhackworthschool.co.uk,Shildon,DL4 1HN,North East,yes
114107,840,County Durham,Toft Hill Primary School,www.tofthill.durham.sch.uk/,Bishop Auckland,DL14 0JA,North East,yes
114345,840,County Durham,Villa Real School,www.villarealschool.co.uk,Consett,DH8 6BH,North East,yes
114341,840,County Durham,Walworth School,www.walworth.durham.sch.uk/,Newton Aycliffe,DL5 7LP,North East,yes
114079,840,County Durham,West Cornforth Primary School,http://www.westcornforth.durham.sch.uk,Ferryhill,DL17 9HP,North East,yes
114004,840,County Durham,West Pelton Primary School,www.westpelton.durham.sch.uk,Stanley,DH9 6SQ,North East,yes
114128,840,County Durham,West Rainton Primary School,www.westraintonprimary.durham.sch.uk,Houghton le Spring,DH4 6RN,North East,yes
113998,840,County Durham,Westlea Primary School,www.westleaprimaryschool.com/,Seaham,SR7 8JU,North East,yes
114066,840,County Durham,Willington Primary School,http://www.willington.durham.sch.uk,Crook,DL15 0EQ,North East,yes
114068,840,County Durham,Wolsingham Primary School,https://www.wolsingham-pri.durham.sch.uk/,Bishop Auckland,DL13 3ET,North East,yes
114108,840,County Durham,Woodland Primary School,www.woodland.durham.sch.uk/,Bishop Auckland,DL13 5RF,North East,yes
