urn,district_code,district_name,school_name,website,town,postcode,region,has_email_collected
114555,846,Brighton and Hove,Aldrington CofE Primary School,http://www.aldrington.org,Hove,BN3 7QD,South East,no
114382,846,Brighton and Hove,Balfour Primary School,www.balfourprimary.co.uk/,Brighton,BN1 6NE,South East,no
151063,846,Brighton and Hove,Benfield Primary School,www.benfield.brighton-hove.dbprimary.com/,Brighton,BN41 1XS,South East,no
114485,846,Brighton and Hove,Bevendean Primary School and Nursery,https://www.bevendeanprimaryschoolandnursery.co.uk/,Brighton,BN2 4JP,South East,no
138261,846,Brighton and Hove,Bilingual Primary School - Brighton & Hove,www.bilingualprimaryschool.org.uk,Brighton and Hove,BN3 7QA,South East,no
114606,846,Brighton and Hove,Blatchington Mill School,http://www.blatchingtonmill.org.uk/,Hove,BN3 7BW,South East,no
114413,846,Brighton and Hove,Brackenbury Primary School,www.brackenburyprimary.co.uk/,Brighton,BN41 2LA,South East,no
136164,846,Brighton and Hove,Brighton Aldridge Community Academy,https://www.baca-uk.org.uk,Brighton,BN1 9PW,South East,no
114446,846,Brighton and Hove,Brunswick Primary School,http://www.brunswick.brighton-hove.sch.uk,Hove,BN3 1RP,South East,no
131789,846,Brighton and Hove,Carden Nursery and Primary School,www.carden.brighton-hove.sch.uk,Brighton,BN1 8LU,South East,no
114611,846,Brighton and Hove,Cardinal Newman Catholic School,http://www.cncs.co.uk/,Hove,BN3 6ND,South East,no
114381,846,Brighton and Hove,Carlton Hill Primary School,www.carltonhill.brighton-hove.sch.uk,BRIGHTON,BN2 9HS,South East,no
138565,846,Brighton and Hove,Central Hub Brighton,www.chb.org.uk,Brighton,BN1 7FP,South East,no
139677,846,Brighton and Hove,City Academy Whitehawk,www.caw.brighton-hove.sch.uk,Brighton,BN2 5FL,South East,no
114384,846,Brighton and Hove,Coldean Primary School,www.coldean.brighton-hove.sch.uk/,Brighton,BN1 9EN,South East,no
114365,846,Brighton and Hove,Coombe Road Primary School,https://www.coomberoad.brighton-hove.sch.uk/,Brighton,BN2 4BP,South East,no
114567,846,Brighton and Hove,Cottesmore St Mary's Catholic Primary School,www.cottesmore.brighton-hove.sch.uk/,Hove,BN3 6NB,South East,no
114580,846,Brighton and Hove,Dorothy Stringer School,https://dorothy-stringer.co.uk/,Brighton,BN1 6PZ,South East,no
114367,846,Brighton and Hove,Downs Infant School,https://www.downsinf.brighton-hove.sch.uk/,Brighton,BN1 6JA,South East,no
114366,846,Brighton and Hove,Downs Junior School,www.downsjunior.brighton-hove.dbprimary.com/,Brighton,BN1 6ED,South East,no
114680,846,Brighton and Hove,Downs View Special School,http://www.downsview.brighton-hove.sch.uk/,Brighton,BN2 6BB,South East,no
114477,846,Brighton and Hove,Elm Grove Primary School,https://www.elmgrove.brighton-hove.sch.uk/,Brighton,BN2 3ES,South East,no
114487,846,Brighton and Hove,Fairlight Primary School,http://www.fairlight.brighton-hove.sch.uk/,Brighton,BN2 3AJ,South East,no
114398,846,Brighton and Hove,Goldstone Primary School,www.goldstoneprimary.co.uk/,Hove,BN3 7JW,South East,no
151062,846,Brighton and Hove,Hangleton Primary School,http://www.hangleton.brighton-hove.sch.uk,Hove,BN3 8LF,South East,no
114368,846,Brighton and Hove,Hertford Primary School,http://www.hertford.brighton-hove.sch.uk/,Brighton,BN1 7FP,South East,no
114687,846,Brighton and Hove,Hill Park School,https://hillpark-brighton-hove.secure-dbprimary.com,Brighton,BN41 2FU,South East,no
114607,846,Brighton and Hove,Hove Park School and Sixth Form Centre,http://www.hovepark.brighton-hove.sch.uk/,Hove,BN3 7BN,South East,no
139409,846,Brighton and Hove,King's School,http://www.kingsschoolhove.org.uk/,Hove,BN3 8BN,South East,no
114581,846,Brighton and Hove,Longhill High School,http://www.longhill.org.uk,Brighton,BN2 7FR,South East,no
114369,846,Brighton and Hove,Middle Street Primary School,www.middlestreet.brighton-hove.sch.uk,Brighton,BN1 1AL,South East,no
114430,846,Brighton and Hove,Mile Oak Primary School,www.mileoakschool.co.uk,Brighton,BN41 2WN,South East,no
147680,846,Brighton and Hove,Moulsecoomb Primary School,https://moulsecoomb.brighton-hove.sch.uk/brighton-hove/primary/moulsecoomb,Brighton,BN2 4PA,South East,no
114608,846,Brighton and Hove,Patcham High School,https://www.patchamhigh.brighton-hove.sch.uk/,Brighton,BN1 8PB,South East,no
114373,846,Brighton and Hove,Patcham Infant School,www.patchaminf.brighton-hove.sch.uk/,Brighton,BN1 8WW,South East,no
114372,846,Brighton and Hove,Patcham Junior School,www.patchamjun.org.uk/,Brighton,BN1 8TA,South East,no
114443,846,Brighton and Hove,Peter Gladwin Primary School,https://www.gladwin.brighton-hove.sch.uk/,Brighton,BN41 2PA,South East,no
137063,846,Brighton and Hove,Portslade Aldridge Community Academy,http://www.paca.uk.com/,Brighton,BN41 2WS,South East,no
114478,846,Brighton and Hove,Queen's Park Primary School,http://www.queenspark.brighton-hove.sch.uk/,Brighton,BN2 0BN,South East,no
114351,846,Brighton and Hove,Royal Spa Nursery School,,Brighton,BN2 0BT,South East,no
114486,846,Brighton and Hove,Rudyard Kipling Primary School & Nursery,www.rudyardkiplingprimary.co.uk,Brighton,BN2 6RH,South East,no
114479,846,Brighton and Hove,Saltdean Primary School,http://www.saltdeanprimary.org.uk/index.asp,Brighton,BN2 8HB,South East,no
114556,846,Brighton and Hove,St Andrew's CofE (Aided) Primary School,http://www.st-andrews.brighton-hove.sch.uk,Hove,BN3 3YT,South East,no
114546,846,Brighton and Hove,St Bernadette's Catholic Primary School,http://www.stberns.brighton-hove.sch.uk,Brighton,BN1 6UT,South East,no
114542,846,Brighton and Hove,St Joseph's Catholic Primary School,www.st-josephs.brighton-hove.sch.uk,Brighton,BN1 7BF,South East,no
114374,846,Brighton and Hove,St Luke's Primary School,http://www.stlukes.brighton-hove.sch.uk,Brighton,BN2 9ZF,South East,no
114545,846,Brighton and Hove,St Mark's CofE Primary School,www.stmarks.brighton-hove.sch.uk/,Brighton,BN2 5EA,South East,no
114539,846,Brighton and Hove,St Martin's CofE Primary School,www.stmartins.brighton-hove.sch.uk,Brighton,BN2 3LJ,South East,no
114541,846,Brighton and Hove,St Mary Magdalen Catholic Primary School,www.stmarymags.brighton-hove.dbprimary.com/,Brighton,BN1 3EF,South East,no
114570,846,Brighton and Hove,St Mary's Catholic Primary School,http://www.stmarys.brighton-hove.sch.uk/,Brighton,BN41 1LB,South East,no
114560,846,Brighton and Hove,St Nicolas CofE Primary School,www.stnicolas.brighton-hove.sch.uk/,Brighton,BN41 2LA,South East,no
114543,846,Brighton and Hove,St Paul's CofE Primary School,,Brighton,BN1 3LP,South East,no
114377,846,Brighton and Hove,Stanford Infant School,www.stanfordinfants.co.uk/,Brighton,BN1 5PS,South East,no
114376,846,Brighton and Hove,Stanford Junior School,http://www.stanfordjun.brighton-hove.sch.uk/,Brighton,BN1 5PR,South East,no
114579,846,Brighton and Hove,Varndean School,http://www.varndean.co.uk,Brighton,BN1 6NP,South East,no
149963,846,Brighton and Hove,West Blatchington Primary and Nursery School,www.westblatchingtonprimary.co.uk/,Hove,BN3 8BN,South East,no
114428,846,Brighton and Hove,West Hove Infant School,www.westhoveinfants.co.uk,Hove,BN3 5JA,South East,no
114380,846,Brighton and Hove,Westdene Primary School,www.westdene.brighton-hove.dbprimary.com/,Brighton,BN1 5GN,South East,no
114480,846,Brighton and Hove,Woodingdean Primary School,http://www.woodingdean.brighton-hove.sch.uk,Brighton,BN2 6BB,South East,no
114403,846,Brighton and Hove,Hove Junior School,www.hovejuniorschool.co.uk/,Hove,BN3 5JA,South East,yes
114544,846,Brighton and Hove,Our Lady of Lourdes RC School,www.ourladyoflourdesprimaryschool.co.uk,Brighton,BN2 7HA,South East,yes
114540,846,Brighton and Hove,St John the Baptist Catholic Primary School,www.stjohn.brighton-hove.sch.uk,Brighton,BN2 0AH,South East,yes
114537,846,Brighton and Hove,"St Margaret's CofE Primary School, Rottingdean",www.stmargarets.brighton-hove.sch.uk,Brighton,BN2 7HB,South East,yes
114350,846,Brighton and Hove,Tarnerland Nursery School,https://www.tarnerland.brighton-hove.sch.uk/brighton-hove/nursery/tarnerland,Brighton,BN2 0GR,South East,yes
