urn,district_code,district_name,school_name,website,town,postcode,region,has_email_collected
116482,850,Hampshire,Abbotswood Junior School,http://www.abbotswood.hants.sch.uk/,Southampton,SO40 8EB,South East,no
116266,850,Hampshire,Abbotts Ann Church of England Primary School,http://www.abbottsann.hants.sch.uk,Andover,SP11 7FE,South East,no
116358,850,Hampshire,All Saints Church of England Aided Junior School,www.allsaintsfleet.co.uk/,Fleet,GU51 5AJ,South East,no
115850,850,Hampshire,Alton Infant School,www.alton-inf.hants.sch.uk,Alton,GU34 1DH,South East,no
116174,850,Hampshire,Alver Valley Infant and Nursery School,http://www.alvervalleyschools.co.uk,Gosport,PO13 8AA,South East,no
116172,850,Hampshire,Alver Valley Junior School,http://www.alvervalleyschools.co.uk,Gosport,PO13 8AA,South East,no
116392,850,Hampshire,Alverstoke Church of England Aided Junior School,www.alverstoke-jun.hants.sch.uk,Gosport,PO12 2JS,South East,no
116169,850,Hampshire,Alverstoke Community Infant School,www.alverstokeinfant.co.uk,Gosport,PO12 2LH,South East,no
137535,850,Hampshire,Amery Hill School,http://www.ameryhill.hants.sch.uk/,Alton,GU34 2BZ,South East,no
116348,850,Hampshire,Amport Church of England Primary School,www.amport.hants.sch.uk/,Andover,SP11 8BA,South East,no
116360,850,Hampshire,Andrews' Endowed Church of England Primary School,www.andrewsendowed.co.uk/,Alton,GU34 4EL,South East,no
115851,850,Hampshire,Anstey Junior School,www.anstey-jun.hants.sch.uk/,Alton,GU34 2DR,South East,no
115973,850,Hampshire,Anton Infant School,http://www.antoninfantschool.com/,Andover,SP10 2HF,South East,no
115854,850,Hampshire,Anton Junior School,www.antonjuniorschool.com,Andover,SP10 2HA,South East,no
116504,850,Hampshire,Applemore College,http://www.applemore.hants.sch.uk/,Southampton,SO45 4RQ,South East,no
116349,850,Hampshire,Appleshaw St Peter's CofE Primary School,http://www.skylarkfederation.com,Andover,SP11 9HR,South East,no
149425,850,Hampshire,Ashford Hill Primary School,www.ashfordhillprimary.co.uk,Thatcham,RG19 8BB,South East,no
115855,850,Hampshire,Ashley Infant School,http://www.ashley-inf.hants.sch.uk/,New Milton,BH25 5AA,South East,no
116488,850,Hampshire,Ashley Junior School,www.ashleyjuniorschool.co.uk,New Milton,BH25 5FN,South East,no
148213,850,Hampshire,Awbridge Primary School,www.awbridge.hants.sch.uk,Romsey,SO51 0HL,South East,no
116063,850,Hampshire,Balksbury Infant School,http://www.balksburyfederation.co.uk,Andover,SP10 3QP,South East,no
115852,850,Hampshire,Balksbury Junior School,www.balksburyfederation.co.uk,Andover,SP10 3QP,South East,no
136078,850,Hampshire,Barncroft Primary School,www.barncroftprimary.co.uk,Havant,PO9 3HN,South East,no
147836,850,Hampshire,Barton Farm Primary Academy,https://bartonfarmacademy.co.uk/,Winchester,SO22 6HS,South East,no
116617,850,Hampshire,Baycroft School,www.baycroftschool.com,Fareham,PO14 2AE,South East,no
115861,850,Hampshire,Beaulieu Village Primary School,http://www.beaulieuschool.org.uk,Brockenhurst,SO42 7YD,South East,no
131117,850,Hampshire,Bedenham Primary School,https://www.bedenhamandholbrookfederation.co.uk/,Gosport,PO13 0XT,South East,no
140211,850,Hampshire,Berewood Primary School,www.berewoodprimary.co.uk,Waterlooville,PO7 3BE,South East,no
116053,850,Hampshire,Bidbury Junior School,www.bidburyjuniorschool.co.uk,Havant,PO9 3EF,South East,no
116271,850,Hampshire,Binsted Church of England Primary School,www.binsted.hants.sch.uk/,Alton,GU34 4NX,South East,no
116478,850,Hampshire,Bishop Challoner Catholic Secondary School,http://www.bcs.hants.sch.uk/,Basingstoke,RG22 6SR,South East,no
116006,850,Hampshire,Bishop's Waltham Junior School,http://www.bwjunior.hants.sch.uk,Southampton,SO32 1EP,South East,no
115863,850,Hampshire,Bishops Waltham Infant School,www.bwis.org.uk,Southampton,SO32 1EP,South East,no
116035,850,Hampshire,Bishopswood Infant School,www.bishopswood-inf.hants.sch.uk,Tadley,RG26 3NA,South East,no
116013,850,Hampshire,Bishopswood Junior School,www.bishopswood-inf.hants.sch.uk/,Tadley,RG26 3NA,South East,no
141474,850,Hampshire,Blackfield Primary and Nursery School,https://bps.ilpartnership.org/,Southampton,SO45 1XA,South East,no
149712,850,Hampshire,Bohunt Farnborough,,Farnborough,GU14 9BY,South East,no
136643,850,Hampshire,Bohunt School,http://www.bohunt.hants.sch.uk/,Liphook,GU30 7NY,South East,no
147066,850,Hampshire,Boorley Park,www.boorleyparkprimary.org,Botley,SO32 2SH,South East,no
150418,850,Hampshire,Bordon Infant School,www.bordoninfantschool.co.uk,Bordon,GU35 0JB,South East,no
146002,850,Hampshire,Bordon Junior School,bordonjunior.chimat.uk,Bordon,GU35 0JB,South East,no
115919,850,Hampshire,Bosmere Junior School,www.bosmere.hants.sch.uk/,Havant,PO9 1DA,South East,no
116273,850,Hampshire,Botley Church of England Controlled Primary School,www.botley.hants.sch.uk/,Southampton,SO30 2EA,South East,no
115866,850,Hampshire,Braishfield Primary School,www.braishfield.hants.sch.uk,Romsey,SO51 0QF,South East,no
137693,850,Hampshire,Bransgore Church of England Primary School,http://www.bransgoreprimaryschool.co.uk,Christchurch,BH23 8JH,South East,no
116275,850,Hampshire,Breamore Church of England Primary School,www.forestedgelearning.co.uk,Fordingbridge,SP6 2EF,South East,no
138437,850,Hampshire,Bridgemary School,www.bridgemary-tkat.org,Gosport,PO13 0JN,South East,no
149707,850,Hampshire,Brighton Hill Community School,http://www.brightonhill.hants.sch.uk/,Basingstoke,RG22 4HS,South East,no
116177,850,Hampshire,Brockhurst Primary School,www.brockhurst.hants.sch.uk/,Gosport,PO12 4SL,South East,no
116419,850,Hampshire,Brookfield Community School,http://www.brookfield.hants.sch.uk/,Southampton,SO31 7DU,South East,no
115867,850,Hampshire,Broughton Primary School,www.broughton.hants.sch.uk,Stockbridge,SO20 8AN,South East,no
115868,850,Hampshire,Burghclere Primary School,www.burghclere.hants.sch.uk/,Newbury,RG20 9HT,South East,no
115869,850,Hampshire,Buriton Primary School,www.buriton.hants.sch.uk,Petersfield,GU31 5RX,South East,no
115870,850,Hampshire,Burley Primary School,https://www.burleyandsopleyfederation.org.uk/,Ringwood,BH24 4AP,South East,no
131516,850,Hampshire,Burnham Copse Primary School,www.bcp.hants.sch.uk/,Tadley,RG26 4HN,South East,no
116027,850,Hampshire,Bursledon Junior School(CA),www.bursledonschools.co.uk/,Southampton,SO31 8BZ,South East,no
130861,850,Hampshire,Bushy Leaze Early Years Centre,www.bushyleaze.co.uk,Alton,GU34 2DR,South East,no
134734,850,Hampshire,Cadland Primary School,www.cadland.hants.sch.uk/,Holbury,SO45 2HW,South East,no
116049,850,Hampshire,Calmore Infant School,www.calmore-inf.hants.sch.uk/,Southampton,SO40 2ZZ,South East,no
116436,850,Hampshire,Calthorpe Park School,http://cps.hants.sch.uk/,Fleet,GU51 5JA,South East,no
137538,850,Hampshire,Cams Hill School,http://www.camshill.com,Fareham,PO16 8AH,South East,no
116041,850,Hampshire,Castle Hill Infant School,www.castlehillinfantschool.org/,BASINGSTOKE,RG23 8BN,South East,no
116083,850,Hampshire,Castle Primary School,www.castleprimaryschool.co.uk/,Fareham,PO16 9QQ,South East,no
116280,850,Hampshire,Catherington Church of England Infant School,www.catherington.hants.sch.uk/,Waterlooville,PO8 0TD,South East,no
116057,850,Hampshire,Chalk Ridge Primary School,www.chalkridgepri.hants.sch.uk/,Basingstoke,RG22 4ER,South East,no
115872,850,Hampshire,Chandler's Ford Infant School,www.chandlersford-inf.hants.sch.uk/,Eastleigh,SO53 2EY,South East,no
115887,850,Hampshire,Cherbourg Primary School,www.cherbourg.org.uk,Eastleigh,SO50 5QF,South East,no
115874,850,Hampshire,Cheriton Primary School,http://www.cheriton.hants.sch.uk,Alresford,SO24 0QA,South East,no
132802,850,Hampshire,Cherrywood Community Primary School,www.cherrywoodprimary.co.uk/,Farnborough,GU14 8LH,South East,no
134652,850,Hampshire,Chiltern Primary School,www.chiltern-pri.hants.sch.uk/,Basingstoke,RG22 5BB,South East,no
148343,850,Hampshire,Chiltern Way Academy Austen,www.chilternway.org/our-academies/cwa-austen,BASINGSTOKE,RG24 9BP,South East,no
150874,850,Hampshire,Chiltern Way Academy Basingstoke,,Basingstoke,RG22 5TH,South East,no
150873,850,Hampshire,Chiltern Way Academy Futures,,Basingstoke,RG23 8AA,South East,no
115976,850,Hampshire,Church Crookham Junior School,www.crookham-jun.hants.sch.uk/,Fleet,GU52 8BW,South East,no
115876,850,Hampshire,Clanfield Junior School,,Waterlooville,PO8 0RE,South East,no
115877,850,Hampshire,Cliddesden Primary School,www.cliddesden.hants.sch.uk/,Basingstoke,RG25 2QU,South East,no
116074,850,Hampshire,Colden Common Primary School,http://www.coldencommon.hants.sch.uk,Eastleigh,SO50 6HW,South East,no
116282,850,Hampshire,Copythorne CofE Infant School,http://www.copythorne.hants.sch.uk,Southampton,SO40 2PB,South East,no
139548,850,Hampshire,Cornerstone CofE (VA) Primary School,http://cornerstoneprimary.hants.sch.uk/,Fareham,PO15 7QE,South East,no
116412,850,Hampshire,Court Moor School,http://www.court-moor.hants.sch.uk/,Fleet,GU52 7RY,South East,no
116141,850,Hampshire,Cove Infant School,www.coveinfantschool.co.uk/,Farnborough,GU14 9DP,South East,no
116140,850,Hampshire,Cove Junior School,www.covejunior.co.uk,Farnborough,GU14 9SA,South East,no
135885,850,Hampshire,Cranford Park Primary,https://www.cranfordparkprimary.co.uk/,Yateley,GU46 6LB,South East,no
116445,850,Hampshire,Crestwood Community School,http://crestwood.hants.sch.uk/,Eastleigh,SO50 4FZ,South East,no
115880,850,Hampshire,Crofton Anne Dale Junior School,http://www.croftonannedale-jun.hants.sch.uk,Fareham,PO14 3PH,South East,no
116009,850,Hampshire,Crofton Hammond Infant School,www.croftonhammond-inf.hants.sch.uk/,Fareham,PO14 2DE,South East,no
116058,850,Hampshire,Crofton Hammond Junior School,www.croftonhjs.co.uk,Fareham,PO14 2DE,South East,no
149621,850,Hampshire,Crofton School,http://www.croftonschool.co.uk,Fareham,PO14 2AT,South East,no
150155,850,Hampshire,Crondall Primary School,https://www.crondallschool.co.uk/,Farnham,GU10 5QG,South East,no
116403,850,Hampshire,Crookham Church of England Aided Infant School,http://www.crookhaminfants.co.uk/,Fleet,GU52 6PU,South East,no
116428,850,Hampshire,Crookhorn College,http://www.crookhorn.hants.sch.uk/,Waterlooville,PO7 5UD,South East,no
116048,850,Hampshire,Cupernham Infant School,http://www.cupernhaminfant.com,Romsey,SO51 7JT,South East,no
115944,850,Hampshire,Cupernham Junior School,http://www.cupernhamjunior.com,Romsey,SO51 7JT,South East,no
115879,850,Hampshire,Curdridge Primary School,http://www.curdridge.hants.sch.uk,Southampton,SO32 2DR,South East,no
150127,850,Hampshire,Danebury School,www.danebury.hispmat.org,Stockbridge,SO20 6HA,South East,no
143698,850,Hampshire,Deer Park School,https://www.deerparksecondary.org/,Southampton,SO30 2HT,South East,no
115882,850,Hampshire,Denmead Infant School,http://denmeadinfantschool.co.uk/,Waterlooville,PO7 6PN,South East,no
116043,850,Hampshire,Denmead Junior School,www.denmead-jun.hants.sch.uk,Waterlooville,PO7 6PH,South East,no
116355,850,Hampshire,Dogmersfield Church of England Primary School,www.dogmersfield.hants.sch.uk,Hook,RG27 8SS,South East,no
137605,850,Hampshire,Dove House Academy,www.dovehouseacademy.com,Basingstoke,RG21 5SU,South East,no
115881,850,Hampshire,Droxford Junior School,www.droxfordjunior.co.uk/,Southampton,SO32 3QR,South East,no
116283,850,Hampshire,Durley Church of England Controlled Primary School,,Southampton,SO32 2AR,South East,no
116284,850,Hampshire,East Meon Church of England Controlled Primary School,www.eastmeon.hants.sch.uk,Petersfield,GU32 1NR,South East,no
116285,850,Hampshire,Ecchinswell and Sydmonton Church of England Primary School,www.ecchinswellsydmonton.hants.sch.uk/,Newbury,RG20 4UA,South East,no
138720,850,Hampshire,Eggar's School,www.eggars.net,Alton,GU34 4EQ,South East,no
116163,850,Hampshire,Elson Infant School,www.elsoninfantschool.co.uk,Gosport,PO12 4EU,South East,no
116162,850,Hampshire,Elson Junior School,www.elsonjunior.co.uk,Gosport,PO12 4EX,South East,no
132801,850,Hampshire,Elvetham Heath Primary School,http://www.ehps.hants.sch.uk,Fleet,GU51 1DP,South East,no
145125,850,Hampshire,Everest Community Academy,https://www.everestcommunityacademy.org/,Basingstoke,RG24 9UP,South East,no
115891,850,Hampshire,Fair Oak Infant School,http://www.fairoakinfant.co.uk,Eastleigh,SO50 7AN,South East,no
115997,850,Hampshire,Fair Oak Junior School,www.fairoakjunior.co.uk,Eastleigh,SO50 7AN,South East,no
115904,850,Hampshire,Fairfield Infant School,http://www.fairfield.hants.sch.uk/,Havant,PO9 1AY,South East,no
116232,850,Hampshire,Fairfields Primary School,http://www.fairfields.hants.sch.uk,Basingstoke,RG21 3DH,South East,no
140069,850,Hampshire,Fareham Academy,http://www.fareham-academy.co.uk,Fareham,PO14 1JJ,South East,no
144899,850,Hampshire,Farnborough Grange Nursery & Infant Community School,www.farnboroughgrange.hants.sch.uk,Farnborough,GU14 8HW,South East,no
141473,850,Hampshire,Fawley Infant School,https://fis.ilpartnership.org/,Southampton,SO45 1EA,South East,no
116069,850,Hampshire,Fordingbridge Infant School,http://fordingbridgefed.co.uk/,Fordingbridge,SP6 1HJ,South East,no
116068,850,Hampshire,Fordingbridge Junior School,http://fordingbridgefed.co.uk/,Fordingbridge,SP6 1HJ,South East,no
135823,850,Hampshire,Forest Park School,www.forestpark.hants.sch.uk,Southampton,SO40 8DZ,South East,no
115918,850,Hampshire,Freegrounds Infant School,http://www.freegrounds-inf.hants.sch.uk/,Southampton,SO30 0GG,South East,no
116000,850,Hampshire,Freegrounds Junior School,http://www.freegrounds-jun.hants.sch.uk,Southampton,SO30 0GG,South East,no
150951,850,Hampshire,Frogmore Community College,http://www.frogmorecollege.co.uk,Yateley,GU46 6AG,South East,no
115981,850,Hampshire,Frogmore Infant School,http://www.frogmore-inf.hants.sch.uk,Camberley,GU17 0NY,South East,no
139944,850,Hampshire,Frogmore Junior School,www.frogmorejuniors.co.uk,Camberley,GU17 0NY,South East,no
139273,850,Hampshire,Front Lawn Primary Academy,www.flpa-tkat.org,Havant,PO9 5HX,South East,no
116289,850,Hampshire,Froxfield Church of England Primary and Pre-School,www.froxfield.hants.sch.uk,Petersfield,GU32 1EG,South East,no
115884,850,Hampshire,Fryern Junior School,www.fryernfederation.co.uk/,Eastleigh,SO53 2LN,South East,no
116639,850,Hampshire,Glenwood School,www.glenwoodschoolemsworth.co.uk,Emsworth,PO10 7NN,South East,no
116176,850,Hampshire,Gomer Infant School,www.gomerinfantschool.co.uk/,Gosport,PO12 2RP,South East,no
116147,850,Hampshire,Grange Community Junior School,http://www.grange.hants.sch.uk,Farnborough,GU14 8TA,South East,no
116171,850,Hampshire,Grange Infant School,www.grange-inf.hants.sch.uk/,Gosport,PO13 9TS,South East,no
116170,850,Hampshire,Grange Junior School,http://www.grangejunior.com,Gosport,PO13 9RX,South East,no
115897,850,Hampshire,Grateley Primary School,http://www.grateley.hants.sch.uk,Andover,SP11 8JS,South East,no
116290,850,Hampshire,Grayshott Church of England Controlled Primary School,http://www.schools.hants.org.uk/grayshott/,Hindhead,GU26 6LR,South East,no
132212,850,Hampshire,Great Binfields Primary School,www.greatbinfields.co.uk,Basingstoke,RG24 8AJ,South East,no
115898,850,Hampshire,Greatham Primary School,www.greathamschool.co.uk,Liss,GU33 6HA,South East,no
115847,850,Hampshire,Greenwood School,www.greenwood.hants.sch.uk,Southampton,SO45 5UQ,South East,no
116157,850,Hampshire,Guillemont Junior School,http://www.guillemont.org.uk,Farnborough,GU14 9ES,South East,no
115900,850,Hampshire,Hale Primary School,www.forestedgelearning.co.uk,Fordingbridge,SP6 2NE,South East,no
148216,850,Hampshire,Halterworth Primary School,www.halterworth.hants.sch.uk/,Romsey,SO51 9AD,South East,no
115901,850,Hampshire,Hamble Primary School,www.hamble-pri.hants.sch.uk/,Southampton,SO31 4ND,South East,no
115902,850,Hampshire,Hambledon Primary School,http://www.hambledon.hants.sch.uk/,Waterlooville,PO7 4RT,South East,no
116241,850,Hampshire,Harestock Primary School,www.harestock.co.uk,Winchester,SO22 6LU,South East,no
116431,850,Hampshire,Harrow Way Community School,http://www.harrowway.hants.sch.uk,Andover,SP10 3RH,South East,no
116244,850,Hampshire,Hart Plain Junior School,www.hartplain-jun.hants.sch.uk/,Waterlooville,PO8 8SA,South East,no
116165,850,Hampshire,Haselworth Primary School,www.haselworth.hants.sch.uk,Gosport,PO12 1SQ,South East,no
116137,850,Hampshire,Hatch Warren Infant School,www.hwis.hants.sch.uk,Basingstoke,RG22 4PQ,South East,no
116255,850,Hampshire,Hatch Warren Junior School,http://hwjs.hants.sch.uk,Basingstoke,RG22 4PQ,South East,no
136156,850,Hampshire,Havant Academy,http://www.havant-tkat.org/,Havant,PO9 5JD,South East,no
115830,850,Hampshire,Haven Early Years Centre,www.haven-sch.org,Gosport,PO13 0UY,South East,no
115913,850,Hampshire,Hawley Primary School,www.hawleyprimary.co.uk,Camberley,GU17 9BH,South East,no
116243,850,Hampshire,Hazel Wood Infant School,www.federationofhazelwoodandlydlynch.co.uk,Southampton,SO40 8WU,South East,no
116002,850,Hampshire,Heatherside Infant School,http://www.heathersideinfantschool.co.uk/,Fleet,GU52 7TH,South East,no
116010,850,Hampshire,Heatherside Junior School,http://www.heatherside-jun.hants.sch.uk,Fleet,GU52 7TH,South East,no
116607,850,Hampshire,Heathfield Special School,www.heathfieldhants.co.uk,Fareham,PO14 3BN,South East,no
131559,850,Hampshire,Henry Tyndale School,,Farnborough,GU14 8BX,South East,no
115980,850,Hampshire,Hiltingbury Infant School,www.hiltingburyinfant.co.uk/,Eastleigh,SO53 5NP,South East,no
116007,850,Hampshire,Hiltingbury Junior School,www.hiltingbury-jun.hants.sch.uk,Eastleigh,SO53 5NP,South East,no
131116,850,Hampshire,Holbrook Primary School,www.bedenhamandholbrookfederation.co.uk/,Gosport,PO13 0JN,South East,no
131068,850,Hampshire,Hollywater School,www.hollywaterschool.co.uk,Bordon,GU35 0HA,South East,no
116228,850,Hampshire,Hook Infant School,www.hookinfants.co.uk/,Hook,RG27 9NR,South East,no
116045,850,Hampshire,Hook Junior School,www.hook-jun.hants.sch.uk/,Hook,RG27 9NN,South East,no
138719,850,Hampshire,Hook-With-Warsash Church of England Academy,http://www.hookwithwarsash.co.uk,Southampton,SO31 9GD,South East,no
115982,850,Hampshire,Horndean Infant School,www.horndeaninfants.co.uk,Waterlooville,PO8 9LS,South East,no
116437,850,Hampshire,Horndean Technology College,http://www.horndeantc.hants.sch.uk/,Waterlooville,PO8 9PQ,South East,no
137229,850,Hampshire,Hounsdown School,http://www.hounsdown.hants.sch.uk/,Southampton,SO40 9FT,South East,no
116294,850,Hampshire,Hyde Church of England Primary School,www.forestedgelearning.co.uk,Fordingbridge,SP6 2QL,South East,no
115916,850,Hampshire,Hythe Primary School,www.hytheprimaryschool.co.uk,Southampton,SO45 6BL,South East,no
116609,850,Hampshire,Icknield School,www.icknield.hants.gov.uk,Andover,SP11 6LT,South East,no
115920,850,Hampshire,Itchen Abbas Primary School,www.itchenabbasprimary.co.uk,Winchester,SO21 1BE,South East,no
116405,850,Hampshire,John Hanson Community School,http://www.jhanson.hants.sch.uk/,Andover,SP10 3PB,South East,no
116036,850,Hampshire,Kempshott Infant School,http://www.kempshottinfants.com,Basingstoke,RG22 5LL,South East,no
116016,850,Hampshire,Kempshott Junior School,www.kempshott-jun.hants.sch.uk/,Basingstoke,RG22 5LL,South East,no
116375,850,Hampshire,"Kimpton, Thruxton and Fyfield Church of England Primary School",http://www.skylarkfederation.com,Andover,SP11 8NT,South East,no
137791,850,Hampshire,King's Academy Bay House,https://kgabayhouse.uk/,Gosport,PO12 2QP,South East,no
150871,850,Hampshire,King's Academy Brune Park,https://kgabrunepark.uk/,Gosport,PO12 3BU,South East,no
144093,850,Hampshire,King's Academy Gomer,https://kgagomer.uk/,Gosport,PO12 2RP,South East,no
140732,850,Hampshire,King's Academy Lord Wilson,https://kgalordwilson.uk/,Southampton,SO31 7NL,South East,no
146244,850,Hampshire,King's Academy Rowner,https://kgarowner.uk/,Gosport,PO13 0BN,South East,no
116296,850,Hampshire,King's Somborne Church of England Primary School,http://www.kingssomborne.hants.sch.uk/,Stockbridge,SO20 6PN,South East,no
116060,850,Hampshire,Kings Copse Primary School,https://www.kingscopse.hants.sch.uk/,Southampton,SO30 0PQ,South East,no
151167,850,Hampshire,Kings Furlong Infant School and Nursery,,Basingstoke,RG21 8YJ,South East,no
116231,850,Hampshire,Kings Furlong Junior School,www.kingsfurlong.net/,Basingstoke,RG21 8YJ,South East,no
116468,850,Hampshire,Kings' School,http://www.kings-hants.com,Winchester,SO22 5PN,South East,no
116026,850,Hampshire,Knights Enham Nursery and Infant School,www.knightsenham-inf.hants.sch.uk/,Andover,SP10 4BS,South East,no
116603,850,Hampshire,Lakeside School,,Eastleigh,SO53 2DW,South East,no
116180,850,Hampshire,Lee-On-the-Solent Infant and Nursery School,www.los-infants.co.uk/,Lee-on-the-Solent,PO13 9DY,South East,no
116164,850,Hampshire,Lee-on-the-Solent Junior School,www.losjunior.co.uk,Lee-on-the-Solent,PO13 9DL,South East,no
116335,850,Hampshire,Leesland Church of England Controlled Infant School,www.leeslandschools-fed.co.uk,Gosport,PO12 3NL,South East,no
116334,850,Hampshire,Leesland Church of England Controlled Junior School,www.leeslandschools-fed.co.uk,Gosport,PO12 3QF,South East,no
116614,850,Hampshire,Limington House School,www.limingtonhouse.hants.sch.uk,Basingstoke,RG22 6PS,South East,no
116056,850,Hampshire,Liphook Infant School,www.liphookfederation.co.uk,Liphook,GU30 7QE,South East,no
116021,850,Hampshire,Liss Infant School,http://www.lissfederation.hants.sch.uk/,Liss,GU33 7LQ,South East,no
115925,850,Hampshire,Liss Junior School,http://www.lissfederation.hants.sch.uk/,Liss,GU33 7LQ,South East,no
116363,850,Hampshire,Lockerley Church of England Endowed Primary School,www.lockerleyprimary.co.uk,Romsey,SO51 0JG,South East,no
115954,850,Hampshire,Lydlynch Infant School,http://www.federationofhazelwoodandlydlynch.co.uk/,Southampton,SO40 3DW,South East,no
116051,850,Hampshire,Lymington Junior School,www.lymingtonjuniorschool.org/,Lymington,SO41 9GP,South East,no
138242,850,Hampshire,Manor Church of England Infant School,www.manorinfant.co.uk,Southampton,SO45 2QG,South East,no
116055,850,Hampshire,Manor Field Infant School,http://www.manorfieldinfant.co.uk,Basingstoke,RG22 4DH,South East,no
116015,850,Hampshire,Manor Field Junior School,www.manorfield-jun.hants.sch.uk/,Basingstoke,RG22 4DH,South East,no
116150,850,Hampshire,Manor Infant School,http://www.manor-inf.hants.sch.uk,Farnborough,GU14 9DX,South East,no
116146,850,Hampshire,Manor Junior School,http://www.manorjunior.com,Farnborough,GU14 9DX,South East,no
116605,850,Hampshire,Maple Ridge School,www.mapleridge.hants.sch.uk,Basingstoke,RG21 5SX,South East,no
116299,850,Hampshire,Marchwood Church of England Infant School,http://www.marchwood-inf.hants.sch.uk,Southampton,SO40 4ZE,South East,no
116073,850,Hampshire,Marchwood Junior School,https://www.marchwood-jun.hants.sch.uk/,Southampton,SO40 4ZH,South East,no
116143,850,Hampshire,Marlborough Infant School,,Aldershot,GU11 2HR,South East,no
148385,850,Hampshire,Marnel Junior School,https://www.marneljuniorschool.co.uk/,Basingstoke,RG24 9PT,South East,no
116300,850,Hampshire,Medstead Church of England Primary School,http://www.medstead.hants.sch.uk,Alton,GU34 5LG,South East,no
115986,850,Hampshire,Mengham Infant School,www.mengham-inf.hants.sch.uk/,Hayling Island,PO11 9DD,South East,no
116052,850,Hampshire,Mengham Junior School,www.menghamjunior.co.uk/,Hayling Island,PO11 9ET,South East,no
115873,850,Hampshire,Merdon Junior School,www.merdon.hants.sch.uk,Eastleigh,SO53 1EJ,South East,no
133292,850,Hampshire,Micheldever CofE Primary School,http://www.micheldever.hants.sch.uk,Winchester,SO21 3DB,South East,no
140098,850,Hampshire,Milford-on-Sea Church of England Primary School,http://www.mosps.co.uk,Lymington,SO41 0RF,South East,no
130325,850,Hampshire,Mill Hill Primary School,www.millhillprimary.co.uk/,Waterlooville,PO7 7DB,South East,no
116490,850,Hampshire,Mill Rythe Infant School,www.millrytheinfants.co.uk,Hayling Island,PO11 0PA,South East,no
115914,850,Hampshire,Mill Rythe Junior School,www.millrythejunior.co.uk/,Hayling Island,PO11 0PA,South East,no
116265,850,Hampshire,Morelands Primary School,morelandsprimaryschool.co.uk,Waterlooville,PO7 5QL,South East,no
116061,850,Hampshire,Netley Abbey Junior School,http://netleyabbeyschools.co.uk,Southampton,SO31 5EL,South East,no
116302,850,Hampshire,Netley Marsh Church of England Infant School,www.oakscelearningfederation.co.uk,Southampton,SO40 7GY,South East,no
115928,850,Hampshire,New Milton Infant School,http://www.nmis.hants.sch.uk,New Milton,BH25 6PZ,South East,no
115929,850,Hampshire,New Milton Junior School,http://www.newmiltonjuniorschool.co.uk,New Milton,BH25 6DS,South East,no
116080,850,Hampshire,Newlands Primary School,www.newlandsprimary.net/,Yateley,GU46 6EY,South East,no
116336,850,Hampshire,Newtown Church of England Voluntary Controlled Primary School,www.newtownceprimary.co.uk,Gosport,PO12 1JD,South East,no
137125,850,Hampshire,Noadswood School,http://www.noadswood.hants.sch.uk/,Southampton,SO45 4ZF,South East,no
116604,850,Hampshire,Norman Gate School,http://www.normangate.hants.sch.uk,Andover,SP10 1JZ,South East,no
115875,850,Hampshire,North Baddesley Infant School,www.northbaddesley-inf.co.uk,Southampton,SO52 9EE,South East,no
115998,850,Hampshire,North Baddesley Junior School,http://www.northbaddesley-jun.hants.sch.uk,Southampton,SO52 9EP,South East,no
116145,850,Hampshire,North Farnborough Infant School,http://www.nfis.hants.sch.uk,Farnborough,GU14 8AJ,South East,no
116030,850,Hampshire,Northern Infant School,www.northernfederation.org.uk,Fareham,PO16 8DG,South East,no
116637,850,Hampshire,Oak Lodge School,https://www.oaklodge.hants.sch.uk/,Southampton,SO45 4RQ,South East,no
147021,850,Hampshire,Oakfield Academy,www.oakfield.academy,Southampton,SO40 3LN,South East,no
137345,850,Hampshire,Oaklands Catholic School,http://www.oaklandscatholicschool.org/,Waterlooville,PO7 7BW,South East,no
116306,850,Hampshire,Oakley Church of England Junior School,www.oakleyjuniorschool.co.uk/,Basingstoke,RG23 7JZ,South East,no
116047,850,Hampshire,Oakley Infant School,www.oakley-inf.hants.sch.uk/,Basingstoke,RG23 7JZ,South East,no
140182,850,Hampshire,Oakmoor School,http://www.oakmoor.hants.sch.uk/,Bordon,GU35 0JB,South East,no
115859,850,Hampshire,Oakridge Infant School,www.oakridgeschoolsfederation.co.uk,Basingstoke,RG21 5RR,South East,no
115974,850,Hampshire,Oakridge Junior School,www.oakridgeschoolsfederation.co.uk,Basingstoke,RG21 5RR,South East,no
115903,850,Hampshire,Oakwood Infant School,www.greenoaks.org.uk,Hook,RG27 8DY,South East,no
116039,850,Hampshire,Old Basing Infant School,www.oldbasinginfants.co.uk/,Basingstoke,RG24 7DL,South East,no
116046,850,Hampshire,Oliver's Battery Primary and Nursery School,http://www.oliversbatteryprimary.com,Winchester,SO22 4HP,South East,no
115977,850,Hampshire,Orchard Infant School,www.orchard-inf.co.uk,Southampton,SO45 4SB,South East,no
115988,850,Hampshire,Orchard Junior School,www.orchardjunior.com/,Southampton,SO45 4SB,South East,no
116224,850,Hampshire,Orchard Lea Infant School,http://www.orchardleainfants.co.uk,Fareham,PO15 6BJ,South East,no
116225,850,Hampshire,Orchard Lea Junior School,www.orchardlea-jun.hants.sch.uk/,Fareham,PO15 6BJ,South East,no
116511,850,Hampshire,Osborne School,www.osborneschoolwinchester.com,Winchester,SO23 7GA,South East,no
116304,850,Hampshire,Otterbourne Church of England Primary School,www.otterbourneprimaryschool.com,"Otterbourne, Winchester",SO21 2EQ,South East,no
116305,850,Hampshire,Overton Church of England Primary School,www.overtonprimary.co.uk/,Basingstoke,RG25 3ES,South East,no
115934,850,Hampshire,Owslebury Primary School,http://www.owslebury.hants.sch.uk,Winchester,SO21 1LS,South East,no
115965,850,Hampshire,Padnell Infant School,www.padnell-inf.hants.sch.uk,Waterlooville,PO8 8DS,South East,no
116033,850,Hampshire,Park Gate Primary School,www.parkgateprimary.co.uk,Southampton,SO31 6LX,South East,no
116233,850,Hampshire,Park Primary School,www.park-pri.hants.sch.uk/,Aldershot,GU11 3SL,South East,no
116237,850,Hampshire,Park View Primary School,www.parkviewprimary.hants.sch.uk,Basingstoke,RG22 6RT,South East,no
116154,850,Hampshire,Parsonage Farm Nursery and Infant School,www.parsonagefarmschool.co.uk,Farnborough,GU14 9TT,South East,no
116175,850,Hampshire,Peel Common Primary School and Nursery,www.peelcommonjuniorschool.co.uk,Gosport,PO13 0QD,South East,no
115983,850,Hampshire,Pennington Infant School,http://www.pennington-inf.hants.sch.uk/,Lymington,SO41 8HX,South East,no
137128,850,Hampshire,Perins School,http://www.perins.net,Alresford,SO24 9BS,South East,no
116065,850,Hampshire,Petersgate Infant School,www.petersgateinfantschool.co.uk,Waterlooville,PO8 0JU,South East,no
136407,850,Hampshire,Pilgrims' Cross CofE Aided Primary School,www.pilgrimscross.co.uk,Andover,SP11 6TY,South East,no
116158,850,Hampshire,Pinewood Infant School,www.pinewoodinfants.co.uk,Farnborough,GU14 9LE,South East,no
116418,850,Hampshire,Portchester Community School,www.portchester.hants.sch.uk,Fareham,PO16 9BD,South East,no
115857,850,Hampshire,Portway Infant School,www.portwayinfant.co.uk/,Andover,SP10 3PE,South East,no
115853,850,Hampshire,Portway Junior School,http://www.portwayjunior.co.uk,Andover,SP10 3NA,South East,no
116059,850,Hampshire,Potley Hill Primary School,http://www.potleyhill.hants.sch.uk,Yateley,GU46 6AG,South East,no
116031,850,Hampshire,Poulner Infant School and Nursery,www.poulnerinfantschool.com/,Ringwood,BH24 3LA,South East,no
116308,850,Hampshire,Preston Candover Church of England Primary School,http://www.prestoncandover.hants.sch.uk,Basingstoke,RG25 2EE,South East,no
137129,850,Hampshire,Priestlands School,http://www.priestlands.hants.sch.uk/,Lymington,SO41 8FZ,South East,no
133581,850,Hampshire,Prospect School,www.prospectschoolhavant.com,Havant,PO9 4AQ,South East,no
115937,850,Hampshire,Purbrook Infant School,www.purbrook-inf.hants.sch.uk,Waterlooville,PO7 5NQ,South East,no
116022,850,Hampshire,Purbrook Junior School,http://www.purbrook-jun.hants.sch.uk,Waterlooville,PO7 5NQ,South East,no
116506,850,Hampshire,Purbrook Park School,http://www.purbrookparkschool.co.uk/,Waterlooville,PO7 5DS,South East,no
145175,850,Hampshire,Queen Mary's College,www.qmc.ac.uk,Basingstoke,RG21 3HF,South East,no
116611,850,Hampshire,Rachel Madocks School,www.rachelmadocks.hants.sch.uk,Waterlooville,PO8 9XP,South East,no
116028,850,Hampshire,Ranvilles Infant School,http://www.ranvilles-inf.hants.sch.uk/,Fareham,PO14 3BN,South East,no
116019,850,Hampshire,Ranvilles Junior School,http://www.ranvillesjuniorschool.co.uk,Fareham,PO14 3BN,South East,no
115892,850,Hampshire,Redlands Primary School,www.redlandsprimaryhants.co.uk/,Fareham,PO16 0UD,South East,no
115909,850,Hampshire,Riders Infant School,www.ridersschools.co.uk,Havant,PO9 4RY,South East,no
115908,850,Hampshire,Riders Junior School,www.ridersschools.co.uk/,Havant,PO9 4RY,South East,no
136657,850,Hampshire,Ringwood School Academy,http://www.ringwood.hants.sch.uk/,Ringwood,BH24 1SE,South East,no
116600,850,Hampshire,Riverside Community Special School,www.riverside.hants.sch.uk,Waterlooville,PO7 5QD,South East,no
138135,850,Hampshire,Robert May's School,http://www.rmays.org,Hook,RG29 1NA,South East,no
116038,850,Hampshire,Roman Way Primary School,http://www.romanwayprimary.org,Andover,SP10 5JY,South East,no
116368,850,Hampshire,Romsey Abbey Church of England Primary School,http://www.romseyabbeyschool.co.uk,Romsey,SO51 8EP,South East,no
115836,850,Hampshire,Rowhill School,www.rowhill.hants.sch.uk,Aldershot,GU11 3JG,South East,no
116310,850,Hampshire,Rowlands Castle St John's Church of England Controlled Primary School,www.rowlandscastle.hants.sch.uk,Rowland's Castle,PO9 6BB,South East,no
116168,850,Hampshire,Rowner Infant School,www.rowner-inf.hants.gov.uk,Gosport,PO13 0DH,South East,no
116040,850,Hampshire,Rucstall Primary School,www.rucstall.hants.sch.uk,Basingstoke,RG21 3EX,South East,no
116267,850,Hampshire,Saint Lawrence Church of England Primary School,http://www.st-lawrence.hants.sch.uk,Alton,GU34 2BY,South East,no
116640,850,Hampshire,Samuel Cody School,http://www.samuelcody.hants.sch.uk/,Farnborough,GU14 8SN,South East,no
116012,850,Hampshire,Sarisbury Infant School,http://www.sarisburyinfants.co.uk,Southampton,SO31 7BJ,South East,no
116634,850,Hampshire,Saxon Wood School,http://www.saxonwood.hants.sch.uk,Basingstoke,RG24 9NH,South East,no
116042,850,Hampshire,Scantabout Primary School,www.scantabout-pri.hants.sch.uk/,Eastleigh,SO53 2NR,South East,no
116399,850,Hampshire,Selborne Church of England Primary School,www.selborne.hants.sch.uk/,Alton,GU34 3JA,South East,no
115888,850,Hampshire,Shakespeare Infant School,www.shakespeareinfantschool.co.uk,Eastleigh,SO50 4FZ,South East,no
116072,850,Hampshire,Shakespeare Junior School,http://www.shakespearejuniorschool.co.uk,Eastleigh,SO50 4JT,South East,no
115972,850,Hampshire,Shamblehurst Primary School,www.shamblehurst.hants.sch.uk/,Southampton,SO30 4EJ,South East,no
133303,850,Hampshire,Sharps Copse Primary and Nursery School,www.sharpscopse.hants.sch.uk/,Havant,PO9 5PE,South East,no
115946,850,Hampshire,Sheet Primary School,www.sheetprimaryschool.co.uk/,Petersfield,GU32 2AS,South East,no
116642,850,Hampshire,Shepherds Down Special School,www.shepherdsdown.co.uk,Winchester,SO21 2AJ,South East,no
116369,850,Hampshire,Silchester Church of England Primary School,www.silchesterschool.org,Reading,RG7 2NJ,South East,no
115837,850,Hampshire,Smannell Field School,www.sfs.hants.sch.uk,Andover,SP11 6JP,South East,no
116316,850,Hampshire,South Baddesley Church of England Primary School & Nursery,www.southbaddesley.hants.sch.uk,LYMINGTON,SO41 5RP,South East,no
116144,850,Hampshire,South Farnborough Infant School,http://www.southfarnborough-inf.hants.sch.uk,Farnborough,GU14 6JU,South East,no
116155,850,Hampshire,South Farnborough Junior School,http://www.southfarnborough-jun.hants.sch.uk,Farnborough,GU14 6PL,South East,no
115975,850,Hampshire,South View Infant and Nursery School,http://www.southview-fed.hants.sch.uk,Basingstoke,RG21 5LL,South East,no
115860,850,Hampshire,South View Junior School,http://www.southview-fed.hants.sch.uk,Basingstoke,RG21 5LL,South East,no
116034,850,Hampshire,South Wonston Primary School,http://www.southwonston.hants.sch.uk,Winchester,SO21 3EH,South East,no
116246,850,Hampshire,Southwood Infant School,www.southwoodinfantschool.co.uk,Farnborough,GU14 0NE,South East,no
116067,850,Hampshire,Springwood Junior School,www.springwoodjuniorschool.co.uk/,Waterlooville,PO7 8ED,South East,no
147519,850,Hampshire,St Anne's Catholic Primary School,www.st-annes.hants.sch.uk,Basingstoke,RG22 6RE,South East,no
137403,850,Hampshire,St Anthony's Catholic Primary School,www.saint-anthonysfareham.co.uk/,Fareham,PO14 4RP,South East,no
116391,850,Hampshire,St Bernadette's Catholic Primary School,http://www.st-bernadettes.hants.sch.uk,Farnborough,GU14 8LS,South East,no
147701,850,Hampshire,St Columba CE Primary School,www.stcolumbaprimary.co.uk,Fareham,PO15 6LL,South East,no
116374,850,Hampshire,St Faith's Church of England Primary School,http://st-faiths.hants.sch.uk,Winchester,SO23 9QB,South East,no
116402,850,Hampshire,St Francis Church of England Primary School,www.stfrancisceprimarysch.co.uk/,Eastleigh,SO53 4ST,South East,no
116618,850,Hampshire,St Francis Special School,http://www.hants.gov.uk,Fareham,PO14 3BN,South East,no
116286,850,Hampshire,St James Church of England Controlled Primary School,www.stjems.org.uk/,Emsworth,PO10 7PX,South East,no
116314,850,Hampshire,St John the Baptist Church of England Primary School,http://stjohnthebaptistprimary.co.uk/,Southampton,SO32 2LY,South East,no
116400,850,Hampshire,St John's Church of England Voluntary Aided Primary School,www.st-johnscofe.hants.sch.uk,Basingstoke,RG21 3JU,South East,no
116393,850,Hampshire,"St John's, Gosport Church of England Voluntary Aided Primary School",www.st-johns-gosport.hants.sch.uk/,Gosport,PO12 4JH,South East,no
137422,850,Hampshire,St Joseph's Catholic Primary School,www.stjosephsaldershot.org/,Aldershot,GU11 3DD,South East,no
116389,850,Hampshire,St Mark's Church of England Aided Primary School,www.stmarkscofe.co.uk,Farnborough,GU14 6DU,South East,no
131450,850,Hampshire,St Mark's Church of England Primary School,www.stmarksprimary.net,Basingstoke,RG22 4US,South East,no
115945,850,Hampshire,St Mary Bourne Primary School,www.stmarybourneschool.co.uk,Andover,SP11 6AU,South East,no
116351,850,Hampshire,St Mary's Bentworth Church of England Primary School,www.bentworth.hants.sch.uk/,Alton,GU34 5RE,South East,no
116394,850,Hampshire,St Mary's Catholic Primary School,http://www.stmarysgosport.co.uk,Gosport,PO12 3NB,South East,no
116352,850,Hampshire,St Matthew's Church of England Aided Primary School,www.st-matthews.hants.sch.uk/,Liss,GU33 6BN,South East,no
116366,850,Hampshire,St Michael and All Angels CofE Infant School,www.oakscelearningfederation.co.uk,Lyndhurst,SO43 7BB,South East,no
116390,850,Hampshire,St Patrick's Catholic Primary School,http://www.st-patricks.hants.sch.uk,Farnborough,GU14 7BW,South East,no
116489,850,Hampshire,"St Peter's Catholic Primary School, Waterlooville",www.stpeterswaterlooville.co.uk,Waterlooville,PO7 7BP,South East,no
116388,850,Hampshire,St Peter's Church of England Aided Junior School,www.stpeterscofejuniorschool.co.uk,Farnborough,GU14 7AP,South East,no
116383,850,Hampshire,"St Swithun Wells Catholic Primary School, Chandlers Ford",http://www.st-swithunwells.org.uk,Eastleigh,SO53 2JP,South East,no
145229,850,Hampshire,St Vincent College,,Gosport,PO12 4QA,South East,no
115862,850,Hampshire,Stoke Park Infant School,www.stokeparkinfantschool.co.uk,Eastleigh,SO50 8NZ,South East,no
115871,850,Hampshire,Stoke Park Junior School,www.stokeparkjunior.co.uk,Eastleigh,SO50 6GR,South East,no
147852,850,Hampshire,Stoneham Park Primary Academy,stonehamparkacademy.co.uk,Eastleigh,SO50 9SB,South East,no
144882,850,Hampshire,Sun Hill Junior School,www.sunhilljs.net,Alresford,SO24 9NB,South East,no
116371,850,Hampshire,Swanmore Church of England Aided Primary School,www.swanmoreprimary.org.uk/,Southampton,SO32 2PA,South East,no
116424,850,Hampshire,Swanmore College,http://swanmore-school.co.uk/,Southampton,SO32 2RB,South East,no
115952,850,Hampshire,Tadley Community Primary School,www.tadleyprimary.co.uk,Tadley,RG26 3PB,South East,no
116151,850,Hampshire,Talavera Infant School,www.talaverainfantschool.co.uk,Aldershot,GU11 1RG,South East,no
116149,850,Hampshire,Talavera Junior School,www.talaverajunior.co.uk,Aldershot,GU11 1RG,South East,no
116044,850,Hampshire,Tavistock Infant School,www.tavistockinfants.co.uk/,Fleet,GU51 4EB,South East,no
116502,850,Hampshire,Testbourne Community School,http://www.testbourne.school,Whitchurch,RG28 7JF,South East,no
137315,850,Hampshire,Testwood School,http://www.testwoodschool.co.uk/,Southampton,SO40 3ZW,South East,no
136652,850,Hampshire,The Arnewood School,http://www.arnewood.hants.sch.uk,New Milton,BH25 6RS,South East,no
150839,850,Hampshire,The Blue Coat School Basingstoke,www.tbcsbasingstoke.org,Basingstoke,RG22 6HA,South East,no
115838,850,Hampshire,The Bridge Education Centre,www.bec-hants.co.uk,Eastleigh,SO50 9DB,South East,no
136719,850,Hampshire,The Burgate School and Sixth Form,http://www.theburgate.com,Fordingbridge,SP6 1EZ,South East,no
140690,850,Hampshire,The Cambridge Primary School,www.cambridgeschool.hants.sch.uk,Aldershot,GU11 4AA,South East,no
138287,850,Hampshire,The Costello School,http://www.costelloschool.co.uk,Basingstoke,RG21 4AL,South East,no
138038,850,Hampshire,The Cowplain School,http://www.cowplainschool.co.uk/,Waterlooville,PO8 8RY,South East,no
115886,850,Hampshire,The Crescent Primary School,http://www.thecrescentprimary.com,Eastleigh,SO50 9DH,South East,no
142906,850,Hampshire,The Eaglewood School,www.eaglewood.hants.sch.uk,New Milton,BH25 6SY,South East,no
147128,850,Hampshire,The Ferns Primary Academy,www.ferns.kite.academy,Farnborough,GU14 9FX,South East,no
116413,850,Hampshire,The Hamble School,http://www.thehambleschool.co.uk/,Southampton,SO31 4NE,South East,no
139920,850,Hampshire,The Holme Church of England Primary School,https://www.holme.hants.sch.uk/our-school/welcome,Headley,GU35 8PQ,South East,no
116422,850,Hampshire,The Hurst School,https://www.thehurst.school/,Tadley,RG26 5NL,South East,no
133778,850,Hampshire,The Key Education Centre,www.thekeyeducationcentre.co.uk,Gosport,PO13 0SG,South East,no
116014,850,Hampshire,The Knights Enham Junior School,https://www.knightsenhamfederation.co.uk,Andover,SP10 4BS,South East,no
116641,850,Hampshire,The Mark Way School,http://www.markway.hants.sch.uk,Andover,SP10 1HR,South East,no
136640,850,Hampshire,The Mountbatten School,http://www.mountbatten.school,Romsey,SO51 5SY,South East,no
138585,850,Hampshire,The New Forest Academy,http://newforestacademy.org/,Southampton,SO45 2PA,South East,no
136903,850,Hampshire,The Petersfield School,http://www.petersfieldschool.com,Petersfield,GU32 3LU,South East,no
136447,850,Hampshire,The Priory Primary School,www.theprioryprimaryschool.org.uk,Tadley,RG26 5QD,South East,no
137239,850,Hampshire,The Romsey School,www.theromseyschool.org,Romsey,SO51 8ZB,South East,no
145057,850,Hampshire,The Sixth Form College Farnborough,www.farnborough.ac.uk,Farnborough,GU14 8JX,South East,no
116411,850,Hampshire,The Toynbee School,www.toynbee.hants.sch.uk,Eastleigh,SO53 2PL,South East,no
116440,850,Hampshire,The Vyne Community School,http://www.vyne.hants.sch.uk,Basingstoke,RG21 5PB,South East,no
116633,850,Hampshire,The Waterloo School,www.waterloo.hants.sch.uk,Waterlooville,PO7 7JJ,South East,no
116407,850,Hampshire,The Westgate School,http://www.westgate.hants.sch.uk,Winchester,SO22 5AZ,South East,no
136715,850,Hampshire,Thornden School,http://www.thornden.hants.sch.uk/,Eastleigh,SO53 2DW,South East,no
115915,850,Hampshire,Tiptoe Primary School,http://www.tiptoe.hants.sch.uk,Lymington,SO41 6FU,South East,no
115912,850,Hampshire,Trosnant Infant School,Www.trosnantschools.co.uk,Havant,PO9 3BD,South East,no
115911,850,Hampshire,Trosnant Junior School,www.trosnantschools.co.uk,Havant,PO9 3BD,South East,no
116020,850,Hampshire,Tweseldown Infant School,http://www.tweseldowninfantschool.co.uk,Fleet,GU52 8DW,South East,no
116372,850,Hampshire,Upham Church of England Aided Primary School,www.upham.hants.sch.uk/,Southampton,SO32 1JD,South East,no
115890,850,Hampshire,Uplands Primary School,http://www.uplands.hants.sch.uk,Fareham,PO16 7QP,South East,no
116054,850,Hampshire,Velmead Junior School,http://www.velmead.hants.sch.uk,Fleet,GU52 7LG,South East,no
115893,850,Hampshire,Wallisdean Infant School,www.wallisdeanfederation.co.uk/,Fareham,PO14 1HT,South East,no
115889,850,Hampshire,Wallisdean Junior School,https://wallisdeanfederation.co.uk/,Fareham,PO14 1HU,South East,no
115991,850,Hampshire,Warren Park Primary School,www.warrenpark.hants.sch.uk/,Havant,PO9 4LR,South East,no
115899,850,Hampshire,Waterside Primary School,www.waterside.hants.sch.uk/,Southampton,SO45 6ET,South East,no
138139,850,Hampshire,Wellington Community Primary School,http://www.wellingtonprimary.com,Aldershot,GU11 1QJ,South East,no
148214,850,Hampshire,Wellow Primary School,www.wellow.hants.sch.uk/,Romsey,SO51 6BG,South East,no
129650,850,Hampshire,Wellstead Primary School,www.wellsteadprimary.co.uk,Southampton,SO30 2LE,South East,no
116323,850,Hampshire,West Tytherley Church of England Primary School,http://www.west-tytherley.hants.sch.uk,Salisbury,SP5 1JX,South East,no
116327,850,Hampshire,Western Church of England Primary School,http://www.western.hants.sch.uk,Winchester,SO22 5AR,South East,no
116387,850,Hampshire,Western Downland Church of England Aided Primary School,www.westerndownland.co.uk,Fordingbridge,SP6 3NA,South East,no
115994,850,Hampshire,Westfields Infant School,www.westfields-inf.co.uk/,Yateley,GU46 6NN,South East,no
115984,850,Hampshire,Westfields Junior School,http://www.westfields-jun.hants.sch.uk,Yateley,GU46 6NN,South East,no
148215,850,Hampshire,Weyford Nursery and Primary Academy,weyfordprimary.chimat.uk,Bordon,GU35 0ET,South East,no
115960,850,Hampshire,Wherwell Primary School,www.wherwellprimary.co.uk/,Andover,SP11 7JP,South East,no
116324,850,Hampshire,Whitchurch Church of England Primary School,www.whitchurchprimary.com,Whitchurch,RG28 7LS,South East,no
131420,850,Hampshire,Whiteley Primary School,http://www.whiteleyprimary.co.uk,Fareham,PO15 7LA,South East,no
115938,850,Hampshire,Wicor Primary School,www.wicor.hants.sch.uk/,Fareham,PO16 9DL,South East,no
136654,850,Hampshire,Wildern School,https://www.wildern.org/,Southampton,SO30 4EJ,South East,no
115885,850,Hampshire,Wildground Infant School,www.wildground.hants.sch.uk/,Southampton,SO45 4JX,South East,no
115883,850,Hampshire,Wildground Junior School,www.wildground.hants.sch.uk/,Southampton,SO45 4LG,South East,no
116353,850,Hampshire,William Gilpin Church of England Primary School,www.williamgilpin.hants.sch.uk,Lymington,SO41 5QG,South East,no
115858,850,Hampshire,Winklebury Junior School,www.winkleburyfederation.co.uk,Basingstoke,RG23 8AF,South East,no
138920,850,Hampshire,Winton Community Academy,www.wintoncommunityacademy.org,Andover,SP10 2PS,South East,no
116635,850,Hampshire,Wolverdene Special School,www.wolverdene.hants.sch.uk,Andover,SP10 2AF,South East,no
148744,850,Hampshire,Woodcot Primary School,www.woodcotschool.co.uk,Gosport,PO13 0SG,South East,no
135529,850,Hampshire,Woodcroft Primary,http://www.woodcroftprimary.co.uk/,Waterlooville,PO8 9QD,South East,no
150126,850,Hampshire,Woodlea Primary School,,Bordon,GU35 9QX,South East,no
115985,850,Hampshire,Wootey Infant School,https://www.wootey-inf.hants.sch.uk/,Alton,GU34 2JA,South East,no
116037,850,Hampshire,Wootey Junior School,www.wootey-jun.hants.sch.uk/,Alton,GU34 2JA,South East,no
138184,850,Hampshire,Wyvern College,https://www.wyverncollege.org.uk/,Eastleigh,SO50 7AN,South East,no
116234,850,Hampshire,Alderwood School,http://alderwood.hants.sch.uk,Aldershot,GU12 4RZ,South East,yes
116326,850,Hampshire,All Saints Church of England Primary School,www.allsaintsceprimary.co.uk,Winchester,SO23 0PS,South East,yes
116269,850,Hampshire,Andover Church of England Primary School,www.andover-pri.hants.sch.uk,Andover,SP10 1EP,South East,yes
116338,850,Hampshire,Bartley Church of England Junior School,www.bartley.hants.sch.uk,Southampton,SO40 2HR,South East,yes
116270,850,Hampshire,Barton Stacey Church of England Primary School,http://www.bartonstacey.hants.sch.uk,Winchester,SO21 3RY,South East,yes
116279,850,Hampshire,Bentley Church of England Primary School,www.bentleyprimaryschool.co.uk/,Farnham,GU10 5JP,South East,yes
116249,850,Hampshire,Berrywood Primary School,http://www.berrywood-pri.hants.sch.uk,Southampton,SO30 2TL,South East,yes
116084,850,Hampshire,Bidbury Infant School,www.bidbury-inf.hants.sch.uk,Havant,PO9 3EF,South East,yes
116278,850,Hampshire,Bramley Church of England Primary School,http://www.bramley.hants.sch.uk,Tadley,RG26 5AH,South East,yes
116276,850,Hampshire,Brockenhurst Church of England Primary School & Pre-School,www.brockenhurstceprimary.co.uk,Brockenhurst,SO42 7RX,South East,yes
116277,850,Hampshire,Bursledon Church of England Infant School,www.bursledonschools.co.uk/,Southampton,SO31 8BZ,South East,yes
115933,850,Hampshire,Buryfields Infant School,http://www.buryfieldsinfants.co.uk,Hook,RG29 1NE,South East,yes
116483,850,Hampshire,Calmore Junior School,www.calmorejunior.co.uk,Southampton,SO40 2ZZ,South East,yes
116005,850,Hampshire,Castle Hill Primary School,www.castlehillprimary.net,Basingstoke,RG23 8BN,South East,yes
116357,850,Hampshire,Charles Kingsley's Church of England Primary School,www.charleskingsleys.hants.sch.uk,Hook,RG27 0LX,South East,yes
116281,850,Hampshire,Chawton Church of England Primary School,http://www.chawton.hants.sch.uk,Alton,GU34 1SG,South East,yes
116373,850,Hampshire,Clatford Church of England Primary School,www.clatford.hants.sch.uk,Andover,SP11 7RE,South East,yes
116354,850,Hampshire,Compton All Saints Church of England Primary School,http://comptonallsaints.co.uk,Winchester,SO21 2AS,South East,yes
116446,850,Hampshire,Cove School,http://www.coveschool.uk,Farnborough,GU14 9RN,South East,yes
116432,850,Hampshire,Cranbourne,http://www.cranbourne.hants.sch.uk/,Basingstoke,RG21 3NP,South East,yes
115967,850,Hampshire,Crofton Anne Dale Infant School,www.croftonannedaleinfant.co.uk,Fareham,PO14 3PH,South East,yes
115955,850,Hampshire,Eling Infant School and Nursery,http://www.elinginfant.co.uk/,Southampton,SO40 9HX,South East,yes
116260,850,Hampshire,Emsworth Primary School,www.emsworthprimaryschool.co.uk,Emsworth,PO10 7LX,South East,yes
135887,850,Hampshire,Endeavour Primary School,http://www.endeavourprimary.org,Andover,SP11 6RD,South East,yes
116003,850,Hampshire,Fleet Infant School,http://www.fleet.hants.sch.uk,Fleet,GU52 7LQ,South East,yes
116247,850,Hampshire,Four Lanes Community Junior School,http://www.fourlanes-jun.hants.sch.uk,Basingstoke,RG24 8PQ,South East,yes
116082,850,Hampshire,Four Lanes Infant School,http://www.fourlanesinfants.co.uk,Basingstoke,RG24 8PQ,South East,yes
116288,850,Hampshire,Four Marks Church of England Primary School,www.fourmarksprimary.co.uk/,Alton,GU34 5AS,South East,yes
116024,850,Hampshire,Foxhills Infant School,www.foxhillsfederation.org.uk,Southampton,SO40 7ED,South East,yes
115956,850,Hampshire,Foxhills Junior School,www.foxhillsfederation.org.uk,Southampton,SO40 7ED,South East,yes
115968,850,Hampshire,Fryern Infant School,www.fryernfederation.co.uk,Eastleigh,SO53 2LN,South East,yes
116071,850,Hampshire,Greenfields Junior School,www.greenoaks.org.uk,Hook,RG27 8DQ,South East,yes
115990,850,Hampshire,Harrison Primary School,www.harrisonprimaryschool.co.uk/,Fareham,PO16 7EQ,South East,yes
115966,850,Hampshire,Hart Plain Infant School,www.hartplaininfants.co.uk/,Hants,PO8 8RZ,South East,yes
116438,850,Hampshire,Henry Beaufort School,www.beaufort.hants.sch.uk,Winchester,SO22 6JJ,South East,yes
115940,850,Hampshire,Herne Junior School,www.hernejunior.com,Petersfield,GU31 4BP,South East,yes
116486,850,Hampshire,Hordle CofE (VA) Primary School,www.hordle.hants.sch.uk/,Lymington,SO41 0FB,South East,yes
116292,850,Hampshire,Horndean Church of England Junior School,www.horndeanjuniorschool.co.uk,Waterlooville,PO8 9NW,South East,yes
116293,850,Hampshire,Hurstbourne Tarrant Church of England Primary School,http://www.hbtprimary.net,Andover,SP11 0AX,South East,yes
116361,850,Hampshire,John Keble Church of England Primary School,www.johnkebleprimary.com,Winchester,SO21 2LA,South East,yes
115922,850,Hampshire,Kings Worthy Primary School,http://www.kingsworthy.hants.sch.uk,Winchester,SO23 7QS,South East,yes
116295,850,Hampshire,Kingsclere Church of England Primary School,www.kingsclereprimary.com/,Newbury,RG20 5RE,South East,yes
131717,850,Hampshire,Knightwood Primary School,http://www.knightwood.hants.sch.uk/,Eastleigh,SO53 4HW,South East,yes
115924,850,Hampshire,Langrish Primary School,http://www.langrish.hants.sch.uk,Petersfield,GU32 3PJ,South East,yes
134844,850,Hampshire,Lanterns Nursery School and Extended Services,http://www.lanterns.hants.sch.uk,Winchester,SO22 6AJ,South East,yes
116330,850,Hampshire,Liphook Church of England Controlled Junior School,www.liphookfederation.co.uk/,Liphook,GU30 7QE,South East,yes
115989,850,Hampshire,Locks Heath Infant School,www.locksheathinfant.com,Southampton,SO31 9NZ,South East,yes
115926,850,Hampshire,Locks Heath Junior School,http://www.locksheathjunior.com/,Southampton,SO31 9NZ,South East,yes
116298,850,Hampshire,Long Sutton Church of England Primary School,www.longsutton.hants.sch.uk/,Long Sutton,RG29 1ST,South East,yes
116364,850,Hampshire,Longparish Church of England Primary School,www.longparish.hants.sch.uk/,Andover,SP11 6PB,South East,yes
116365,850,Hampshire,Lymington Church of England Infant School,http://www.lymington-inf.hants.sch.uk,Lymington,SO41 9GP,South East,yes
116023,850,Hampshire,Marnel Community Infant School,www.marnel-inf.hants.sch.uk,Basingstoke,RG24 9PT,South East,yes
116075,850,Hampshire,Mayhill Junior School,http://www.mayhill.hants.sch.uk,Hook,RG29 1NB,South East,yes
116301,850,Hampshire,Meonstoke Church of England Infant School,www.meonvalleyfederation.hants.sch.uk,Southampton,SO32 3NJ,South East,yes
116004,850,Hampshire,Merton Infant School,http://www.mertoninfants.com,Basingstoke,RG24 9HB,South East,yes
116001,850,Hampshire,Merton Junior School,http://www.mertonjuniorschool.co.uk,Basingstoke,RG24 9HB,South East,yes
116070,850,Hampshire,Netley Abbey Infant School,www.netleyabbeyschools.co.uk,Southampton,SO31 5EL,South East,yes
115931,850,Hampshire,Newtown Soberton Infant School,www.meonvalleyfederation.hants.sch.uk,Fareham,PO17 6LJ,South East,yes
116256,850,Hampshire,Nightingale Primary School,http://www.nightingale.hants.sch.uk,Eastleigh,SO50 9JW,South East,yes
115932,850,Hampshire,North Waltham Primary School,http://www.northwaltham.hants.sch.uk,Basingstoke,RG25 2BL,South East,yes
115935,850,Hampshire,Northern Junior School,www.northernfederation.org.uk,Fareham,PO16 8DG,South East,yes
116078,850,Hampshire,Norwood Primary & Pre-School,http://www.norwoodprimary.com,Eastleigh,SO50 5JL,South East,yes
116303,850,Hampshire,Nursling Church of England Primary School,www.nurslingprimary.co.uk,Southampton,SO16 0XH,South East,yes
116378,850,Hampshire,Our Lady and St Joseph Catholic Primary School - the Learning Federation Partnership of Schools,www.olsjschool.co.uk,Lymington,SO41 8GY,South East,yes
115964,850,Hampshire,Padnell Junior School,www.padnell-jun.hants.sch.uk/,Waterlooville,PO8 8EA,South East,yes
116473,850,Hampshire,Park Community School,http://www.pcs.hants.sch.uk/,Havant,PO9 4BU,South East,yes
116307,850,Hampshire,Pennington Church of England Junior School,www.penningtonjunior.com,Lymington,SO41 8HX,South East,yes
115936,850,Hampshire,Petersfield Infant School,www.petersfieldinfantschool.co.uk,Petersfield,GU32 3HX,South East,yes
115999,850,Hampshire,Poulner Junior School,http://www.poulnerjuniorschool.com,Ringwood,BH24 3LA,South East,yes
116248,850,Hampshire,Queen's Inclosure Primary School,http://www.queensinclosure.hants.sch.uk,Waterlooville,PO7 8NT,South East,yes
116079,850,Hampshire,Red Barn Community Primary School,www.redbarnprimaryschool.co.uk,Fareham,PO16 8HJ,South East,yes
116309,850,Hampshire,Ringwood Church of England Infant School,http://www.ringwood-inf.hants.sch.uk,Ringwood,BH24 1LG,South East,yes
115943,850,Hampshire,Ringwood Junior School,http://www.ringwood-junior.hants.sch.uk,Ringwood,BH24 1NH,South East,yes
134945,850,Hampshire,Romsey Primary School & Nursery,www.romseyprimary.co.uk,Romsey,SO51 7PH,South East,yes
116312,850,Hampshire,Ropley CofE Primary School,www.ropleyprimary.co.uk/,Alresford,SO24 0DS,South East,yes
116337,850,Hampshire,Rowledge Church of England Controlled Primary School,www.rowledgeschool.com/,Farnham,GU10 4BW,South East,yes
116311,850,Hampshire,Rownhams St John's Church of England Primary School,www.rownhams.hants.sch.uk,Southampton,SO16 8AD,South East,yes
116331,850,Hampshire,Saint James' Church of England Primary School,www.st-james-westend.org.uk/,Southampton,SO30 3EG,South East,yes
116313,850,Hampshire,Sarisbury Church of England Junior School,www.sjsonline.org.uk/,Southampton,SO31 7AP,South East,yes
116315,850,Hampshire,Sherborne St John Church of England Primary School,http://www.ssj-school.co.uk,Basingstoke,RG24 9HT,South East,yes
115947,850,Hampshire,Shipton Bellinger Primary School,www.shiptonbellinger.hants.sch.uk/,Tidworth,SP9 7TW,South East,yes
116370,850,Hampshire,Smannell and Enham Church of England (Aided) Primary School,www.smannell-enham.co.uk,Andover,SP11 6JJ,South East,yes
115948,850,Hampshire,Sopley Primary School,https://www.burleyandsopleyfederation.org.uk/,Christchurch,BH23 8ET,South East,yes
116317,850,Hampshire,Sparsholt Church of England Primary School,http://www.sparsholt.hants.sch.uk/,Winchester,SO21 2NR,South East,yes
115939,850,Hampshire,Springwood Infant School,www.springwoodfederation.co.uk/,Waterlooville,PO7 8ED,South East,yes
116362,850,Hampshire,St Alban's Church of England Aided Primary School,www.stalbansprimaryschool.co.uk/,Havant,PO9 2JX,South East,yes
116329,850,Hampshire,St Bede Church of England Primary School,www.stbedewinchester.co.uk,Winchester,SO23 7DD,South East,yes
116380,850,Hampshire,St Bede's Catholic Primary School,www.stbedesprimary.co.uk/,Basingstoke,RG24 9DX,South East,yes
116382,850,Hampshire,"St John the Baptist Catholic Primary School, Andover",www.sjbschool.co.uk/,Andover,SP10 3PF,South East,yes
116297,850,Hampshire,St John the Baptist Church of England Primary School,http://www.st-johns-titchfield.hants.sch.uk,Fareham,PO14 4NH,South East,yes
116376,850,Hampshire,St Jude's Catholic Primary School,www.st-judes.info,Fareham,PO14 1ND,South East,yes
116318,850,Hampshire,St Luke's Church of England Primary School,http://www.st-lukes.hants.sch.uk,Lymington,SO41 6AE,South East,yes
116356,850,Hampshire,St Martin's East Woodhay Church of England (Aided) Primary School,http://st-martins.hants.sch.uk/,Newbury,RG20 0AF,South East,yes
116350,850,Hampshire,St Mary's Church of England Voluntary Aided Junior School,http://www.st-marys-jun.hants.sch.uk,Basingstoke,RG24 7DE,South East,yes
116332,850,Hampshire,St Michael's Church of England Controlled Infant School,www.st-michaels-inf.hants.sch.uk/,Aldershot,GU11 3PU,South East,yes
116333,850,Hampshire,St Michael's Church of England Controlled Junior School,www.stmichaelscejunior.co.uk/,Aldershot,GU11 3SS,South East,yes
116381,850,Hampshire,"St Peter's Catholic Primary School, Winchester",www.stpetershants.co.uk/,Winchester,SO22 4JB,South East,yes
116377,850,Hampshire,"St Thomas More's Catholic Primary School, Havant",http://www.st-thomasmores.hants.sch.uk/,Havant,PO9 3DR,South East,yes
116328,850,Hampshire,"St Thomas' Church of England Infant School, Woolton Hill",www.stthomasinfant.co.uk,Newbury,RG20 9XF,South East,yes
115962,850,Hampshire,Stanmore Primary School,http://www.stanmore.hants.sch.uk,Winchester,SO22 4AJ,South East,yes
116319,850,Hampshire,Steep Church of England Voluntary Controlled Primary School,http://www.steep.hants.sch.uk/,Petersfield,GU32 2DE,South East,yes
115949,850,Hampshire,Stockbridge Primary & Pre-School,http://www.stockbridgeprimary.co.uk,Stockbridge,SO20 6EJ,South East,yes
115992,850,Hampshire,Sun Hill Infant and Preschool,https://sunhillinfantandpreschool.co.uk/,Alresford,SO24 9NB,South East,yes
116025,850,Hampshire,The Butts Primary School,www.butts.hants.sch.uk,Alton,GU34 1PW,South East,yes
116430,850,Hampshire,The Clere School,http://www.clere.school,Newbury,RG20 9HP,South East,yes
116423,850,Hampshire,The Hayling College,https://www.hayling.hants.sch.uk/,Hayling Island,PO11 0NU,South East,yes
116466,850,Hampshire,The Henry Cort Community College,http://www.henry-cort.hants.sch.uk,Fareham,PO15 6PH,South East,yes
116448,850,Hampshire,The Wavell School,http://www.wavellschool.org.uk/,Farnborough,GU14 6BH,South East,yes
115953,850,Hampshire,Titchfield Primary School,www.titchfieldprimary.co.uk,Fareham,PO14 4AU,South East,yes
116142,850,Hampshire,Tower Hill Primary School,www.towerhill.hants.sch.uk,Farnborough,GU14 0BW,South East,yes
116320,850,Hampshire,Twyford St Mary's Church of England Primary School,www.twyford-pri.hants.sch.uk,Winchester,SO21 1QQ,South East,yes
116321,850,Hampshire,Vernham Dean Gillum's Church of England Primary School,http://www.vernhamdeanschool.co.uk,Andover,SP11 0JY,South East,yes
115970,850,Hampshire,Vigo Primary School,www.vigo.hants.sch.uk,Andover,SP10 1JZ,South East,yes
115957,850,Hampshire,Wallop Primary School,http://www.wallop.hants.sch.uk,Stockbridge,SO20 8EH,South East,yes
116475,850,Hampshire,Warblington School,www.warblingtonschool.co.uk,Havant,PO9 2RR,South East,yes
116242,850,Hampshire,Weeke Primary School,www.weekeprimary.com/,Winchester,SO22 6DR,South East,yes
116322,850,Hampshire,West Meon Church of England Voluntary Controlled Primary School,www.westmeon.hants.sch.uk/,Petersfield,GU32 1LF,South East,yes
116345,850,Hampshire,Whitewater Church of England Primary School,www.whitewater.hants.sch.uk/,Hook,RG27 9BG,South East,yes
116325,850,Hampshire,Wickham Church of England Primary School,www.wickham-primary.co.uk/,Fareham,PO17 5HU,South East,yes
115971,850,Hampshire,Winklebury Infant School,http://www.winkleburyfederation.co.uk,Basingstoke,RG23 8AF,South East,yes
115963,850,Hampshire,Winnall Primary School,www.winnallprimary.com,Winchester,SO23 0NY,South East,yes
116076,850,Hampshire,Woolton Hill Junior School,www.wooltonhilljunior.co.uk,Newbury,RG20 9XE,South East,yes
116433,850,Hampshire,Yateley School,http://www.yateleyschool.net/,Yateley,GU46 6NW,South East,yes
