urn,district_code,district_name,school_name,website,town,postcode,region,has_email_collected
131839,852,Southampton,Bassett Green Primary School,www.bassettgreen.net/,Southampton,SO16 3BZ,South East,no
140263,852,Southampton,Beechwood Junior School,www.beechwoodjuniorschool.co.uk/,Southampton,SO18 4EG,South East,no
116458,852,Southampton,Bitterne Park School,http://www.bitterneparkschool.org.uk/,Southampton,SO18 1BU,South East,no
116469,852,Southampton,Cantell School,http://www.cantell.co.uk/,Southampton,SO16 3GJ,South East,no
133675,852,Southampton,Compass School,www.compass-school.net,Southampton,SO16 9FQ,South East,no
116251,852,Southampton,Fairisle Infant and Nursery School,www.fairisle-inf.co.uk,Southampton,SO16 8BY,South East,no
151068,852,Southampton,Foundry Lane Primary School,http://www.foundrylaneprimary.co.uk,Southampton,SO15 3JT,South East,no
136641,852,Southampton,Freemantle Church of England Community Academy,http://www.freemantleacademy.com,Southampton,SO15 3BQ,South East,no
140516,852,Southampton,Glenfield Infant School,www.glenfieldschool.co.uk/,Southampton,SO18 4RN,South East,no
144205,852,Southampton,Great Oaks School,www.greatoaks.school,Southampton,SO16 7LT,South East,no
115831,852,Southampton,Hardmoor Nursery & Early Years Centre - Part of the Learning Federation Partnership of Schools,https://www.hardmoor.co.uk/,Southampton,SO16 3EP,South East,no
139747,852,Southampton,Harefield Primary School,www.harefieldprimaryschool.net,Southampton,SO18 5NZ,South East,no
116395,852,Southampton,Highfield Church of England Primary School,www.highfieldceprimaryschool.co.uk/,Southampton,SO17 1PX,South East,no
139947,852,Southampton,Hightown Primary School,www.hps.ilpartnership.org,Southampton,SO19 6AA,South East,no
138898,852,Southampton,Hollybrook Infant School,https://www.hollybrookschools.co.uk/,Southampton,SO16 6RN,South East,no
139632,852,Southampton,Hollybrook Junior School,https://www.hollybrookschools.co.uk/,Southampton,SO16 6RL,South East,no
116397,852,Southampton,Holy Family Catholic Primary School - Part of the Learning Federation Partnership of Schools,http://www.holyfamilylive.net,Southampton,SO16 9LP,South East,no
144751,852,Southampton,Hope Community School Southampton,www.hopecommunityschool.org,Southampton,SO14 1NF,South East,no
139619,852,Southampton,Kanes Hill Primary School,https://khps.ilpartnership.org/,Southampton,SO19 6FW,South East,no
138625,852,Southampton,Ludlow Infant Academy,www.ludlowlive.net,Southampton,SO19 2EU,South East,no
139027,852,Southampton,Ludlow Junior School,www.ludlow-junior.org.uk,Southampton,SO19 2DW,South East,no
116117,852,Southampton,Mansbridge Primary School,www.mansbridgepri.net,Southampton,SO18 2LX,South East,no
131272,852,Southampton,Mansel Park Primary & Nursery School - Part of the Learning Federation Partnership of Schools,www.manselpark.net,Southampton,SO16 9HZ,South East,no
116093,852,Southampton,Mount Pleasant Infants,https://mpi.school/,Southampton,SO14 0DY,South East,no
116092,852,Southampton,Mount Pleasant Juniors,https://mpj.school/,Southampton,SO14 0WZ,South East,no
133704,852,Southampton,Newlands Primary School,www.newlandsprimary.co.uk,Southampton,SO16 9QX,South East,no
135628,852,Southampton,Oasis Academy Lord's Hill,http://www.oasisacademylordshill.org/,Southampton,SO16 8FA,South East,no
135629,852,Southampton,Oasis Academy Mayfield,http://www.oasisacademymayfield.org/,Southampton,SO19 9NA,South East,no
146284,852,Southampton,Oasis Academy Sholing,,Southampton,SO19 8PH,South East,no
138626,852,Southampton,Portswood Primary School,http://www.portswoodpri.org.uk,Southampton,SO17 3AA,South East,no
116123,852,Southampton,Redbridge Primary School,http://www.redbridgeprimary.org.uk,Southampton,SO16 9BB,South East,no
145228,852,Southampton,Richard Taunton Sixth Form College,www.richardtaunton.ac.uk,Southampton,SO15 5RL,South East,no
139265,852,Southampton,Rosewood Free School,www.rosewoodfreeschool.org.uk,Southampton,SO16 5NA,South East,no
116507,852,Southampton,Saint George Catholic Voluntary Aided College Southampton,www.stgcc.co.uk,Southampton,SO16 3DQ,South East,no
138903,852,Southampton,Shirley Infant School,http://www.shirleyinfantschool.org.uk,Southampton,SO15 5LA,South East,no
138910,852,Southampton,Shirley Junior School,http://www.shirleyjuniorschool.org.uk,Southampton,SO15 5XE,South East,no
145457,852,Southampton,Sholing Infant School,www.sholinginfantschool.co.uk/,Southampton,SO19 2QF,South East,no
145456,852,Southampton,Sholing Junior School,http://www.sholing-jun.co.uk/,Southampton,SO19 8PT,South East,no
133943,852,Southampton,Sinclair Primary and Nursery School - Part of the Learning Federation Partnership of Schools,www.sinclairlive.net,Southampton,SO16 8GF,South East,no
140649,852,Southampton,Southampton Hospital School,SouthamptonHospitalSchool.co.uk,Southampton,SO16 6HU,South East,no
137293,852,Southampton,Springhill Catholic Primary School,http://www.springhillcatholic.co.uk/,Southampton,SO15 2HW,South East,no
138476,852,Southampton,St Anne's Catholic School,http://www.st-annes.uk.com/,Southampton,SO15 2WZ,South East,no
116102,852,Southampton,St Denys Primary School,https://www.stdenysprimary.co.uk,Southampton,SO17 2ND,South East,no
148004,852,Southampton,St Monica Primary School,www.stmonicaprimary.co.uk,Southampton,SO19 8ES,South East,no
116398,852,Southampton,St Patrick's Catholic Primary School,https://www.spcps.co.uk/,Southampton,SO19 2JE,South East,no
116109,852,Southampton,Swaythling Primary School,http://www.swaythlingprimary.net,Southampton,SO17 3SZ,South East,no
142076,852,Southampton,Tanners Brook Primary School,www.tannersbrookpri.org.uk,Southampton,SO15 4PF,South East,no
116622,852,Southampton,The Cedar School,http://www.cedar.southampton.sch.uk,Southampton,SO16 0XN,South East,no
116624,852,Southampton,The Polygon School,http://www.polygon.southampton.sch.uk,Southampton,SO15 2FH,South East,no
145222,852,Southampton,Thornhill Primary School,http://www.thornhillsch.net,Southampton,SO19 6FH,South East,no
140478,852,Southampton,Townhill Infant School,www.townhill-inf.net,Southampton,SO18 2FG,South East,no
137037,852,Southampton,Upper Shirley High School,http://uppershirleyhigh.org/,Southampton,SO15 7QU,South East,no
132025,852,Southampton,Valentine Primary School,www.valentineprimary.co.uk/,Southampton,SO19 0EQ,South East,no
116625,852,Southampton,Vermont School,http://www.vermontschool.co.uk/,Southampton,SO16 7LT,South East,no
145068,852,Southampton,Weston Park Primary School,www.weston-park.org.uk,Southampton,SO19 9HX,South East,no
147676,852,Southampton,Weston Secondary School,www.westonsecondary.co.uk,Southampton,SO19 9QP,South East,no
146029,852,Southampton,Weston Shore Infant School,www.westonshore.co.uk,Southampton,SO19 9JQ,South East,no
116465,852,Southampton,Woodlands Community College,http://www.woodlands.southampton.sch.uk,Southampton,SO18 5FW,South East,no
148113,852,Southampton,Woolston Infant School,http://www.woolstoninfantschool.co.uk,Southampton,SO19 9DB,South East,no
141494,852,Southampton,Wordsworth Primary and Nursery School,http://www.wordsworthprimary.co.uk,Southampton,SO15 5LH,South East,no
116116,852,Southampton,Banister Primary School,www.banisterschool.co.uk/,Southampton,SO15 2LS,South East,yes
116088,852,Southampton,Bevois Town Primary School,http://www.bevoistown.co.uk,Southampton,SO14 6RU,South East,yes
116339,852,Southampton,Bitterne Church of England Primary School,www.bitterneceprimary.net,Southampton,SO19 7BX,South East,yes
116089,852,Southampton,Bitterne Manor Primary School,http://www.bitternemanor.co.uk,Southampton,SO18 1DP,South East,yes
116090,852,Southampton,Bitterne Park Primary School - Part of the Learning Federation Partnership of Schools,www.bppslive.net,Southampton,SO18 1NX,South East,yes
116253,852,Southampton,Fairisle Junior School,www.fjslive.net,Southampton,SO16 8BY,South East,yes
116263,852,Southampton,"Mason Moor Primary School, Nursery & Sen Unit",http://www.masonmoorprimary.co.uk,Southampton,SO16 4AS,South East,yes
116127,852,Southampton,Moorlands Primary School,http://www.moorlandsprimary.com,Southampton,SO18 5RJ,South East,yes
116138,852,Southampton,Oakwood Primary School,http://oakwoodlive.net,Southampton,SO16 8FD,South East,yes
116453,852,Southampton,Redbridge Community School,www.redbridgecommunityschool.com,Southampton,SO16 9RJ,South East,yes
116450,852,Southampton,Regents Park Community College,http://www.regentsparkcollege.org.uk,Southampton,SO16 4GW,South East,yes
116262,852,Southampton,Shirley Warren Primary & Nursery School,http://www.shirleywarren.co.uk,Southampton,SO16 6AY,South East,yes
116620,852,Southampton,Springwell School,http://www.springwellschool.net,Southampton,SO19 6DH,South East,yes
116103,852,Southampton,St John's Primary and Nursery School,www.stjohnssouthampton.co.uk,Southampton,SO14 2AU,South East,yes
116342,852,Southampton,St Mark's Church of England School,https://www.stmarksschool.co.uk/,Southampton,SO15 5TE,South East,yes
116343,852,Southampton,St Mary's Church of England Primary School & Nursery,http://www.stmaryspri.org.uk,Southampton,SO14 1LU,South East,yes
116134,852,Southampton,Townhill Junior School,http://www.townhilljuniorschool.co.uk,Southampton,SO18 2NX,South East,yes
