urn,district_code,district_name,school_name,website,town,postcode,region,has_email_collected
150923,860,Staffordshire,All Saints Church of England Primary School and Nursery,www.allsaintsranton.co.uk,Stafford,ST18 9JU,West Midlands,no
149689,860,Staffordshire,All Saints Church of England Primary and Nursery School,www.allsaints-alrewas.staffs.sch.uk/,Burton-on-Trent,DE13 7EF,West Midlands,no
146295,860,Staffordshire,All Saints CofE (C) Primary School,http://www.theforestfederation.co.uk/,Burton-on-Trent,DE13 9RW,West Midlands,no
145681,860,Staffordshire,All Saints CofE Academy Denstone,www.allsaints-denstone.staffs.sch.uk/,Uttoxeter,ST14 5HT,West Midlands,no
146612,860,Staffordshire,All Saints CofE First School,https://asf.ttlt.org.uk,Leek,ST13 5QY,West Midlands,no
147449,860,Staffordshire,"All Saints CofE Primary School, Bednall",https://www.allsaints-bednall.staffs.sch.uk/,Stafford,ST17 0SD,West Midlands,no
143959,860,Staffordshire,All Saints' CofE First School,http://www.allsaints.school/,Stoke-On-Trent,ST10 4SR,West Midlands,no
146807,860,Staffordshire,All Saints' CofE Primary School,www.allsaints-trysull.staffs.sch.uk/,Wolverhampton,WV5 7HR,West Midlands,no
140123,860,Staffordshire,Alleyne's Academy,http://www.alleynesacademy.co.uk,Stone,ST15 8DT,West Midlands,no
148720,860,Staffordshire,Alsagers Bank Primary Academy,www.alsagersbank.org.uk,Stoke-on-Trent,ST7 8BB,West Midlands,no
138982,860,Staffordshire,Anglesey Primary Academy,www.angleseyprimaryacademy.org,Burton-on-Trent,DE14 3LG,West Midlands,no
148540,860,Staffordshire,Anker Valley Primary Academy,https://www.ankervalley.org,Tamworth,B79 0FD,West Midlands,no
143483,860,Staffordshire,Ankermoor Primary Academy,www.ankermoor.org,Tamworth,B77 3NW,West Midlands,no
149841,860,Staffordshire,Anna Seward Primary,https://annaseward.atlp.org.uk/,Lichfield,WS14 0AL,West Midlands,no
146863,860,Staffordshire,Anson CofE Primary School,www.anson.staffs.sch.uk,Stafford,ST18 0SU,West Midlands,no
148235,860,Staffordshire,Bailey Street Alternative Provision Academy,baileystreet.manorhall.academy,Stafford,ST17 4BG,West Midlands,no
124290,860,Staffordshire,Baldwins Gate CofE(VC) Primary School,www.baldwinsgateprimary.weebly.com/,Newcastle-Under-Lyme,ST5 5DF,West Midlands,no
142981,860,Staffordshire,Barnfields Primary School,http://www.barnfields.staffs.sch.uk/,Stafford,ST17 4RD,West Midlands,no
150784,860,Staffordshire,Beaconfields Primary School,https://www.beaconfields.academy/,Stafford,ST16 1ZY,West Midlands,no
146589,860,Staffordshire,Beresford Memorial CofE First School,bmf.ttlt.org.uk,Leek,ST13 6NR,West Midlands,no
124234,860,Staffordshire,Berkswich CofE (VC) Primary School,https://www.berkswichceprimary.co.uk/,Stafford,ST17 0LU,West Midlands,no
124235,860,Staffordshire,Betley CofE VC Primary School,www.betley.staffs.sch.uk/,Crewe,CW3 9AX,West Midlands,no
149420,860,Staffordshire,Bhylls Acre Primary School,www.bhyllsacreprimaryschool.org/,Wolverhampton,WV3 8DZ,West Midlands,no
137356,860,Staffordshire,Biddulph High School,https://biddulphhigh.co.uk/,Stoke-on-Trent,ST8 7AR,West Midlands,no
124453,860,Staffordshire,Bilbrook CofE (VC) Middle School,http://www.bilbrookmiddle.com/,Wolverhampton,WV8 1EU,West Midlands,no
144935,860,Staffordshire,Birches First School,http://www.birches.staffs.sch.uk,WOLVERHAMPTON,WV8 2JG,West Midlands,no
144989,860,Staffordshire,Bird's Bush Primary School,https://www.birdsbush.staffs.sch.uk/,Tamworth,B77 2NE,West Midlands,no
143351,860,Staffordshire,Bishop Lonsdale Church of England Primary Academy,http://www.lonsdale.staffs.sch.uk,Stafford,ST21 6AU,West Midlands,no
145053,860,Staffordshire,Bishop Rawle CofE Primary School,www.tmpf.staffs.sch.uk,Stoke-on-Trent,ST10 1QA,West Midlands,no
141448,860,Staffordshire,Blackfriars Academy,http://www.blackfriarsacademy.org.uk,Newcastle-under-Lyme,ST5 2TF,West Midlands,no
147103,860,Staffordshire,Blackshaw Moor CofE First School,https://bms.ttlt.org.uk/,Leek,ST13 8TW,West Midlands,no
124192,860,Staffordshire,Blakeley Heath Primary School,http://www.blakeleyheath.staffs.sch.uk,Wolverhampton,WV5 0JR,West Midlands,no
142192,860,Staffordshire,Blessed Mother Teresa's Catholic Primary School,www.blessedmotherteresas.staffs.sch.uk/,Stafford,ST17 9UZ,West Midlands,no
146235,860,Staffordshire,Blessed Robert Sutton Catholic Voluntary Academy,www.robertsutton.srscmat.co.uk,Burton-on-Trent,DE15 9SD,West Midlands,no
142193,860,Staffordshire,Blessed William Howard Catholic School,https://www.bwh.staffs.sch.uk/,Stafford,ST17 9AB,West Midlands,no
149376,860,Staffordshire,Blythe Bridge High School,http://www.bb-hs.co.uk,Stoke-on-Trent,ST11 9PW,West Midlands,no
143900,860,Staffordshire,Boney Hay Primary Academy,www.boneyhayschool.co.uk/,Burntwood,WS7 2PF,West Midlands,no
149079,860,Staffordshire,Bramshall Meadows First School,https://www.bramshallmeadows.org.uk/,Uttoxeter,ST14 5EQ,West Midlands,no
150788,860,Staffordshire,Branston Locks Primary and Nursery School,www.branstonlocksprimary.co.uk,Burton-upon-Trent,DE13 9GA,West Midlands,no
145176,860,Staffordshire,Brewood Middle CofE Academy,www.brewood.staffs.sch.uk,Stafford,ST19 9DS,West Midlands,no
146609,860,Staffordshire,Brindley Heath Junior School Academy,www.brindleyacademy.com,Stourbridge,DY7 6AA,West Midlands,no
138043,860,Staffordshire,Bursley Academy,http://www.bursley.staffs.sch.uk,Newcastle,ST5 8JQ,West Midlands,no
147299,860,Staffordshire,Burton Fields School,www.burtonfieldsschools.com,Burton-On-Trent,DE14 2PJ,West Midlands,no
134880,860,Staffordshire,Burton PRU,,Burton-on-Trent,DE15 0HR,West Midlands,no
137384,860,Staffordshire,Cannock Chase High School,http://www.cannockchasehigh.com/,Cannock,WS11 1JT,West Midlands,no
149989,860,Staffordshire,Cardinal Griffin Catholic College,http://www.cardinalgriffin.staffs.sch.uk/,Cannock,WS11 4AW,West Midlands,no
141732,860,Staffordshire,Castle Primary School,www.castleprimary.co.uk,Stoke-on-Trent,ST7 4NE,West Midlands,no
148122,860,Staffordshire,Castlechurch Primary School,www.castlechurchprimary.co.uk,Stafford,ST17 9SY,West Midlands,no
144498,860,Staffordshire,Chadsmead Primary Academy,www.chadsmeadacademy.co.uk,Lichfield,WS13 7HJ,West Midlands,no
145680,860,Staffordshire,Charnwood Primary Academy,www.charnwood.staffs.sch.uk/,Lichfield,WS13 7PH,West Midlands,no
143899,860,Staffordshire,Chase Terrace Academy,https://chaseterraceacademy.co.uk/,Burntwood,WS7 2DB,West Midlands,no
146272,860,Staffordshire,Chaselea Alternative Provision Academy,https://capa.manorhall.academy,Cannock,WS11 1LH,West Midlands,no
132731,860,Staffordshire,Chasetown Community School,www.chasetowncommunity.staffs.sch.uk,Burntwood,WS7 3QL,West Midlands,no
144208,860,Staffordshire,Cherry Trees School,www.cherrytreesschool.co.uk,Wolverhampton,WV5 0AX,West Midlands,no
146443,860,Staffordshire,Cheslyn Hay Academy,https://www.cheslynhayacademy.org/,Walsall,WS6 7JQ,West Midlands,no
150922,860,Staffordshire,Cheslyn Hay Primary Academy,www.cheslynhay-primary.staffs.sch.uk/,Walsall,WS6 7JQ,West Midlands,no
140470,860,Staffordshire,Chesterton Community Sports College,http://www.ccsc.staffs.sch.uk,Newcastle,ST5 7LP,West Midlands,no
143345,860,Staffordshire,Chesterton Primary School,www.chestertonprimary.org.uk,Newcastle-Under-Lyme,ST5 7NT,West Midlands,no
136961,860,Staffordshire,Christ Church Academy,www.christchurchacademy.co.uk,Stone,ST15 8JD,West Midlands,no
124257,860,Staffordshire,Christ Church CofE (C) Primary School,https://www.christchurch-lichfield.staffs.sch.uk/,Lichfield,WS13 8AY,West Midlands,no
142421,860,Staffordshire,Christ Church CofE First School,www.christchurch-stone.staffs.sch.uk/,Stone,ST15 8EP,West Midlands,no
147425,860,Staffordshire,Church Eaton Primary School,www.churcheaton.staffs.sch.uk/,Stafford,ST20 0AG,West Midlands,no
144386,860,Staffordshire,Churchfield CofE Primary Academy,www.churchfield.staffs.sch.uk/,Rugeley,WS15 2LB,West Midlands,no
140195,860,Staffordshire,Churchfields Primary School,www.churchfields-chesterton.staffs.sch.uk/,Newcastle,ST5 7HY,West Midlands,no
142696,860,Staffordshire,Churnet View Middle School,https://cvm.ttlt.org.uk/,Leek,ST13 6PU,West Midlands,no
142169,860,Staffordshire,Cicely Haughton School,www.cicelyhaughton.staffs.sch.uk,Stoke-on-Trent,ST9 0BX,West Midlands,no
142278,860,Staffordshire,Clayton Hall Academy,http://www.claytonhallacademy.org/,Newcastle-under-Lyme,ST5 3DN,West Midlands,no
144207,860,Staffordshire,Co-op Academy Friarswood,https://friarswood.coopacademies.co.uk,Newcastle,ST5 2ES,West Midlands,no
124400,860,Staffordshire,Codsall Community High School,http://www.cc-hs.com/,Wolverhampton,WV8 1PQ,West Midlands,no
142980,860,Staffordshire,Codsall Middle School,http://www.codsall-middle.staffs.sch.uk,Wolverhampton,WV8 1PB,West Midlands,no
142422,860,Staffordshire,Colwich CofE Primary School,https://www.colwich.staffs.sch.uk,Stafford,ST17 0XD,West Midlands,no
124195,860,Staffordshire,Cooper Perry Primary School,www.cooperperry.co.uk/,Stafford,ST18 9PQ,West Midlands,no
141449,860,Staffordshire,Coppice Academy,www.coppiceacademy.org.uk,Newcastle,ST5 2EY,West Midlands,no
124464,860,Staffordshire,Corbett VA CofE Primary School,www.corbett.staffs.sch.uk/,Stourbridge,DY7 5DU,West Midlands,no
147826,860,Staffordshire,Coton Green Primary School,https://cotongreen.staffs.sch.uk,Tamworth,B79 8LX,West Midlands,no
143349,860,Staffordshire,Crackley Bank Primary School,www.crackleybank.staffs.sch.uk/,Newcastle,ST5 7BE,West Midlands,no
141770,860,Staffordshire,Dilhorne Endowed CofE Primary School,www.tmpf.staffs.sch.uk,Stoke-on-Trent,ST10 2PF,West Midlands,no
145414,860,Staffordshire,Dosthill Primary School,www.dosthill.org,Tamworth,B77 1LQ,West Midlands,no
150051,860,Staffordshire,Dove Bank Primary School,www.dovebank.staffs.sch.uk/,Stoke-on-Trent,ST7 4AP,West Midlands,no
147438,860,Staffordshire,Dove CofE Academy,www.dove.staffs.sch.uk,Uttoxeter,ST14 5PB,West Midlands,no
150855,860,Staffordshire,Doxey Academy,,Stafford,ST16 1EG,West Midlands,no
150786,860,Staffordshire,Dunstall Park Primary School,https://dunstallparkprimary.atlp.org.uk/,Tamworth,B78 3BQ,West Midlands,no
147569,860,Staffordshire,Edge Hill Academy,http://www.edgehill.fierte.org,Burton-on-Trent,DE15 9NX,West Midlands,no
142984,860,Staffordshire,Ellison Primary Academy,www.ellison.staffs.sch.uk/,Newcastle,ST5 0BL,West Midlands,no
124146,860,Staffordshire,Endon Hall Primary School,http://www.endonhall.staffs.sch.uk,Stoke-on-Trent,ST9 9HH,West Midlands,no
148002,860,Staffordshire,Endon High School,http://endon.staffs.sch.uk/,Stoke-on-Trent,ST9 9EE,West Midlands,no
136886,860,Staffordshire,Erasmus Darwin Academy,http://www.eda.staffs.sch.uk/,Burntwood,WS7 3QW,West Midlands,no
147424,860,Staffordshire,Etching Hill CofE Primary Academy,http://www.etchinghill-rainbow.com,Rugeley,WS15 2XY,West Midlands,no
142792,860,Staffordshire,Eton Park Junior Academy,www.etonparkjuniors.com,Burton-on-Trent,DE14 2SG,West Midlands,no
141278,860,Staffordshire,Featherstone Academy,featherstoneacademy.co.uk,Wolverhampton,WV10 7AS,West Midlands,no
141203,860,Staffordshire,Five Spires Academy,www.fivespiresacademy.co.uk,Lichfield,WS14 9AN,West Midlands,no
140523,860,Staffordshire,Flax Hill Junior Academy,www.flaxhill.staffs.sch.uk/,Tamworth,B79 8QZ,West Midlands,no
146605,860,Staffordshire,Foley Infant School Academy,www.foleyacademy.com,Stourbridge,DY7 6EW,West Midlands,no
148061,860,Staffordshire,Forest Hills Primary School,www.foresthillsprimary.co.uk,Rugeley,WS15 2PD,West Midlands,no
132260,860,Staffordshire,Forsbrook CofE Controlled Primary School,www.forsbrookprimaryschool.co.uk/,Stoke-on-Trent,ST11 9PW,West Midlands,no
149081,860,Staffordshire,Fradley Park Primary and Nursery School,https://fradleyparkschool.co.uk/,Lichfield,WS13 8TW,West Midlands,no
150772,860,Staffordshire,Garden Village Primary Academy,https://www.gardenvillage.fierte.org/,Tamworth,B77 4EG,West Midlands,no
144604,860,Staffordshire,Gentleshaw Primary Academy,www.gentleshaw-squirrel.com,Rugeley,WS15 4LY,West Midlands,no
141450,860,Staffordshire,Glascote Academy,glascote.org,Tamworth,B77 2EA,West Midlands,no
124162,860,Staffordshire,Glenthorne Community Primary School,www.glenthorne.staffs.sch.uk/,Walsall,WS6 7BZ,West Midlands,no
145377,860,Staffordshire,Grange School,https://www.grangeschool.academy,Burton-on-Trent,DE14 2HU,West Midlands,no
145048,860,Staffordshire,Great Wood Community Primary School,www.tmpf.staffs.sch.uk/,Stoke-on-Trent,ST10 4LE,West Midlands,no
144988,860,Staffordshire,Great Wyrley Academy,greatwyrleyacademy.org.uk,Walsall,WS6 6LQ,West Midlands,no
149639,860,Staffordshire,Green Lea First School,www.greenlea.staffs.sch.uk/,Stafford,ST18 0EU,West Midlands,no
149002,860,Staffordshire,Greenhall,www.greenhall.staffs.sch.uk,Stafford,ST16 1PS,West Midlands,no
148316,860,Staffordshire,Greysbrooke Primary School,www.greysbrooke.staffs.sch.uk,Lichfield,WS14 0LT,West Midlands,no
124165,860,Staffordshire,Hanbury's Farm Community Primary School,www.hanburysfarm.staffs.sch.uk,Tamworth,B77 2LD,West Midlands,no
124110,860,Staffordshire,Hassell Primary School,www.hassellschool.org,Newcastle,ST5 1LF,West Midlands,no
141783,860,Staffordshire,Haughton St Giles CofE Primary Academy,www.haughtonstgiles.org.uk/,Stafford,ST18 9ET,West Midlands,no
140858,860,Staffordshire,Havergal CofE (C) Primary School,www.havergal.org.uk/,Wolverhampton,WV10 7LE,West Midlands,no
145684,860,Staffordshire,Hazel Slade Primary Academy,www.hazelsladeprimaryacademy.co.uk,Cannock,WS12 0PN,West Midlands,no
140490,860,Staffordshire,Heath Hayes Primary Academy,www.heathhayesacademy.co.uk,Cannock,WS12 2EP,West Midlands,no
147571,860,Staffordshire,Heathfields Infant Academy,www.hiwj.fierte.org,Tamworth,B77 5LU,West Midlands,no
142843,860,Staffordshire,Hempstalls Primary School,http://www.hempstalls.staffs.sch.uk/,Newcastle,ST5 9LH,West Midlands,no
143663,860,Staffordshire,Henhurst Ridge Primary Academy,www.henhurstridgeacademy.org,Burton-on-Trent,DE13 9TQ,West Midlands,no
146910,860,Staffordshire,Henry Chadwick Primary School,www.henrychadwick.staffs.sch.uk,Rugeley,WS15 3QN,West Midlands,no
148718,860,Staffordshire,Highfields Primary Academy,http://www.highfields.staffs.sch.uk,Burntwood,WS7 9BT,West Midlands,no
124291,860,Staffordshire,Hob Hill CE/Methodist (VC) Primary School,http://www.hobhill.staffs.sch.uk,Rugeley,WS15 1ED,West Midlands,no
142276,860,Staffordshire,Hollinsclough Church of England Academy,http://www.hollinsclough.staffs.sch.uk,Buxton,SK17 0RH,West Midlands,no
149422,860,Staffordshire,Holly Grove Primary Academy,www.hollygroveschool.co.uk/,Burntwood,WS7 1LU,West Midlands,no
146266,860,Staffordshire,Holy Rosary Catholic Voluntary Academy,https://www.holyrosaryburton.srscmat.co.uk/,Burton-on-Trent,DE15 0JE,West Midlands,no
124294,860,Staffordshire,Holy Trinity CofE (C) Primary School,www.holytrinity.staffs.sch.uk,Burton-upon-Trent,DE14 1SN,West Midlands,no
142769,860,Staffordshire,Horninglow Primary School,,Burton-on-Trent,DE13 0SW,West Midlands,no
124496,860,Staffordshire,Horton Lodge Community Special School,www.hortonlodge.staffs.sch.uk,Leek,ST13 8RB,West Midlands,no
146126,860,Staffordshire,Horton St Michael's CofE First School,www.hortonstmichaels.co.uk,Leek,ST13 8RU,West Midlands,no
124232,860,Staffordshire,Hugo Meynell CofE (VC) Primary School,www.hugomeynell.co.uk,Market Drayton,TF9 4NU,West Midlands,no
143983,860,Staffordshire,Hutchinson Memorial CofE First School,www.hutchinson.staffs.sch.uk/,Stoke-on-Trent,ST10 4NB,West Midlands,no
124337,860,Staffordshire,Ilam CofE (VA) Primary School,www.ilam.staffs.sch.uk/,Ashbourne,DE6 2AZ,West Midlands,no
146914,860,Staffordshire,James Bateman Middle School,http://jamesbateman.staffs.sch.uk/,Biddulph,ST8 7AT,West Midlands,no
145889,860,Staffordshire,John Taylor Free School,www.johntaylorfreeschool.co.uk,Burton-on-Trent,DE13 9SA,West Midlands,no
136323,860,Staffordshire,John Taylor High School,www.jths.co.uk,Burton-on-Trent,DE13 8AZ,West Midlands,no
141186,860,Staffordshire,John Wheeldon Primary Academy,www.johnwheeldon.staffs.sch.uk/,Stafford,ST16 3LX,West Midlands,no
145100,860,Staffordshire,John of Rolleston Primary School,http://www.johnofrolleston.com,Burton-on-Trent,DE13 9AG,West Midlands,no
133583,860,Staffordshire,Kettlebrook Short Stay School,www.kettlebrook.staffs.sch.uk,Tamworth,B77 1AL,West Midlands,no
146636,860,Staffordshire,Kidsgrove Primary School,https://www.kidsgroveprimary.org.uk/,Stoke-on-Trent,ST7 4DL,West Midlands,no
146635,860,Staffordshire,Kidsgrove Secondary School,https://kidsgrovesecondary.org.uk/,Stoke-on-Trent,ST7 4DL,West Midlands,no
149328,860,Staffordshire,King Edward VI High School,www.kevi.org.uk,Stafford,ST17 9YJ,West Midlands,no
146904,860,Staffordshire,Kingsfield First School,www.kingsfield.staffs.sch.uk/,Stoke-on-Trent,ST8 6AY,West Midlands,no
142313,860,Staffordshire,Kingsmead School,http://www.kingsmeadschool.net,Cannock,WS12 1DH,West Midlands,no
141342,860,Staffordshire,Kinver High School and Sixth Form,http://www.kinverhigh.co.uk/,Stourbridge,DY7 6AA,West Midlands,no
142078,860,Staffordshire,Knutton St Marys CofE Academy,www.ksmacademy.com,Newcastle Under Lyme,ST5 6EB,West Midlands,no
146873,860,Staffordshire,Knypersley First School,www.knypersley.staffs.sch.uk/,Stoke-on-Trent,ST8 6NN,West Midlands,no
145686,860,Staffordshire,Lakeside Primary School,www.lakeside.staffs.sch.uk/,Tamworth,B77 2SA,West Midlands,no
139719,860,Staffordshire,Landau Forte Academy Greenacres,www.lfatg.org.uk,Tamworth,B77 4AB,West Midlands,no
141491,860,Staffordshire,Landau Forte Academy Tamworth Sixth Form,www.lfatsf.org.uk,Tamworth,B79 8AA,West Midlands,no
136136,860,Staffordshire,"Landau Forte Academy, Amington",www.lfata.org.uk,Tamworth,B77 4FF,West Midlands,no
137146,860,Staffordshire,"Landau Forte Academy, QEMS",www.lfatq.org.uk,Tamworth,B79 8AH,West Midlands,no
124190,860,Staffordshire,Landywood Primary School,www.landywoodprimary.co.uk,Walsall,WS6 6AQ,West Midlands,no
124174,860,Staffordshire,Lane Green First School,http://www.lanegreen.staffs.sch.uk,Wolverhampton,WV8 1EU,West Midlands,no
148517,860,Staffordshire,Langdale Primary School,http://www.langdaleprimary.co.uk/,Newcastle,ST5 3QE,West Midlands,no
142799,860,Staffordshire,Lansdowne Infant Academy,www.lansdowneinfants.com,Burton-on-Trent,DE14 2RE,West Midlands,no
140522,860,Staffordshire,Lark Hall Infant & Nursery Academy,http://www.larkhallinfants.co.uk,Tamworth,B79 8EF,West Midlands,no
142985,860,Staffordshire,Leasowes Primary School,www.leasowesprimaryschool.co.uk,Stafford,ST17 0HT,West Midlands,no
146590,860,Staffordshire,Leek First School,lfs.ttlt.org.uk/,Select,ST13 6LF,West Midlands,no
142711,860,Staffordshire,Leek High School,https://lhs.ttlt.org.uk/,Leek,ST13 6EU,West Midlands,no
148285,860,Staffordshire,Little Aston Primary Academy,www.littleaston.staffs.sch.uk/,Sutton Coldfield,B74 3BE,West Midlands,no
143898,860,Staffordshire,Littleton Green Community School,www.littletongreen.staffs.sch.uk/,Cannock,WS12 4UD,West Midlands,no
145685,860,Staffordshire,Longford Primary Academy,www.longford.staffs.sch.uk/,Cannock,WS11 1PD,West Midlands,no
142170,860,Staffordshire,Loxley Hall School,https://loxley.manorhall.academy/,Uttoxeter,ST14 8RS,West Midlands,no
140154,860,Staffordshire,Madeley High School,http://www.madeleyschool.org/,Crewe,CW3 9JJ,West Midlands,no
142275,860,Staffordshire,Manifold Church of England Primary School,www.manifold.staffs.sch.uk,Buxton,SK17 0JP,West Midlands,no
146918,860,Staffordshire,Manor Hill First School,www.manorhillfirst.co.uk,Stone,ST15 0HY,West Midlands,no
149166,860,Staffordshire,Manor Primary Academy,www.manor.staffs.sch.uk/,Tamworth,B78 3TX,West Midlands,no
145378,860,Staffordshire,Marshbrook First School,www.marshbrook.staffs.sch.uk/,Stafford,ST19 5BA,West Midlands,no
150422,860,Staffordshire,Mary Howard Church of England Primary School,https://maryhoward.staffs.sch.uk/,Tamworth,B79 9JJ,West Midlands,no
124115,860,Staffordshire,May Bank Infants' School,www.maybank.staffs.sch.uk/,Newcastle,ST5 0PT,West Midlands,no
143350,860,Staffordshire,Meir Heath Academy,www.meirheathacademy.org,Stoke-on-Trent,ST3 7JQ,West Midlands,no
143897,860,Staffordshire,Merryfields School,merryfields.manorhall.academy,Newcastle,ST5 9NY,West Midlands,no
150885,860,Staffordshire,Millfield Primary School,http://www.millfield.staffs.sch.uk,Tamworth,B78 3RQ,West Midlands,no
149284,860,Staffordshire,Moat Hall Primary Academy,www.moathall-castles.com,Walsall,WS6 6BX,West Midlands,no
140995,860,Staffordshire,Moorgate Primary Academy,www.moorgateacademy.co.uk/,Tamworth,B79 7EL,West Midlands,no
149001,860,Staffordshire,Moorhill Primary School,http://www.moorhill.staffs.sch.uk,Cannock,WS11 5RN,West Midlands,no
148508,860,Staffordshire,Moorside High School,http://www.moorside.staffs.sch.uk/,Stoke-on-Trent,ST9 0HP,West Midlands,no
146294,860,Staffordshire,Needwood CofE Primary School,www.needwood.staffs.sch.uk/,Burton-on-Trent,DE13 8SU,West Midlands,no
146493,860,Staffordshire,Nether Stowe School,https://netherstowe.staffs.sch.uk/,Lichfield,WS13 7NB,West Midlands,no
142277,860,Staffordshire,Newcastle Academy,http://www.newcastleacademy.org,Newcastle Under Lyme,ST5 2QS,West Midlands,no
124395,860,Staffordshire,Norton Canes High School,http://www.nortoncaneshighschool.co.uk/,Cannock,WS11 9SP,West Midlands,no
140489,860,Staffordshire,Norton Canes Primary Academy,www.nortoncanesacademy.co.uk,Cannock,WS11 9SQ,West Midlands,no
124166,860,Staffordshire,Oakhill Primary School,www.oakhill.staffs.sch.uk/,Tamworth,B77 2HH,West Midlands,no
124130,860,Staffordshire,Oakridge Primary School,http://www.oakridge.staffs.sch.uk,Stafford,ST17 0PR,West Midlands,no
145376,860,Staffordshire,Oldfields Hall Middle School,http://www.oldfields.org.uk/,Uttoxeter,ST14 7PL,West Midlands,no
142439,860,Staffordshire,Oulton CofE First School,http://www.oulton.staffs.sch.uk,Stone,ST15 8UH,West Midlands,no
145687,860,Staffordshire,Our Lady and St Werburgh's Catholic Primary School,www.ourlady-st-werburghs.staffs.sch.uk/,Newcastle,ST5 4AG,West Midlands,no
140129,860,Staffordshire,Our Lady of Grace Catholic Academy,www.ourladyofgraceacademy.co.uk/,Stoke-on-Trent,ST8 6LW,West Midlands,no
145099,860,Staffordshire,Outwoods Primary School,www.outwoods.staffs.sch.uk/,Burton-on-Trent,DE13 0AS,West Midlands,no
146874,860,Staffordshire,Oxhey First School,https://oxheyfirst.co.uk/,Stoke-on-Trent,ST8 7EB,West Midlands,no
124392,860,Staffordshire,Paget High School,https://www.paget.staffs.sch.uk/,Burton-on-Trent,DE14 3DR,West Midlands,no
138729,860,Staffordshire,Painsley Catholic College,http://www.painsley.co.uk,Stoke-on-Trent,ST10 1LH,West Midlands,no
143355,860,Staffordshire,Parkside Primary School,www.parkside-staffs.co.uk/,Stafford,ST16 1TH,West Midlands,no
147574,860,Staffordshire,Paulet High School,http://www.paulet.co.uk,Burton-on-Trent,DE15 9RT,West Midlands,no
144206,860,Staffordshire,Penkridge Middle School,https://www.penkridge.staffs.sch.uk/,Stafford,ST19 5BW,West Midlands,no
124177,860,Staffordshire,Perton First School,www.perton-first.staffs.sch.uk/,Wolverhampton,WV6 7LX,West Midlands,no
124437,860,Staffordshire,Perton Middle School,http://www.pertonmiddle.com/,Wolverhampton,WV6 7NR,West Midlands,no
143353,860,Staffordshire,Perton Primary Academy,www.pertonacademy.co.uk,Wolverhampton,WV6 7PS,West Midlands,no
143952,860,Staffordshire,Picknalls First School,picknalls.com,Uttoxeter,ST14 7QL,West Midlands,no
124164,860,Staffordshire,Pirehill First School,http://www.pirehill.staffs.sch.uk,Stone,ST15 0AA,West Midlands,no
147082,860,Staffordshire,Poppyfield Primary Academy,https://www.poppyfieldacademy.org.uk/,Cannock,WS12 4RY,West Midlands,no
145379,860,Staffordshire,Princefield First School,www.princefield.staffs.sch.uk/,Stafford,ST19 5EP,West Midlands,no
141493,860,Staffordshire,Pye Green Academy,https://pga.greenheartlearning.org/,Cannock,WS12 4RT,West Midlands,no
146901,860,Staffordshire,Queen's Croft High School,http://www.queenscroft.staffs.sch.uk,Lichfield,WS13 6PJ,West Midlands,no
124056,860,Staffordshire,Ravensmead Primary School,www.ravensmead.staffs.sch.uk/,Stoke-on-Trent,ST7 8QD,West Midlands,no
146814,860,Staffordshire,Redbrook Hayes Community Primary School,www.redbrookhayes.co.uk,Rugeley,WS15 1AU,West Midlands,no
149000,860,Staffordshire,Redhill Primary School,www.redhill.staffs.sch.uk,Cannock,WS11 5JR,West Midlands,no
145459,860,Staffordshire,Richard Wakefield CofE Primary Academy,www.richardwakefieldprimary.com,Burton-on-Trent,DE13 9NR,West Midlands,no
149128,860,Staffordshire,Ridgeway Primary Academy,www.ridgeway.staffs.sch.uk/,Burntwood,WS7 4TU,West Midlands,no
151294,860,Staffordshire,River View Primary and Nursery School,www.riverview.staffs.sch.uk/,Burton-on-Trent,DE15 9HR,West Midlands,no
145276,860,Staffordshire,Rocklands School,www.rocklands.manorhall.academy,Lichfield,WS13 7PH,West Midlands,no
140996,860,Staffordshire,Rowley Park Primary Academy,www.rowleyparkacademy.org.uk,Stafford,ST17 9RF,West Midlands,no
146594,860,Staffordshire,Rushton CofE First School,www.rps.ttlt.org.uk,Macclesfield,SK11 0SG,West Midlands,no
145375,860,Staffordshire,Ryecroft CofE Middle School,http://ryecroft.staffs.sch.uk/,Rocester,ST14 5PB,West Midlands,no
145218,860,Staffordshire,Rykneld Primary School,www.rykneld.staffs.sch.uk/,Burton-on-Trent,DE14 3EX,West Midlands,no
124040,860,Staffordshire,Samuel Allsopp Primary and Nursery School,www.samuelallsopp.staffs.sch.uk,Burton-upon-Trent,DE14 2LU,West Midlands,no
142094,860,Staffordshire,Saxon Hill Academy,http://www.saxonhillacademy.org.uk,Lichfield,WS14 9DE,West Midlands,no
139602,860,Staffordshire,Scientia Academy,www.scientiaacademy.co.uk,Burton-upon-Trent,DE13 0UF,West Midlands,no
145538,860,Staffordshire,Scotch Orchard Primary School,https://scotchorchard.staffs.sch.uk/,Lichfield,WS13 6DE,West Midlands,no
144439,860,Staffordshire,Seabridge Primary School,www.seabridgeprimary.org.uk/,Newcastle-Under-Lyme,ST5 3PJ,West Midlands,no
150426,860,Staffordshire,Sherbrook Primary School,www.sherbrook.staffs.sch.uk,Cannock,WS11 5SA,West Midlands,no
145794,860,Staffordshire,Shobnall Primary & Nursery School,www.shobnallprimaryschool.co.uk/,Burton-on-Trent,DE14 2BB,West Midlands,no
142014,860,Staffordshire,Silkmore Primary Academy,https://www.silkmoreacademy.co.uk,Stafford,ST17 4EG,West Midlands,no
140400,860,Staffordshire,Silverdale Primary Academy,www.silverdaleprimary.org.uk/,Newcastle,ST5 6PB,West Midlands,no
142983,860,Staffordshire,Sir Graham Balfour High School,http://www.sirgrahambalfour.co.uk,Stafford,ST16 1NR,West Midlands,no
145047,860,Staffordshire,Sir Thomas Boughey Academy,www.stb.academy,Stoke-on-Trent,ST7 8AP,West Midlands,no
124163,860,Staffordshire,Springcroft Primary School,http://www.springcroft.staffs.sch.uk,Stoke-on-Trent,ST11 9JS,West Midlands,no
143354,860,Staffordshire,Springfield School,,Leek,ST13 6LQ,West Midlands,no
124141,860,Staffordshire,Springfields First School,www.springfieldsfirstschool.org.uk/,Stone,ST15 0NJ,West Midlands,no
149650,860,Staffordshire,Springhead Primary School,http://www.springhead.staffs.sch.uk,Stoke-on-Trent,ST7 1RA,West Midlands,no
140402,860,Staffordshire,Springhill Primary Academy,www.springhillacademyreach2.co.uk,Burntwood,WS7 4UN,West Midlands,no
150421,860,Staffordshire,St Andrew's Church of England Primary School,https://st-andrews-cliftoncampville.staffs.sch.uk/,Tamworth,B79 0AP,West Midlands,no
142442,860,Staffordshire,St Andrew's CofE Primary School,http://www.st-andrews-weston.staffs.sch.uk,Stafford,ST18 0JN,West Midlands,no
142208,860,Staffordshire,St Anne's Catholic Primary School,www.st-annes-weepingcross.staffs.sch.uk,Stafford,ST17 0EA,West Midlands,no
145682,860,Staffordshire,St Augustine's CofE Academy,www.st-augustines.staffs.sch.uk/,Ashbourne,DE6 5BY,West Midlands,no
142209,860,Staffordshire,St Austin's Catholic Primary School and Nursery,http://www.st-austins.staffs.sch.uk,Stafford,ST17 4BT,West Midlands,no
143829,860,Staffordshire,St Benedict Biscop CofE Primary School,www.st-benedictbiscop.staffs.sch.uk,Wolverhampton,WV5 9DZ,West Midlands,no
124372,860,Staffordshire,St Bernadette's Catholic Primary School,www.stbernadettesprimary.co.uk,Wolverhampton,WV5 8DZ,West Midlands,no
124269,860,Staffordshire,St Chad's CofE (VC) First School,www.st-chads-pattingham.staffs.sch.uk/,Wolverhampton,WV6 7AQ,West Midlands,no
148749,860,Staffordshire,St Chad's CofE Primary School,www.st-chads-lichfield.staffs.sch.uk,Lichfield,WS13 6SN,West Midlands,no
148318,860,Staffordshire,St Christopher's Catholic Primary Academy,www.st-christophers.staffs.sch.uk/,Wolverhampton,WV8 1PF,West Midlands,no
142210,860,Staffordshire,St Dominic's Catholic Primary School,https://www.st-dominics-catholic.staffs.sch.uk,Stone,ST15 8YG,West Midlands,no
139171,860,Staffordshire,St Edward's Church of England Academy,http://stedwards.academy,Leek,ST13 8DN,West Midlands,no
143805,860,Staffordshire,St Edward's CofE Academy Cheddleton,www.stedwardscheddleton.co.uk,Leek,ST13 7HP,West Midlands,no
124369,860,Staffordshire,St Elizabeth's Catholic Primary School,www.saintelizabeths.co.uk,Tamworth,B79 8EN,West Midlands,no
138723,860,Staffordshire,St Filumena's Catholic Primary School,www.st-filumenas.staffs.sch.uk/,Stoke-on-Trent,ST11 9EA,West Midlands,no
124373,860,Staffordshire,St Gabriel's Catholic Primary School,www.st-gabriels.staffs.sch.uk/,Tamworth,B77 2LF,West Midlands,no
138724,860,Staffordshire,St Giles Catholic Primary School,www.st-giles.staffs.sch.uk,Stoke-on-Trent,ST10 1ED,West Midlands,no
141486,860,Staffordshire,St Giles' and St George's Church of England Academy,https://www.stgilesstgeorgesacademy.co.uk/,Newcastle,ST5 2NB,West Midlands,no
143347,860,Staffordshire,St James Church of England Primary Academy,www.st-james.staffs.sch.uk,Rugeley,WS15 4PL,West Midlands,no
140802,860,Staffordshire,St John Fisher Catholic College,http://www.saintjohnfishercc.co.uk/,Newcastle Under Lyme,ST5 2SJ,West Midlands,no
140146,860,Staffordshire,St John the Evangelist Catholic Primary,http://stjohnsnewman.co.uk,Kidsgrove,ST7 1EL,West Midlands,no
142213,860,Staffordshire,St John's Catholic Primary School,https://www.st-johns-greathaywood.staffs.sch.uk/,Stafford,ST18 0SL,West Midlands,no
124278,860,Staffordshire,St John's CofE (C) Primary School,,Dudley,DY3 4NB,West Midlands,no
145380,860,Staffordshire,St John's CofE First School,https://stjohnsbishopswood.org/,Stafford,ST19 9AH,West Midlands,no
143348,860,Staffordshire,St John's CofE Primary Academy,www.st-johns-stafford.staffs.sch.uk,Stafford,ST16 3RZ,West Midlands,no
151255,860,Staffordshire,St John's CofE Primary Academy,http://www.st-johns-keele.staffs.sch.uk,Newcastle,ST5 5AF,West Midlands,no
147572,860,Staffordshire,St John's CofE Primary School,www.st-johns-wetleyrocks.staffs.sch.uk/,"Wetley Rocks, Stoke-on-Trent",ST9 0BN,West Midlands,no
141822,860,Staffordshire,St John's Primary Academy,www.stjohns-eagle.com,Wolverhampton,WV11 2RF,West Midlands,no
124351,860,Staffordshire,St Joseph and St Theresa Catholic Primary,http://www.st-joseph-st-theresa.staffs.sch.uk/,Burntwood,WS7 3XL,West Midlands,no
124354,860,Staffordshire,St Joseph's Catholic Primary School,www.st-josephs-hednesford.staffs.sch.uk,Cannock,WS12 1DE,West Midlands,no
124357,860,Staffordshire,St Joseph's Catholic Primary School,www.stjosephslichfield.org.uk/,Lichfield,WS14 9AN,West Midlands,no
124360,860,Staffordshire,St Joseph's Catholic Primary School,www.st-josephs-rugeley.org.uk/,Rugeley,WS15 1BN,West Midlands,no
138727,860,Staffordshire,St Joseph's Catholic Primary School,www.st-josephs-uttoxeter.staffs.sch.uk/,Uttoxeter,ST14 7JX,West Midlands,no
124381,860,Staffordshire,St Leonard's CofE (A) First School,www.stleonardsipstonesfirstschoolipstones.com,Stoke-on-Trent,ST10 2LY,West Midlands,no
124345,860,Staffordshire,St Leonard's CofE (A) Primary School,http://www.st-leonards-wigginton.staffs.sch.uk,Tamworth,B79 9DX,West Midlands,no
147423,860,Staffordshire,St Leonard's CofE First School,www.st-leonards-dunston.staffs.sch.uk,Stafford,ST18 9AG,West Midlands,no
124199,860,Staffordshire,St Leonard's Primary School,www.stleonardsstafford.co.uk,Stafford,ST16 3TW,West Midlands,no
124267,860,Staffordshire,St Luke's CofE (C) Primary School,www.st-lukes-silverdale.staffs.sch.uk,Newcastle,ST5 6QJ,West Midlands,no
145833,860,Staffordshire,St Luke's CofE Academy Endon,www.st-lukes-endon.staffs.sch.uk/,Stoke-on-Trent,ST9 9EB,West Midlands,no
134353,860,Staffordshire,St Lukes CofE Primary School,www.st-lukes-cannock.staffs.sch.uk/,Cannock,WS11 1HN,West Midlands,no
147279,860,Staffordshire,St Mary and St Chad CofE First School,http://www.stmarystchadfirst.co.uk,Stafford,ST19 9DT,West Midlands,no
138725,860,Staffordshire,St Mary's Catholic Academy,www.st-marys-leek.staffs.sch.uk,Leek,ST13 8BW,West Midlands,no
124349,860,Staffordshire,St Mary's Catholic Primary School,http://www.st-marys-cannock.staffs.sch.uk,Cannock,WS11 0AE,West Midlands,no
140803,860,Staffordshire,St Mary's Catholic Primary School,https://stmaryscatholicprimary.school/,Newcastle Under Lyme,ST5 2TA,West Midlands,no
142214,860,Staffordshire,St Mary's Catholic Primary School,,Stafford,ST19 9BG,West Midlands,no
124344,860,Staffordshire,St Mary's CofE (A) First School,www.st-marys-uttoxeter.staffs.sch.uk,Uttoxeter,ST14 7LX,West Midlands,no
146427,860,Staffordshire,St Mary's CofE First Academy,www.st-marys-wheatonaston.staffs.sch.uk/,Wheaton Aston,ST19 9PQ,West Midlands,no
150077,860,Staffordshire,St Mary's CofE Primary School,www.st-marys-mucklestone.staffs.sch.uk,Market Drayton,TF9 4DN,West Midlands,no
124343,860,Staffordshire,St Michael's CofE (A) First School,www.stmichaelspenkridgeschool.co.uk/,Stafford,ST19 5DJ,West Midlands,no
124275,860,Staffordshire,St Michael's CofE (C) First School,http://www.st-michaels-stone.staffs.sch.uk,Stone,ST15 8QB,West Midlands,no
148748,860,Staffordshire,St Michael's CofE (C) Primary School,www.st-michaels-lichfield.staffs.sch.uk/,Lichfield,WS14 9AN,West Midlands,no
124326,860,Staffordshire,St Modwen's Catholic Primary School,www.st-modwens.staffs.sch.uk/,Burton-on-Trent,DE13 0AJ,West Midlands,no
142986,860,Staffordshire,St Nicholas Church of England First School,http://www.st-nicholas.staffs.sch.uk,Wolverhampton,WV8 1AN,West Midlands,no
142216,860,Staffordshire,St Patrick's Catholic Primary School,https://www.st-patricksstafford.com/,Stafford,ST16 3BT,West Midlands,no
124299,860,Staffordshire,St Paul's CofE (C) Primary School,www.st-pauls-stafford.staffs.sch.uk,Stafford,ST17 4BT,West Midlands,no
147422,860,Staffordshire,St Paul's CofE First School,https://www.stpaulsfirstcoven.co.uk/,Wolverhampton,WV9 5AD,West Midlands,no
142982,860,Staffordshire,St Peter's Church of England Primary Academy,https://www.stpetersacademystonnall.com/,Walsall,WS9 9EE,West Midlands,no
150842,860,Staffordshire,St Peter's Church of England Primary School,,Stoke-on-Trent,ST11 9EN,West Midlands,no
145679,860,Staffordshire,St Peter's CofE Academy Alton,www.st-peters-alton.staffs.sch.uk/,Stoke-on-Trent,ST10 4AW,West Midlands,no
145683,860,Staffordshire,St Peter's CofE Primary Academy,www.stpeters-keys.com,Cannock,WS12 1BE,West Midlands,no
142447,860,Staffordshire,St Peter's CofE Primary School,www.st-peters-hixon.staffs.sch.uk,Stafford,ST18 0PS,West Midlands,no
144591,860,Staffordshire,St Saviour's CofE Academy,www.stsaviours.academy,Stoke-on-Trent,ST7 1LW,West Midlands,no
124084,860,Staffordshire,St Stephen's Primary School,www.st-stephens.staffs.sch.uk/,Lichfield,WS13 8NL,West Midlands,no
138726,860,Staffordshire,St Thomas' Catholic Primary School,http://www.st-thomas-tean.staffs.sch.uk,Stoke-on-Trent,ST10 4DS,West Midlands,no
148401,860,Staffordshire,St Thomas' CofE Primary Academy,https://www.stthomascofeacademy.org/,Stoke-on-Trent,ST7 4HT,West Midlands,no
141837,860,Staffordshire,St Werburgh's CE (A) Primary School,http://www.tmpf.staffs.sch.uk,Stoke-on-Trent,ST10 2BA,West Midlands,no
143352,860,Staffordshire,St Wulstan's Catholic Primary School,www.st-wulstans.staffs.sch.uk/,Newcastle,ST5 0EF,West Midlands,no
150469,860,Staffordshire,St. Peter's Church of England First School,https://www.st-peters-marchington.org.uk/,Uttoxeter,ST14 8LH,West Midlands,no
137164,860,Staffordshire,Staffordshire University Academy,http://www.suacademy.co.uk/,Cannock,WS12 4JH,West Midlands,no
145834,860,Staffordshire,Stoneydelph Primary School,http://www.stoneydelph.staffs.sch.uk,Tamworth,B77 4LS,West Midlands,no
147085,860,Staffordshire,Streethay Primary School,http://www.streethayprimary.org.uk/,Lichfield,WS13 8FT,West Midlands,no
142194,860,Staffordshire,Sun Academy Bradwell,www.sunacademy.attrust.org.uk,Newcastle-Under-Lyme,ST5 8JN,West Midlands,no
150631,860,Staffordshire,Talbot First School,,Uttoxeter,ST14 8QJ,West Midlands,no
138435,860,Staffordshire,Tamworth Enterprise College and AET Academy,http://www.tamworthenterprisecollege.co.uk/,Tamworth,B77 2NE,West Midlands,no
149651,860,Staffordshire,The Bridge Academy,www.bridge.staffs.sch.uk,Lichfield,WS13 6SW,West Midlands,no
136959,860,Staffordshire,The Cheadle Academy,http://www.thecheadleacademy.co.uk,Stoke-on-Trent,ST10 1LH,West Midlands,no
138722,860,Staffordshire,The Faber Catholic Primary School,http://www.faber.staffs.sch.uk,Stoke-on-Trent,ST10 3DN,West Midlands,no
146070,860,Staffordshire,The Fountains High School,www.fountains-high.staffs.sch.uk,Burton-on-Trent,DE13 0HB,West Midlands,no
146071,860,Staffordshire,The Fountains Primary School,www.fountainsprimaryschool.co.uk,Burton-on-Trent,DE13 0HB,West Midlands,no
146907,860,Staffordshire,The Friary School,http://www.friaryschool.co.uk,Lichfield,WS13 7EW,West Midlands,no
137100,860,Staffordshire,The Hart School,http://www.hartschool.org.uk/,Rugeley,WS15 2UE,West Midlands,no
142095,860,Staffordshire,The Howard Primary School,http://www.howard.staffs.sch.uk,Tamworth,B79 9DB,West Midlands,no
139234,860,Staffordshire,The JCB Academy,http://www.jcbacademy.com/,Rocester,ST14 5JX,West Midlands,no
148402,860,Staffordshire,The King's CofE Academy,http://www.thekingscofeacademy.org,Stoke-on-Trent,ST7 1DP,West Midlands,no
145098,860,Staffordshire,The Meadows Primary School,www.meadowsprimary.co.uk,Crewe,CW3 9JX,West Midlands,no
143346,860,Staffordshire,The Meadows School,https://themeadows.manorhall.academy/,Leek,ST13 6EU,West Midlands,no
138899,860,Staffordshire,The Mosley Academy,www.themosleyacademy.co.uk,Burton-on-Trent,DE13 9QD,West Midlands,no
142015,860,Staffordshire,The Orme Academy,www.theormeacademy.org.uk,Newcastle,ST5 9JU,West Midlands,no
138728,860,Staffordshire,The Rawlett School (An Aet Academy),www.rawlettschool.org,Tamworth,B79 9AA,West Midlands,no
146943,860,Staffordshire,The Reginald Mitchell Primary School,http://www.reginaldmitchell.staffs.sch.uk,Stoke-on-Trent,ST7 1NA,West Midlands,no
148506,860,Staffordshire,The Richard Clarke First School,http://www.richardclarke.staffs.sch.uk,Rugeley,WS15 3BT,West Midlands,no
142096,860,Staffordshire,The Richard Crosse CofE Primary School,www.richardcrosse.staffs.sch.uk,Burton-on-Trent,DE13 7JE,West Midlands,no
138351,860,Staffordshire,The Rural Enterprise Academy,www.ruralenterpriseacademy.com,Penkridge,ST19 5PH,West Midlands,no
142097,860,Staffordshire,The St. Mary's CofE Primary School,www.st-marys-colton.staffs.sch.uk,Rugeley,WS15 3LN,West Midlands,no
141848,860,Staffordshire,The Valley Primary School,http://www.tmpf.staffs.sch.uk,Stoke-on-Trent,ST10 3DQ,West Midlands,no
136762,860,Staffordshire,The Violet Way Academy,https://www.violetway.org/,Burton-on-Trent,DE15 9ES,West Midlands,no
137553,860,Staffordshire,The Weston Road Academy,http://www.westonroad.staffs.sch.uk/,Stafford,ST18 0YG,West Midlands,no
131073,860,Staffordshire,The William Amory Primary School,www.williamamory.co.uk/,Stoke-on-Trent,ST11 9PN,West Midlands,no
138936,860,Staffordshire,The Wilnecote School,www.thewilnecoteschool.com,Tamworth,B77 5LF,West Midlands,no
147228,860,Staffordshire,The Woodlands Community Primary School,http://www.woodlands.staffs.sch.uk,Tamworth,B77 3JX,West Midlands,no
136414,860,Staffordshire,The de Ferrers Academy,http://www.deferrers.com/,Burton-on-Trent,DE13 0LL,West Midlands,no
144002,860,Staffordshire,Thomas Alleyne's High School,www.thomasalleynes.uk,Uttoxeter,ST14 8DU,West Midlands,no
124087,860,Staffordshire,Thomas Barnes Primary School,http://www.thomasbarnes.staffs.sch.uk,Tamworth,B78 3AD,West Midlands,no
142748,860,Staffordshire,Thomas Russell Infants School,www.thomasrussellinfants.co.uk,Burton-on-Trent,DE13 8DS,West Midlands,no
141344,860,Staffordshire,Three Peaks Primary Academy,www.threepeaksacademy.org.uk/,Tamworth,B77 4HN,West Midlands,no
143547,860,Staffordshire,Thursfield Primary School,https://www.thursfield.staffs.sch.uk/,Stoke-on-Trent,ST7 4JL,West Midlands,no
149585,860,Staffordshire,Tillington Manor Primary School,https://www.tillingtonmanor.staffs.sch.uk/,Stafford,ST16 1PW,West Midlands,no
124046,860,Staffordshire,Tower View Primary School,www.towerview.staffs.sch.uk,Burton-on-Trent,DE15 0EZ,West Midlands,no
146513,860,Staffordshire,Two Gates Primary School,,Tamworth,B77 1EN,West Midlands,no
146727,860,Staffordshire,Two Rivers High School,www.tworiversschool.net,Tamworth,B77 2HJ,West Midlands,no
146201,860,Staffordshire,Two Rivers Primary School,www.tworiversschool.net,Tamworth,B77 4EN,West Midlands,no
143896,860,Staffordshire,Tynsel Parkes CofE Primary Academy,www.tynselparkesacademy.co.uk,Uttoxeter,ST14 7HE,West Midlands,no
140381,860,Staffordshire,Veritas Primary Academy,www.veritasprimaryacademy.com,Stafford,ST18 0FL,West Midlands,no
140997,860,Staffordshire,Walton Hall Academy,waltonhallacademy.org.uk,Stafford,ST21 6JR,West Midlands,no
142987,860,Staffordshire,Walton High School,http://www.waltonstaffs.com,Stafford,ST17 0LJ,West Midlands,no
124426,860,Staffordshire,Walton Priory Middle School,http://www.waltonpriory.staffs.sch.uk/,Stone,ST15 0AL,West Midlands,no
143622,860,Staffordshire,Waterhouses CofE Primary Academy,www.waterhouses.staffs.sch.uk,Stoke-on-Trent,ST10 3HY,West Midlands,no
148507,860,Staffordshire,Werrington Primary School,www.werringtonprimary.org.uk,Stoke-on-Trent,ST9 0JU,West Midlands,no
150526,860,Staffordshire,Westlands Primary School,http://www.westlands.staffs.sch.uk,Newcastle-under-Lyme,ST5 2QY,West Midlands,no
142755,860,Staffordshire,Westwood College,https://wwc.ttlt.org.uk/,Leek,ST13 8NP,West Midlands,no
146623,860,Staffordshire,Westwood First School,http://wfs.ttlt.org.uk/,Leek,ST13 8DL,West Midlands,no
149421,860,Staffordshire,Whittington Primary and Nursery School,www.whittington-school.co.uk/,Lichfield,WS14 9LG,West Midlands,no
144209,860,Staffordshire,Wightwick Hall School,www.wightwickhall.staffs.sch.uk,Wolverhampton,WV6 8DA,West Midlands,no
146130,860,Staffordshire,William MacGregor Primary School,www.williammacgregor.staffs.sch.uk,Tamworth,B77 2AF,West Midlands,no
145097,860,Staffordshire,William Shrewsbury Primary School,https://williamshrewsbury.com,Burton-on-Trent,DE13 0HE,West Midlands,no
151286,860,Staffordshire,Willows Primary Academy,www.willows.staffs.sch.uk,Lichfield,WS13 7NU,West Midlands,no
147570,860,Staffordshire,Wilnecote Junior Academy,www.wilnecotejnrandheathfieldsinf.co.uk/,Tamworth,B77 5LA,West Midlands,no
144007,860,Staffordshire,Windsor Park CE Middle School,http://www.windsorpark.staffs.sch.uk/,Uttoxeter,ST14 7JX,West Midlands,no
146085,860,Staffordshire,Winshill Village Primary and Nursery School,,Burton-on-Trent,DE15 0DH,West Midlands,no
145381,860,Staffordshire,Wolgarston High School,http://www.wolgarston.staffs.sch.uk,Stafford,ST19 5RX,West Midlands,no
141343,860,Staffordshire,Wombourne High School,http://www.wombournehighschool.co.uk/,Wolverhampton,WV5 8BJ,West Midlands,no
147421,860,Staffordshire,Woodcroft Academy,www.woodcroftacademy.co.uk,Leek,ST13 8JG,West Midlands,no
141074,860,Staffordshire,Woodhouse Academy,http://www.woodhouseacademy.staffs.sch.uk,Stoke-on-Trent,ST8 7DR,West Midlands,no
141856,860,Staffordshire,Woodseaves CE Primary Academy,http://www.woodseaves.org.uk,Stafford,ST20 0LB,West Midlands,no
142809,860,Staffordshire,Yoxall St Peter's CofE Primary School,http://www.st-peters-yoxall.staffs.sch.uk/,Burton-on-Trent,DE13 8NF,West Midlands,no
124449,860,Staffordshire,Abbot Beyne School,http://abbotbeyneschool.co.uk,Burton-on-Trent,DE15 0JL,West Midlands,yes
124274,860,Staffordshire,All Saints CofE (C) First School,www.allsaints-standon.staffs.sch.uk/,Stafford,ST21 6RN,West Midlands,yes
124176,860,Staffordshire,Amington Heath Primary School and Nursery,http://www.amingtonheath.staffs.sch.uk/,Tamworth,B77 4EN,West Midlands,yes
124147,860,Staffordshire,Ashcroft Infants' School,www.ashcroftinfantandnursery.co.uk,Tamworth,B79 8RU,West Midlands,yes
124233,860,Staffordshire,Barlaston CofE (VC) First School,www.barlaston.staffs.sch.uk,Stoke-on-Trent,ST12 9DB,West Midlands,yes
124067,860,Staffordshire,Bridgtown Primary School,www.bridgtown.staffs.sch.uk,Cannock,WS11 0AZ,West Midlands,yes
124202,860,Staffordshire,Burton Manor Primary School,www.burtonmanor.staffs.sch.uk/,Stafford,ST17 9PS,West Midlands,yes
131652,860,Staffordshire,"Cedars - Newcastle, Moorlands and Darwin Bases",www.cedarsnewcastle.staffs.sch.uk,Newcastle-under-Lyme,ST5 6BX,West Midlands,yes
124240,860,Staffordshire,Chadsmoor CofE (VC) Junior School,https://chadsmoorfed.staffs.sch.uk/,Cannock,WS11 6DR,West Midlands,yes
124068,860,Staffordshire,Chadsmoor Community Infants and Nursery School,https://chadsmoorfed.staffs.sch.uk/,Cannock,WS11 6EU,West Midlands,yes
124168,860,Staffordshire,Chancel Primary School,https://chancelprimary.co.uk/,Rugeley,WS15 2EW,West Midlands,yes
124207,860,Staffordshire,Chase Terrace Primary School,http://www.chaseterrace-primary.staffs.sch.uk,Burntwood,WS7 1AH,West Midlands,yes
134666,860,Staffordshire,Chase View Community Primary School,www.chaseviewprimary.co.uk,Rugeley,WS15 1NE,West Midlands,yes
124076,860,Staffordshire,Cheadle Primary School,www.cheadle-primary.staffs.sch.uk/,Stoke-on-Trent,ST10 1EN,West Midlands,yes
124034,860,Staffordshire,Christ Church Primary School,www.christchurch-burton.staffs.sch.uk/,Burton-on-Trent,DE14 3TE,West Midlands,yes
124070,860,Staffordshire,Five Ways Primary School,www.fiveways-primary-school.org.uk/,Cannock,WS12 2EZ,West Midlands,yes
124205,860,Staffordshire,Flash Ley Primary School,http://www.flashley.staffs.sch.uk,Stafford,ST17 9DR,West Midlands,yes
124155,860,Staffordshire,Florendine Primary School,http://www.florendine.staffs.sch.uk,Tamworth,B77 3DD,West Midlands,yes
124209,860,Staffordshire,Fulfen Primary School,http://www.fulfen.staffs.sch.uk,Burntwood,WS7 9BJ,West Midlands,yes
124085,860,Staffordshire,Fulford Primary School,www.fulfordprimary.net,Stoke-on-Trent,ST11 9QT,West Midlands,yes
141779,860,Staffordshire,Gnosall St Lawrence Coe Primary Academy,www.st-lawrence.staffs.sch.uk/,Stafford,ST20 0ET,West Midlands,yes
124183,860,Staffordshire,Gorsemoor Primary School,www.gorsemoor.staffs.sch.uk/,Cannock,WS12 3TG,West Midlands,yes
124151,860,Staffordshire,Hayes Meadow Primary School,www.hayesmeadow.org/,Rugeley,WS15 4EU,West Midlands,yes
123962,860,Staffordshire,Hednesford Nursery School,www.hednesford.staffs.sch.uk,Cannock,WS12 1AR,West Midlands,yes
124508,860,Staffordshire,Hednesford Valley High School,www.hvh.staffs.sch.uk,Hednesford,WS12 4JS,West Midlands,yes
124175,860,Staffordshire,Jerome Primary School,http://www.jerome.staffs.sch.uk,Cannock,WS11 9TP,West Midlands,yes
124408,860,Staffordshire,King Edward VI School,http://www.keslichfield.org.uk,Lichfield,WS14 9EE,West Midlands,yes
124104,860,Staffordshire,Longwood Primary School,http://www.longwood.staffs.sch.uk/,Tamworth,B78 3NH,West Midlands,yes
124518,860,Staffordshire,Marshlands School,www.marshlands.staffs.sch.uk,Stafford,ST16 1PS,West Midlands,yes
124061,860,Staffordshire,Moor First School,http://www.moorfirstschool.co.uk,Stoke-on-Trent,ST8 7HR,West Midlands,yes
123967,860,Staffordshire,Oaklands Nursery School,www.oaklands.staffs.sch.uk,Newcastle,ST5 0EX,West Midlands,yes
124375,860,Staffordshire,SS Peter and Paul Catholic Primary School,www.sspeterandpaul.org.uk/,Lichfield,WS13 7NH,West Midlands,yes
124289,860,Staffordshire,Sir John Offley CofE (VC) Primary School,www.sirjohnoffley.co.uk,Crewe,CW3 9PJ,West Midlands,yes
124062,860,Staffordshire,Squirrel Hayes First School,http://www.squirrelhayes.staffs.sch.uk,Stoke-on-Trent,ST8 7DF,West Midlands,yes
124238,860,Staffordshire,St Anne's CofE (VC) Primary School,www.st-annes-brownedge.staffs.sch.uk,Stoke-on-Trent,ST6 8TA,West Midlands,yes
124261,860,Staffordshire,St Bartholomew's CofE (C) School,www.st-bartholomews-longnor.org.uk/,Buxton,SK17 0NZ,West Midlands,yes
124265,860,Staffordshire,St Chad's CofE (C) Primary School,http://www.st-chads-newcastle.staffs.sch.uk,Newcastle,ST5 7AB,West Midlands,yes
124268,860,Staffordshire,St Margaret's CofE (VC) Junior School,http://www.st-margarets.staffs.sch.uk,Newcastle,ST5 0HU,West Midlands,yes
124376,860,Staffordshire,St Thomas More Catholic Primary School,www.stthomasmoreprimarygreatwyrley.co.uk/,Walsall,WS6 6PG,West Midlands,yes
124467,860,Staffordshire,Stafford Manor High School,http://www.staffordmanorhighschool.com/,Stafford,ST17 9DJ,West Midlands,yes
124054,860,Staffordshire,The Croft Primary School,www.croft.staffs.sch.uk,Rugeley,WS15 4AZ,West Midlands,yes
124171,860,Staffordshire,The John Bamford Primary School,http://www.johnbamford.staffs.sch.uk,Rugeley,WS15 2PA,West Midlands,yes
124150,860,Staffordshire,Thomas Russell Junior School,www.thomasrussell-junior.staffs.sch.uk,Burton-on-Trent,DE13 8EU,West Midlands,yes
124279,860,Staffordshire,Tittensor CofE (C) First School,www.tittensor.staffs.sch.uk/,Stoke-on-Trent,ST12 9HP,West Midlands,yes
124072,860,Staffordshire,West Hill Primary School,www.westhill.staffs.sch.uk,Cannock,WS12 4BH,West Midlands,yes
124193,860,Staffordshire,Westfield Primary School,www.westfield.staffs.sch.uk/,Wolverhampton,WV5 8BH,West Midlands,yes
124057,860,Staffordshire,Wood Lane Primary School,www.woodlane.staffs.sch.uk,Stoke-on-Trent,ST7 8PH,West Midlands,yes
