urn,district_code,district_name,school_name,website,town,postcode,region,has_email_collected
131969,865,Wiltshire,Abbeyfield School,http://www.abbeyfield.wilts.sch.uk/,Chippenham,SN15 3XB,South West,no
150254,865,Wiltshire,Alderbury and West Grimstead Church of England Primary School,http://www.alderbury.wilts.sch.uk,Salisbury,SP5 3BD,South West,no
146925,865,Wiltshire,All Cannings Church of England Primary School,www.allcannings.wilts.sch.uk,Devizes,SN10 3PG,South West,no
144704,865,Wiltshire,Aloeric Primary School,www.aloeric.wilts.sch.uk,Melksham,SN12 6HN,South West,no
148173,865,Wiltshire,Amesbury Archer Primary School,www.amesburyarcher.wilts.sch.uk,Amesbury,SP4 7XX,South West,no
149473,865,Wiltshire,Amesbury Church of England Voluntary Controlled Primary School,,Salisbury,SP4 7AX,South West,no
126297,865,Wiltshire,Ashton Keynes Church of England Primary School,http://www.akps.org.uk,Swindon,SN6 6NZ,South West,no
143005,865,Wiltshire,Avon Valley Academy,https://www.avonvalleyacademy.co.uk/,Salisbury,SP4 8HH,South West,no
150910,865,Wiltshire,Bellefield Primary and Nursery School,www.bellefield.wilts.sch.uk,Trowbridge,BA14 8TE,South West,no
146808,865,Wiltshire,Bemerton St John Church of England Primary,www.bemerton.com,Salisbury,SP2 9NW,South West,no
136500,865,Wiltshire,Bishop Wordsworth's Church of England Grammar School,http://www.bishopwordsworths.org.uk/,Salisbury,SP1 2ED,South West,no
146849,865,Wiltshire,Bishops Cannings Church of England Primary School,www.bishopscannings.wilts.sch.uk/,Devizes,SN10 2LD,South West,no
126291,865,Wiltshire,Bitham Brook Primary School,www.bithambrook.co.uk,Westbury,BA13 3UA,South West,no
146343,865,Wiltshire,Bowerhill Primary School,www.bowerhill.wilts.sch.uk,Melksham,SN12 6YH,South West,no
150801,865,Wiltshire,Box Church of England Primary School,www.box.wilts.sch.uk/,Corsham,SN13 8NF,South West,no
142316,865,Wiltshire,Bradon Forest School,http://www.bradonforest.org.uk/,Swindon,SN5 4AT,South West,no
150220,865,Wiltshire,Broad Chalke CofE Primary School,www.broadchalke.dsat.org.uk,Salisbury,SP5 5DS,South West,no
126305,865,Wiltshire,Broad Hinton Church of England Primary School,http://www.broadhintonschool.org,Swindon,SN4 9PQ,South West,no
143007,865,Wiltshire,Bulford St Leonard's C of E (VA) Primary School,www.bulfordstleonards.org.uk,Salisbury,SP4 9HP,South West,no
139381,865,Wiltshire,Burbage Primary School,www.burbage.excalibur.org.uk,Marlborough,SN8 3TP,South West,no
138112,865,Wiltshire,By Brook Valley CofE Primary School,www.bybrookvalleyschool.co.uk/,Chippenham,SN14 7BA,South West,no
140223,865,Wiltshire,Castle Mead School,www.castlemead.wilts.sch.uk/,Trowbridge,BA14 6GD,South West,no
126396,865,Wiltshire,Chapmanslade Church of England Voluntary Aided Primary School,www.chapmanslade.wilts.sch.uk,Westbury,BA13 4AN,South West,no
126313,865,Wiltshire,Cherhill CofE School,www.cherhill.wilts.sch.uk/,Calne,SN11 8XX,South West,no
126397,865,Wiltshire,Chilton Foliat Church of England Primary School,www.chiltonfoliatprimary.org.uk/,Hungerford,RG17 0TF,South West,no
146902,865,Wiltshire,Chirton Church of England Primary School,www.chirtonschool.co.uk/,Devizes,SN10 3QS,South West,no
149672,865,Wiltshire,"Christ The King Catholic School, Amesbury",https://www.christtheking.wilts.sch.uk/,Salisbury,SP4 7LX,South West,no
140454,865,Wiltshire,Christian Malford CofE Primary School,https://www.cmcea.org.uk/,Chippenham,SN15 4BW,South West,no
150829,865,Wiltshire,"Churchfields, the Village School",www.churchfields.wilts.sch.uk,Melksham,SN12 8HY,South West,no
126493,865,Wiltshire,Clarendon Infants' School,www.clarendoninfants.com,Tidworth,SP9 7QD,South West,no
126492,865,Wiltshire,Clarendon Junior School (Clarendon Federation),www.clarendonjuniors.co.uk,Tidworth,SP9 7QD,South West,no
126316,865,Wiltshire,Colerne CofE Primary School,www.colerneschool.com,Chippenham,SN14 8DU,South West,no
126382,865,Wiltshire,Coombe Bissett Church of England Primary School,www.coombebissett.wilts.sch.uk/,Salisbury,SP5 4LU,South West,no
136630,865,Wiltshire,Corsham Primary School,http://www.corshamprimary.co.uk,Corsham,SN13 9YW,South West,no
139980,865,Wiltshire,Dauntsey Academy Primary School,http://www.daps.wilts.sch.uk,Devizes,SN10 4HY,South West,no
126400,865,Wiltshire,Derry Hill Church of England Voluntary Aided Primary School,www.derryhillschool.co.uk,Calne,SN11 9NN,South West,no
138630,865,Wiltshire,Devizes School,https://www.devizesschool.co.uk/,Devizes,SN10 3AG,South West,no
141148,865,Wiltshire,Dilton Marsh CofE Primary School,www.diltonmarsh.wilts.sch.uk,Westbury,BA13 4DY,South West,no
149660,865,Wiltshire,Dinton CofE Primary School,www.dinton.wilts.sch.uk/,Salisbury,SP3 5HW,South West,no
126550,865,Wiltshire,Downland School,www.downland.org.uk,Devizes,SN10 5EF,South West,no
143004,865,Wiltshire,Durrington All Saints Church of England Voluntary Controlled Infants' School,www.durringtoninfantschool.org.uk,Salisbury,SP4 8HJ,South West,no
138629,865,Wiltshire,Easton Royal Academy,https://www.eastonroyal.excalibur.org.uk/,Pewsey,SN9 5LZ,South West,no
141647,865,Wiltshire,Exeter House Special School,www.exeterhouse.uk,Salisbury,SP1 3BL,South West,no
147251,865,Wiltshire,Fitzmaurice Primary School,www.fitzmauriceschool.info,Bradford-on-Avon,BA15 1LE,South West,no
143500,865,Wiltshire,Forest and Sandridge Church of England Primary School,www.Forestsandridge.co.uk,Melksham,SN12 7GN,South West,no
126479,865,Wiltshire,Frogwell Primary School,www.frogwell.co.uk,Chippenham,SN14 0DG,South West,no
145714,865,Wiltshire,Great Bedwyn Church of England School,www.greatbedwynprimaryschool.co.uk/,Marlborough,SN8 3TR,South West,no
145555,865,Wiltshire,Great Wishford CofE (VA) Primary School,www.greatwishfordschool.co.uk,Salisbury,SP2 0PQ,South West,no
148680,865,Wiltshire,Greentrees Primary School,www.greentrees.wilts.sch.uk,Salisbury,SP1 3GZ,South West,no
136296,865,Wiltshire,Hardenhuish School,http://www.hardenhuish.wilts.sch.uk,Chippenham,SN14 6RJ,South West,no
144333,865,Wiltshire,Heytesbury Church of England Primary School,www.heytesbury.wilts.sch.uk,Warminster,BA12 0EA,South West,no
126269,865,Wiltshire,Holbrook Primary School,www.holbrooktrowbridge.co.uk/,Trowbridge,BA14 0PS,South West,no
126329,865,Wiltshire,Holt Voluntary Controlled Primary School,www.holtprimaryschool.co.uk/,Trowbridge,BA14 6RA,South West,no
138109,865,Wiltshire,Holy Trinity Church of England Academy,www.holytrinitycalne.co.uk/,Calne,SN11 0AR,South West,no
144705,865,Wiltshire,Ivy Lane Primary School,www.ivylane.wilts.sch.uk,Chippenham,SN15 1HE,South West,no
143009,865,Wiltshire,Keevil CofE Primary School,http://www.keevil.wilts.sch.uk,Trowbridge,BA14 6LU,South West,no
126446,865,Wiltshire,Kennet Valley Church of England Aided Primary School,www.kennetvalley.wilts.sch.uk/,Marlborough,SN8 4EL,South West,no
146091,865,Wiltshire,King's Gate Primary School,www.kingsgate.wilts.sch.uk,Salisbury,SP4 7GD,South West,no
137230,865,Wiltshire,Kingdown School,http://www.kingdown.wilts.sch.uk/,Warminster,BA12 9DR,South West,no
137650,865,Wiltshire,Kingsbury Green Academy,www.kingsburygreenacademy.com,Calne,SN11 8YH,South West,no
126248,865,Wiltshire,Kiwi Primary School,www.kiwi.wilts.sch.uk,Salisbury,SP4 9JY,South West,no
145545,865,Wiltshire,Larkhill Primary School,www.larkhill.wilts.sch.uk/,Salisbury,SP4 8QB,South West,no
136389,865,Wiltshire,Lavington School,http://www.lavington.wilts.sch.uk,Devizes,SN10 4EB,South West,no
150253,865,Wiltshire,Longford Church of England Primary School,www.longford.wilts.sch.uk,Salisbury,SP5 4DS,South West,no
126262,865,Wiltshire,Longleaze Primary School,www.longleaze.wilts.sch.uk,Swindon,SN4 8BA,South West,no
126489,865,Wiltshire,Ludgershall Castle Primary School,www.ludgershallcastle.wilts.sch.uk/,Andover,SP11 9RB,South West,no
147595,865,Wiltshire,Ludwell Primary School,www.ludwell.wilts.sch.uk,Shaftesbury,SP7 9ND,South West,no
142293,865,Wiltshire,Lydiard Millicent CofE Primary School,http://www.lydiardmillicentceps.org,Swindon,SN5 3LR,South West,no
135177,865,Wiltshire,Lyneham Primary School,www.lynehamprimary.co.uk/,Chippenham,SN15 4QJ,South West,no
139753,865,Wiltshire,Malmesbury Church of England Primary School,http://www.malmesburyprimaryschool.co.uk,Malmesbury,SN16 9JR,South West,no
137308,865,Wiltshire,Malmesbury School,http://www.malmesbury.wilts.sch.uk,Malmesbury,SN16 0DF,South West,no
141988,865,Wiltshire,Marden Vale CofE Academy,http://www.mardenvale.dsat.org.uk/,Calne,SN11 9BD,South West,no
142335,865,Wiltshire,Marlborough St Mary's CE Primary School,www.marlboroughstmarys.wilts.sch.uk,Marlborough,SN8 4BX,South West,no
126510,865,Wiltshire,Matravers School,https://www.matravers.wilts.sch.uk,Westbury,BA13 3QH,South West,no
146344,865,Wiltshire,Melksham Oak Community School,https://www.melkshamoak.wilts.sch.uk/,Melksham,SN12 6QZ,South West,no
126263,865,Wiltshire,Mere School,http://www.mereschool.co.uk,Warminster,BA12 6EW,South West,no
126379,865,Wiltshire,Minety Church of England Primary School,www.minety.wilts.sch.uk/,Malmesbury,SN16 9QL,South West,no
140112,865,Wiltshire,Morgan's Vale and Woodfalls Church of England Primary School,www.mvwacademy.co.uk/,Salisbury,SP5 2HU,South West,no
150800,865,Wiltshire,Neston Primary School,www.nestonprimary.co.uk/,"Neston, Corsham",SN13 9SX,South West,no
140699,865,Wiltshire,Netheravon All Saints CofE Primary School,https://www.netheravonallsaints.org.uk,Salisbury,SP4 9PJ,South West,no
144995,865,Wiltshire,New Close Primary School,www.newclose.wilts.sch.uk,Warminster,BA12 9JJ,South West,no
126293,865,Wiltshire,Newtown Community Primary School,www.newtownschool.co.uk,Trowbridge,BA14 0BB,South West,no
146421,865,Wiltshire,Noremarsh Junior School,http://www.noremarsh.wilts.sch.uk,Swindon,SN4 8BT,South West,no
150907,865,Wiltshire,North Bradley CofE Primary School,http://www.northbradley.wilts.sch.uk,Trowbridge,BA14 0TA,South West,no
132832,865,Wiltshire,Nursteed Community Primary School,www.nursteed.wilts.sch.uk/,Devizes,SN10 3BF,South West,no
141912,865,Wiltshire,Oare Church of England Primary School,https://oare.excalibur.org.uk/,Marlborough,SN8 4JL,South West,no
141913,865,Wiltshire,Ogbourne CofE Primary School,http://www.ogbourne-st-george.wilts.sch.uk,Marlborough,SN8 1SU,South West,no
149207,865,Wiltshire,Old Sarum Primary School,http://www.oldsarum.wilts.sch.uk,Salisbury,SP4 6GH,South West,no
139386,865,Wiltshire,Pembroke Park Primary School,www.pembrokeparkprimary.net,Salisbury,SP2 9LY,South West,no
140742,865,Wiltshire,Pewsey Primary School,http://www.pewsey.wilts.sch.uk,Pewsey,SN9 5EJ,South West,no
151533,865,Wiltshire,Pewsey Vale School,,Pewsey,SN9 5EW,South West,no
148678,865,Wiltshire,Pitton Church of England Primary School,http://www.pitton.wilts.sch.uk,Salisbury,SP5 1DT,South West,no
141272,865,Wiltshire,Queen's Crescent School,www.queenscrescent.wilts.sch.uk,Chippenham,SN14 0QT,South West,no
142321,865,Wiltshire,Ridgeway Farm CofE Academy,www.ridgewayfarmcea.org,Swindon,SN5 4GT,South West,no
139260,865,Wiltshire,River Mead School,www.rivermead.wilts.sch.uk/,Melksham,SN12 7ED,South West,no
147649,865,Wiltshire,Rowde CofE Academy,www.rowde.wilts.sch.uk,Devizes,SN10 2ND,South West,no
136911,865,Wiltshire,Royal Wootton Bassett Academy,http://www.rwba.org.uk/,Swindon,SN4 7HG,South West,no
146933,865,Wiltshire,Rushall Church of England Primary School,http://www.rushall.wilts.sch.uk/,Pewsey,SN9 6EN,South West,no
149746,865,Wiltshire,SAIL (Salisbury Academy for Inspirational Learning),https://www.sail-academy.org/,Salisbury,SP2 7EU,South West,no
137426,865,Wiltshire,Saint Edmund's Roman Catholic Primary School,http://www.st-edmunds-pri.wilts.sch.uk,Calne,SN11 9BX,South West,no
140621,865,Wiltshire,Salisbury Sixth Form College,www.salisbury6c.ac.uk,Salisbury,SP1 2JJ,South West,no
126374,865,Wiltshire,Sambourne Church of England Voluntary Controlled Primary School,www.sambourne.wilts.sch.uk,Warminster,BA12 8LF,South West,no
136183,865,Wiltshire,Sarum Academy,http://www.sarumacademy.org/,Salisbury,SP2 9HS,South West,no
142318,865,Wiltshire,Seagry Church of England Primary School,http://www.seagry.wilts.sch.uk,Chippenham,SN15 5EX,South West,no
141919,865,Wiltshire,Seend Church of England Primary School,www.seendschool.com/,Melksham,SN12 6NJ,South West,no
146345,865,Wiltshire,Shaw CE Primary School,www.shawprimary.com,Melksham,SN12 8EQ,South West,no
136632,865,Wiltshire,Sheldon School,http://www.sheldonschool.co.uk,Chippenham,SN14 6HJ,South West,no
126356,865,Wiltshire,Sherston CofE Primary School,https://www.sherstonprimary.co.uk/,Malmesbury,SN16 0NJ,South West,no
144277,865,Wiltshire,Shrewton CofE Primary Academy,www.shrewton.dsat.org.uk,Salisbury,SP3 4JT,South West,no
148145,865,Wiltshire,Silverwood School,www.silverwood.wilts.sch.uk,Devizes,SN10 2QQ,South West,no
142292,865,Wiltshire,Somerfords' Walter Powell CofE Academy,http://www.walterpowell.wilts.sch.uk,Chippenham,SN15 5HS,South West,no
136391,865,Wiltshire,South Wilts Grammar School,http://www.swgs.wilts.sch.uk/,Salisbury,SP1 3JJ,South West,no
143499,865,Wiltshire,Southbroom Infants' School,www.southbroom-inf.wilts.sch.uk/,Devizes,SN10 5AA,South West,no
140352,865,Wiltshire,Southbroom St James Academy,www.southbroomstjames.dsat.org.uk,Devizes,SN10 3AH,South West,no
150908,865,Wiltshire,Southwick Church of England Primary School,www.southwick.wilts.sch.uk,Trowbridge,BA14 9PH,South West,no
126405,865,Wiltshire,"St Andrew's Church of England Voluntary Aided Primary School, Laverstock",www.st-andrews-laverstock.wilts.sch.uk/,Salisbury,SP1 1QX,South West,no
137375,865,Wiltshire,St Augustine's Catholic College,http://www.st-augustines.wilts.sch.uk,Trowbridge,BA14 9EN,South West,no
150886,865,Wiltshire,"St Barnabas Church of England School, Market Lavington",http://www.st-barnabas.wilts.sch.uk/,Devizes,SN10 4NT,South West,no
141142,865,Wiltshire,St Bartholomew's Primary Academy,www.st-bartholomews.dsat.org.uk,Royal Wootton Bassett,SN4 8AZ,South West,no
126481,865,Wiltshire,"St George's Catholic Primary School, Warminster",http://www.st-georgesrc.wilts.sch.uk,Warminster,BA12 9EZ,South West,no
146346,865,Wiltshire,"St George's Church of England Primary School, Semington",https://stgeorges.wilts.sch.uk,Trowbridge,BA14 6LP,South West,no
126429,865,Wiltshire,"St John's Catholic Primary School, Trowbridge",http://www.st-johns-trowbridge.wilts.sch.uk,Trowbridge,BA14 9EA,South West,no
126388,865,Wiltshire,"St John's Church of England Primary School, Tisbury",http://www.st-johntisbury.wilts.sch.uk,Salisbury,SP3 6HJ,South West,no
144854,865,Wiltshire,St John's CofE School,www.st-johns-warminster.wilts.sch.uk/,Warminster,BA12 9JY,South West,no
138623,865,Wiltshire,St John's Marlborough,https://www.stjohns.excalibur.org.uk/,Marlborough,SN8 4AX,South West,no
137371,865,Wiltshire,"St Joseph's Catholic Primary School, Devizes",http://www.stjosdevizes.wilts.sch.uk/,Devizes,SN10 1DD,South West,no
144454,865,Wiltshire,St Katharine's CofE Primary School,www.stkatharinesprimary.org.uk/,Marlborough,SN8 3BG,South West,no
137057,865,Wiltshire,St Laurence School,http://www.st-laurence.com/,Bradford-on-Avon,BA15 1DZ,South West,no
141645,865,Wiltshire,"St Mark's CofE Junior School, Salisbury",http://www.st-marks.wilts.sch.uk,Salisbury,SP1 3BL,South West,no
150284,865,Wiltshire,St Martin's CofE Primary School,www.stmartins.dsat.org.uk,Salisbury,SP1 2RG,South West,no
146347,865,Wiltshire,St Mary's Broughton Gifford Voluntary Controlled Church of England Primary School,www.broughtongifford.wilts.sch.uk,Melksham,SN12 8PR,South West,no
149640,865,Wiltshire,St Mary's Catholic Primary School,www.st-marys-pri.wilts.sch.uk,Chippenham,SN15 2AH,South West,no
143006,865,Wiltshire,St Michael's Church of England Primary School,www.stmichaelsprimary.org.uk,Salisbury,SP4 8FB,South West,no
150219,865,Wiltshire,St Nicholas Church of England Primary School,www.stnicholas.dsat.org.uk,Salisbury,SP4 0LB,South West,no
151331,865,Wiltshire,"St Nicholas Church of England Primary School, Bromham",http://www.stnicholasbromham.co.uk/,Chippenham,SN15 2EY,South West,no
126425,865,Wiltshire,"St Osmund's Catholic Primary School, Salisbury",www.st-osmunds.wilts.sch.uk/,Salisbury,SP1 2SG,South West,no
126182,865,Wiltshire,St Paul's Primary School,http://www.st-pauls.wilts.sch.uk,Chippenham,SN15 1DU,South West,no
141274,865,Wiltshire,St Peter's CofE Academy,http://www.st-peters.wilts.sch.uk,Chippenham,SN14 0LL,South West,no
149557,865,Wiltshire,St Thomas à Becket Church of England Aided Primary School,http://www.st-thomas-a-becket.wilts.sch.uk/,Salisbury,SP3 4RZ,South West,no
145166,865,Wiltshire,St. Peter's CE Primary Academy,https://www.stpeters.dsat.org.uk/,Salisbury,SP2 9FL,South West,no
126360,865,Wiltshire,Staverton Church of England Voluntary Controlled Primary School,www.staverton.wilts.sch.uk,Trowbridge,BA14 6NZ,South West,no
126361,865,Wiltshire,Stratford-sub-Castle Church of England Voluntary Controlled Primary School,www.stratford-sub-castle.wilts.sch.uk/,Salisbury,SP1 3LL,South West,no
150909,865,Wiltshire,Studley Green Primary School,www.studleygreenprimary.co.uk,Trowbridge,BA14 9JQ,South West,no
147512,865,Wiltshire,Sutton Benger Church of England Primary School,www.suttonbenger.org,Chippenham,SN15 4RP,South West,no
126362,865,Wiltshire,Sutton Veny CofE School,http://www.suttonveny.wilts.sch.uk,Sutton Veny,BA12 7AP,South West,no
141619,865,Wiltshire,The Avenue Primary School and Children's Centre,www.avenue.wilts.sch.uk/,Warminster,BA12 9AA,South West,no
138885,865,Wiltshire,The Clarendon Academy,http://www.clarendonacademy.com/,Trowbridge,BA14 0DJ,South West,no
139023,865,Wiltshire,The Corsham Regis Primary Academy,www.corshamregis.wilts.sch.uk/,Corsham,SN13 0EG,South West,no
136611,865,Wiltshire,The Corsham School,http://www.corsham.wilts.sch.uk,Corsham,SN13 9DF,South West,no
150906,865,Wiltshire,The Grove Primary School,www.grove.wilts.sch.uk,Trowbridge,BA14 0JG,South West,no
137411,865,Wiltshire,The Holy Trinity Church of England Primary Academy,www.holy-trinity.co.uk,Devizes,SN10 5TL,South West,no
138020,865,Wiltshire,The John of Gaunt School,http://johnofgauntschool.org,Trowbridge,BA14 9EH,South West,no
146348,865,Wiltshire,The Manor CofE VC Primary School,www.themanor-school.co.uk,Melksham,SN12 7NG,South West,no
138133,865,Wiltshire,The Mead Community Primary School,www.themead.wilts.sch.uk,Trowbridge,BA14 7GN,South West,no
126368,865,Wiltshire,The Minster CofE Primary School,http://www.minster.wilts.sch.uk,Warminster,BA12 8JA,South West,no
148024,865,Wiltshire,The New Forest Church of England Primary School,http://www.thenewforestschool.wilts.sch.uk,Wilts,SP5 2BY,South West,no
145198,865,Wiltshire,The Springfields Academy,www.springfields.wilts.sch.uk,Calne,SN11 0DS,South West,no
144389,865,Wiltshire,The Trafalgar School at Downton,http://www.trafalgarschool.com,Salisbury,SP5 3HN,South West,no
141987,865,Wiltshire,The Trinity Church of England Primary Academy,,Devizes,SN10 2FH,South West,no
126366,865,Wiltshire,Urchfont Church of England Primary School,www.urchfont.wilts.sch.uk/,Devizes,SN10 4RA,South West,no
139303,865,Wiltshire,Wansdyke School,http://www.wansdyke.wilts.sch.uk,Devizes,SN10 5EF,South West,no
147091,865,Wiltshire,Wellington Eagles Primary Academy,https://www.wellingtoneagles.org.uk,Andover,SP11 9LT,South West,no
140224,865,Wiltshire,Wellington Lions Primary Academy,http://www.wellingtonprimary.org.uk/,Tidworth,SP9 7FP,South West,no
143957,865,Wiltshire,West Ashton Church of England Primary School,https://www.westashton.wilts.sch.uk/website/home/271762,Trowbridge,BA14 6AZ,South West,no
126369,865,Wiltshire,Westbury Church of England Junior School,www.westbury-jun.wilts.sch.uk/,Westbury,BA13 3LY,South West,no
150893,865,Wiltshire,Westbury Leigh CofE Primary School,,Westbury,BA13 3UR,South West,no
149117,865,Wiltshire,Westwood-with-Iford Primary School,www.westwoodwithiford.org,Bradford-on-Avon,BA15 2BY,South West,no
126419,865,Wiltshire,Whiteparish All Saints Church of England Primary School,www.allsaints.wilts.sch.uk/,Salisbury,SP5 2SU,South West,no
140351,865,Wiltshire,Whitesheet Church of England Primary Academy,www.whitesheet.dsat.org.uk,Warminster,BA12 6NL,South West,no
139281,865,Wiltshire,Willowbrook Primary School,www.willowbrookprimary.uk,Trowbridge,BA14 7HE,South West,no
146098,865,Wiltshire,Wilton CofE Primary School,www.wilton.dsat.org.uk,Salisbury,SP2 0ES,South West,no
147245,865,Wiltshire,Winsley CoE VC Primary School,www.winsley.wilts.sch.uk,Bradford-on-Avon,BA15 2JN,South West,no
126372,865,Wiltshire,Winterbourne Earls Church of England Primary School,www.winterbourneearls.org,Salisbury,SP4 6HA,South West,no
148677,865,Wiltshire,Winterslow Church of England Primary School,www.winterslow.wilts.sch.uk/,Salisbury,SP5 1RD,South West,no
146881,865,Wiltshire,Woodborough Church of England Primary School,http://woodboroughschool.org/,Pewsey,SN9 5PL,South West,no
138188,865,Wiltshire,Woodford Valley Church of England Aided School,http://www.woodfordvalley.wilts.sch.uk,Salisbury,SP4 6NR,South West,no
126264,865,Wiltshire,Woodlands Primary School,www.woodlands.wilts.sch.uk/,Salisbury,SP2 9DY,South West,no
134977,865,Wiltshire,Wylye Valley Church of England Voluntary Aided Primary School,www.wylyevalleyschool.co.uk/,Warminster,BA12 0PN,South West,no
141646,865,Wiltshire,Wyndham Park Infants' School,www.wyndhampark.wilts.sch.uk,Salisbury,SP1 3BL,South West,no
144388,865,Wiltshire,Wyvern St Edmund's,www.wyvernsteds.org,Salisbury,SP1 1RE,South West,no
140685,865,Wiltshire,Zouch Academy,www.zouch-academy.twhf.org.uk/,Tidworth,SP9 7JF,South West,no
126394,865,Wiltshire,Baydon St Nicholas Church of England Primary School,www.baydon-school.org.uk,Marlborough,SN8 2JJ,South West,yes
126178,865,Wiltshire,Bratton Primary School,http://www.bratton.wilts.sch.uk,Westbury,BA13 4RL,South West,yes
126390,865,Wiltshire,Brinkworth Earl Danby's Church of England Primary,www.brinkworthearldanbys.wilts.sch.uk/,Chippenham,SN15 5AX,South West,yes
126306,865,Wiltshire,Broad Town Church of England Primary School,www.broadtown.wilts.sch.uk/,Swindon,SN4 7RE,South West,yes
126292,865,Wiltshire,Charter Primary School,www.charter.wilts.sch.uk/,Chippenham,SN15 3EA,South West,yes
126438,865,Wiltshire,Chilmark and Fonthill Bishop Church of England Aided Primary School,www.chilmarkfonthillbishop.wilts.sch.uk/,Salisbury,SP3 5AR,South West,yes
126303,865,Wiltshire,Christ Church Church of England Controlled Primary School,www.christchurch.wilts.sch.uk/,Bradford-on-Avon,BA15 1ST,South West,yes
126320,865,Wiltshire,Collingbourne Church of England Primary School,http://www.collingbourne.wilts.sch.uk/,Marlborough,SN8 3UH,South West,yes
126318,865,Wiltshire,Crockerton CofE Primary School,www.crockerton.wilts.sch.uk/,Warminster,BA12 8AB,South West,yes
126319,865,Wiltshire,Crudwell CofE Primary School,www.crudwellprimary.co.uk,Malmesbury,SN16 9ER,South West,yes
126475,865,Wiltshire,Downton CofE VA Primary School,http://www.downton-pri.wilts.sch.uk,Salisbury,SP5 3LZ,South West,yes
126324,865,Wiltshire,Durrington Church of England Controlled Junior School,www.durrington-jun.wilts.sch.uk/,Salisbury,SP4 8DL,South West,yes
133233,865,Wiltshire,Five Lanes CofE VC Primary School,www.fivelanes.wilts.sch.uk,Devizes,SN10 5SE,South West,yes
132093,865,Wiltshire,Fynamore Primary School,www.fynamore.org.uk/,Calne,SN11 9UG,South West,yes
126195,865,Wiltshire,Gomeldon Primary School,www.gomeldon.wilts.sch.uk/,Salisbury,SP4 6JZ,South West,yes
126351,865,Wiltshire,Harnham Church of England Controlled Junior School,www.harnhamj.co.uk,Salisbury,SP2 8JZ,South West,yes
126206,865,Wiltshire,Harnham Infants' School,http://www.harnhaminfants.org.uk,Salisbury,SP2 8JZ,South West,yes
126327,865,Wiltshire,Heddington Church of England Primary School,http://www.heddington.wilts.sch.uk,Calne,SN11 0PJ,South West,yes
126198,865,Wiltshire,Hilmarton Primary School,www.hilmarton.wilts.sch.uk,Calne,SN11 8SG,South West,yes
126328,865,Wiltshire,Hilperton Church of England Voluntary Controlled Primary School,www.hilperton.wilts.sch.uk,Trowbridge,BA14 7SB,South West,yes
126444,865,Wiltshire,"Hindon Church of England Voluntary Aided Primary School, St Mary's and St John's",http://www.hindonce.wilts.sch.uk/,Salisbury,SP3 6EA,South West,yes
126199,865,Wiltshire,Horningsham Primary School,https://horningsham.eschools.co.uk/web,WARMINSTER,BA12 7LW,South West,yes
126330,865,Wiltshire,Hullavington CofE Primary and Nursery School,www.hullavington.wilts.sch.uk/,Chippenham,SN14 6EF,South West,yes
126287,865,Wiltshire,Kings Lodge Primary School,www.kingslodge.wilts.sch.uk,Chippenham,SN15 3SY,South West,yes
126332,865,Wiltshire,Kington St Michael Church of England Primary School,www.ksmschool.co.uk,Chippenham,SN14 6JG,South West,yes
126333,865,Wiltshire,Lacock Church of England Primary School,www.lacock.wilts.sch.uk,Chippenham,SN15 2LQ,South West,yes
126334,865,Wiltshire,Langley Fitzurse Church of England Primary School,www.langleyfitzurse.wilts.sch.uk/,Chippenham,SN15 5NN,South West,yes
126335,865,Wiltshire,Lea and Garsdon Church of England Primary School,www.leagarsdon.wilts.sch.uk,Malmesbury,SN16 9PG,South West,yes
126200,865,Wiltshire,Luckington Community School,www.luckingtonschool.co.uk/,Chippenham,SN14 6NU,South West,yes
126188,865,Wiltshire,Monkton Park Primary School,http://www.monktonpark.wilts.sch.uk,Chippenham,SN15 3PN,South West,yes
126343,865,Wiltshire,Newton Tony Church of England Voluntary Controlled School,www.newtontony.wilts.sch.uk,Salisbury,SP4 0HF,South West,yes
126345,865,Wiltshire,Oaksey CofE Primary School,http://www.oaksey.wilts.sch.uk,Malmesbury,SN16 9TG,South West,yes
126483,865,Wiltshire,Paxcroft Primary School,www.paxcroft.wilts.sch.uk,Trowbridge,BA14 7EB,South West,yes
126349,865,Wiltshire,Preshute Church of England Primary School,http://www.preshute.wilts.sch.uk,Marlborough,SN8 4HH,South West,yes
126254,865,Wiltshire,Priestley Primary School,www.priestley.wilts.sch.uk/,Calne,SN11 8TG,South West,yes
126259,865,Wiltshire,Princecroft Primary School,www.princecroft.wilts.sch.uk/,Warminster,BA12 8NT,South West,yes
126205,865,Wiltshire,Ramsbury Primary School,www.ramsburyschool.org,Marlborough,SN8 2QH,South West,yes
126260,865,Wiltshire,Redland Primary School,www.redland.wilts.sch.uk/,Chippenham,SN14 0JE,South West,yes
126265,865,Wiltshire,"Salisbury, Manor Fields Primary School",www.manorfieldsprimary.co.uk/,Salisbury,SP2 7EJ,South West,yes
126411,865,Wiltshire,Sarum St Paul's CofE (VA) Primary School,www.sarum-st-pauls.wilts.sch.uk/,Salisbury,SP2 7DG,South West,yes
126439,865,Wiltshire,Semley Church of England Voluntary Aided Primary School,http://www.semley.wilts.sch.uk,Shaftesbury,SP7 9AU,South West,yes
126424,865,Wiltshire,"St Joseph's Catholic Primary School, Malmesbury",www.st-josephs-malmesbury.wilts.sch.uk/,Malmesbury,SN16 9BB,South West,yes
126473,865,Wiltshire,St Joseph's Catholic School,http://www.sjcs.org.uk/,Salisbury,SP1 1QY,South West,yes
126350,865,Wiltshire,"St Mary's Church of England Primary School & Nursery, Purton",www.st-marys-purton.wilts.sch.uk/,Swindon,SN5 4AR,South West,yes
126392,865,Wiltshire,St Michael's CofE Aided Primary,www.stmichaelsaldbourne.co.uk/,Marlborough,SN8 2BP,South West,yes
126431,865,Wiltshire,"St Patrick's Catholic Primary School, Corsham",www.st-patricks.wilts.sch.uk/,Corsham,SN13 9HS,South West,yes
126317,865,Wiltshire,St Sampson's Church of England Primary School,www.st-sampsons.wilts.sch.uk/,Swindon,SN6 6AX,South West,yes
126204,865,Wiltshire,Stanton St Quintin Primary and Nursery School,www.stantonschool.net/,Nr. Chippenham,SN14 6DQ,South West,yes
126458,865,Wiltshire,The Stonehenge School,http://www.stonehenge.wilts.sch.uk,Amesbury,SP4 7PW,South West,yes
135804,865,Wiltshire,The Wellington Academy,http://www.thewellingtonacademy.org.uk/,Ludgershall,SP11 9RR,South West,yes
126289,865,Wiltshire,Walwayne Court School,www.walwaynecourt.wilts.sch.uk/,Trowbridge,BA14 9DU,South West,yes
126430,865,Wiltshire,Wardour Catholic Primary School,http://www.wardour.wilts.sch.uk,Tisbury,SP3 6RF,South West,yes
126233,865,Wiltshire,Westbury Infant School,http://www.westbury-inf.wilts.sch.uk,Westbury,BA13 3NY,South West,yes
126235,865,Wiltshire,Wootton Bassett Infants' School,http://woottonbassett-inf.wilts.sch.uk/,Swindon,SN4 7BS,South West,yes
