urn,district_code,district_name,school_name,website,town,postcode,region,has_email_collected
137377,873,Cambridgeshire,"Abbey College, Ramsey",http://www.abbeycollege.cambs.sch.uk/,Ramsey,PE26 1DG,East of England,no
110809,873,Cambridgeshire,Alconbury CofE Primary School,www.alconburyprimaryschool.org.uk,Huntingdon,PE28 4EQ,East of England,no
136653,873,Cambridgeshire,Alderman Jacobs School,www.aldermanjacobs.cambs.sch.uk/,Peterborough,PE7 1XJ,East of England,no
110644,873,Cambridgeshire,Alderman Payne Primary School,http://www.aldermanpayne.co.uk,Wisbech,PE13 4JA,East of England,no
139537,873,Cambridgeshire,All Saints Interchurch Academy,www.allsaints.cambs.sch.uk,March,PE15 8ND,East of England,no
110664,873,Cambridgeshire,Arbury Primary School,www.arbury.cambs.sch.uk,Cambridge,CB4 2DE,East of England,no
143440,873,Cambridgeshire,Babraham CofE (VC) Primary School,babraham.demat.org.uk,Cambridge,CB22 3AG,East of England,no
145801,873,Cambridgeshire,Bar Hill Community Primary School,http://www.barhillschool.co.uk,Cambridge,CB23 8DY,East of England,no
110781,873,Cambridgeshire,Barrington CofE VC Primary School,www.barrington.cambs.sch.uk,Cambridge,CB22 7RG,East of England,no
137427,873,Cambridgeshire,Bassingbourn Village College,www.bassingbournvc.net,Royston,SG8 5NJ,East of England,no
110643,873,Cambridgeshire,Beaupre Community Primary School,www.beaupreprimary.co.uk/,Wisbech,PE14 8RH,East of England,no
110627,873,Cambridgeshire,Benwick Primary School,http://www.benwick.cambs.sch.uk,March,PE15 0XA,East of England,no
110746,873,Cambridgeshire,Bewick Bridge Community Primary School,http://www.bewickbridge.co.uk,Cambridge,CB1 9ND,East of England,no
145425,873,Cambridgeshire,Bottisham Community Primary School,www.bottisham.cambs.sch.uk/,Cambridge,CB25 9BE,East of England,no
136677,873,Cambridgeshire,Bottisham Village College,http://www.bottishamvc.org/,Cambridge,CB25 9DL,East of England,no
137626,873,Cambridgeshire,Bourn CofE Primary Academy,www.bournschool.co.uk/,Cambridge,CB23 2SP,East of England,no
110827,873,Cambridgeshire,Brington CofE Primary School,www.brington.org/,Huntingdon,PE28 5AE,East of England,no
110596,873,Cambridgeshire,Brunswick Nursery School,www.brunswick.cambs.sch.uk,Cambridge,CB1 2LZ,East of England,no
137639,873,Cambridgeshire,Buckden CofE Primary School,www.buckdenschool.co.uk/,St Neots,PE19 5TT,East of England,no
150756,873,Cambridgeshire,Burrough Green CofE Primary Academy,https://www.burroughgreen.cambs.sch.uk/,Newmarket,CB8 9NH,East of England,no
150374,873,Cambridgeshire,Burrowmoor Primary Academy,burrowmoor.net,March,PE15 9RP,East of England,no
110758,873,Cambridgeshire,Burwell Village College (Primary),https://burwellvillageprimary.co.uk/,Cambridge,CB25 0DU,East of England,no
139844,873,Cambridgeshire,Bury CofE Primary School,http://bury.demat.org.uk,Huntingdon,PE26 2NJ,East of England,no
132031,873,Cambridgeshire,Bushmead Primary School,www.bushmead.cambs.sch.uk/,St Neots,PE19 8BT,East of England,no
110603,873,Cambridgeshire,Caldecote Primary School,www.caldecoteprimaryschool.org.uk/,Cambridge,CB23 7NX,East of England,no
139408,873,Cambridgeshire,Cambourne Village College,http://www.cambournevc.org/,Cambridge,CB23 6FR,East of England,no
140265,873,Cambridgeshire,Cambridge Academy for Science and Technology,https://www.cambridgeast.org.uk/,Cambridge,CB2 0SZ,East of England,no
149596,873,Cambridgeshire,Cambridge Maths School,https://cms.tela.org.uk/,Cambridge,CB1 2AZ,East of England,no
110784,873,Cambridgeshire,Castle Camps Church of England (Controlled) Primary School,http://www.castlecampsschool.co.uk,Cambridge,CB21 4TH,East of England,no
134972,873,Cambridgeshire,"Castle School, Cambridge",www.castleschool.info,Cambridge,CB4 2EE,East of England,no
143871,873,Cambridgeshire,Cavalry Primary School,http://www.cavalry.cambs.sch.uk,March,PE15 9EQ,East of England,no
110801,873,Cambridgeshire,Cherry Hinton Church of England Voluntary Controlled Primary School,http://cherryhinton.cambs.sch.uk,Cambridge,CB1 9HH,East of England,no
136887,873,Cambridgeshire,Chesterton Community College,https://ccc.tela.org.uk/,Cambridge,CB4 3NY,East of England,no
139556,873,Cambridgeshire,Chesterton Primary School,www.chestertonprimary.org,Cambridge,CB4 1RW,East of England,no
110785,873,Cambridgeshire,Cheveley CofE Primary School,http://www.cheveley.cambs.sch.uk,Newmarket,CB8 9DF,East of England,no
110649,873,Cambridgeshire,Clarkson Infants School,https://www.clarksonschool.co.uk,Wisbech,PE13 2ES,East of England,no
110631,873,Cambridgeshire,Coates Primary School,www.coatesprimaryschool.info,Peterborough,PE7 2BP,East of England,no
136650,873,Cambridgeshire,Coleridge Community College,https://www.coleridgecc.org.uk/,Cambridge,CB1 3RJ,East of England,no
136463,873,Cambridgeshire,Comberton Village College,http://www.combertonvc.org,Cambridge,CB23 7DU,East of England,no
110786,873,Cambridgeshire,Coton Church of England (Voluntary Controlled) Primary School,http://www.coton.cambs.sch.uk,Cambridge,CB23 7PW,East of England,no
137434,873,Cambridgeshire,Cottenham Village College,https://www.astreacottenham.org/,Cambridge,CB24 8UA,East of England,no
141297,873,Cambridgeshire,Cromwell Academy,www.cromwellacademy.com,Huntingdon,PE29 6JA,East of England,no
138177,873,Cambridgeshire,Cromwell Community College,http://www.cromwellcc.org.uk,Chatteris,PE16 6UU,East of England,no
136332,873,Cambridgeshire,Crosshall Infant School Academy Trust,www.crosshallinfant.co.uk/,St Neots,PE19 7GG,East of England,no
136339,873,Cambridgeshire,Crosshall Junior School,http://www.crosshalljunior.co.uk,St Neots,PE19 7GG,East of England,no
144054,873,Cambridgeshire,Ditton Lodge Primary School,www.dittonlodgeprimary.co.uk,Newmarket,CB8 8BL,East of England,no
144947,873,Cambridgeshire,Downham Feoffees Primary Academy,www.downhamfeoffees.org,Ely,CB6 2ST,East of England,no
110787,873,Cambridgeshire,Dry Drayton CofE (C) Primary School,www.drydraytonprimaryschool.co.uk,Cambridge,CB23 8DA,East of England,no
110798,873,Cambridgeshire,Duxford Church of England Community Primary School,www.duxford.cambs.sch.uk,Cambridge,CB22 4RA,East of England,no
145401,873,Cambridgeshire,Earith Primary School,www.earith.cambs.sch.uk,Huntingdon,PE28 3QB,East of England,no
110707,873,Cambridgeshire,Eastfield Infant and Nursery School,https://www.eastfieldinfants.org/,St Ives,PE27 5QT,East of England,no
143835,873,Cambridgeshire,Elm CofE Primary School,elm.demat.org.uk,Wisbech,PE14 0AG,East of England,no
142424,873,Cambridgeshire,Elm Road Primary School,www.elmroad.org,Wisbech,PE13 2TB,East of England,no
143404,873,Cambridgeshire,Ely College,www.elycollege.com,Ely,CB6 2SH,East of England,no
110773,873,Cambridgeshire,Ely St John's Community Primary School,www.elystjohns.cambs.sch.uk,Ely,CB6 3BW,East of England,no
141707,873,Cambridgeshire,Ely St Mary's CofE Junior School,elystmarys.demat.org.uk,Ely,CB7 4RB,East of England,no
141949,873,Cambridgeshire,Ermine Street Church Academy,erminestreet.demat.org.uk,Alconbury Weald,PE28 4XG,East of England,no
146369,873,Cambridgeshire,Ernulf Academy,https://www.astreaernulf.org/,St. Neots,PE19 2SH,East of England,no
145302,873,Cambridgeshire,Farcet CofE (C) Primary School,farcet.demat.org.uk,Peterborough,PE7 3AR,East of England,no
110766,873,Cambridgeshire,Fawcett Primary School,www.trumpingtonfederation.co.uk/,Cambridge,CB2 9FS,East of England,no
145423,873,Cambridgeshire,Fen Ditton Primary School,www.fenditton.cambs.sch.uk,Cambridge,CB5 8SZ,East of England,no
110676,873,Cambridgeshire,Fenstanton and Hilton Primary School,www.fenstantonandhiltonschool.com,Huntingdon,PE28 9JR,East of England,no
110812,873,Cambridgeshire,Folksworth CofE Primary School,https://folksworth.eschools.co.uk/website,Peterborough,PE7 3TY,East of England,no
110788,873,Cambridgeshire,Fordham CofE Primary School,www.fordhamprimary.co.uk/,Ely,CB7 5NL,East of England,no
110607,873,Cambridgeshire,Fowlmere Primary School,http://www.fowlmere.cambs.sch.uk,Royston,SG8 7SL,East of England,no
110633,873,Cambridgeshire,Friday Bridge Community Primary School,www.fridaybridge.cambs.sch.uk,Wisbech,PE14 0HW,East of England,no
110759,873,Cambridgeshire,Fulbourn Primary School,http://www.fulbournprimaryschool.co.uk,Cambridge,CB21 5BH,East of England,no
142638,873,Cambridgeshire,Gamlingay Village Primary,www.gamlingayvp.org,Sandy,SG19 3HD,East of England,no
148105,873,Cambridgeshire,Girton Glebe Primary School,http://www.girtonglebe.com,Cambridge,CB3 0PN,East of England,no
143976,873,Cambridgeshire,Glebelands Primary Academy,www.glebelands.cambs.sch.uk/,Chatteris,PE16 6EZ,East of England,no
141690,873,Cambridgeshire,Godmanchester Bridge Academy,godmanchesterbridge.co.uk,Godmanchester,PE29 2NL,East of England,no
138029,873,Cambridgeshire,Godmanchester Community Academy,http://www.godmanchestercommunity.co.uk,Huntingdon,PE29 2AG,East of England,no
145553,873,Cambridgeshire,Gorefield Primary Academy,www.gorefield.cambs.sch.uk,Wisbech,PE13 4NB,East of England,no
140535,873,Cambridgeshire,Great Staughton Primary Academy,www.greatstaughton.cambs.sch.uk/,St Neots,PE19 5BP,East of England,no
150022,873,Cambridgeshire,Great Wilbraham CofE Primary Academy,http://www.greatwilbraham.cambs.sch.uk/,Cambridge,CB21 5JQ,East of England,no
142811,873,Cambridgeshire,Guilden Morden CofE Primary Academy,guildenmorden.demat.org.uk,Nr Royston,SG8 0JZ,East of England,no
144288,873,Cambridgeshire,Guyhirn CofE VC Primary School,http://guyhirn.demat.org.uk,Wisbech,PE13 4ED,East of England,no
110748,873,Cambridgeshire,Hardwick and Cambourne Community Primary School,http://www.hardwickandcambourneprimary.co.uk,Cambridge,CB23 7RE,East of England,no
151048,873,Cambridgeshire,Harston and Newton Primary School,www.harstonnewton.cambs.sch.uk/,Cambridge,CB22 7PX,East of England,no
143870,873,Cambridgeshire,Hartford Infant and Preschool,www.hartfordinfantschool.org,Huntingdon,PE29 1UL,East of England,no
143849,873,Cambridgeshire,Hartford Junior School,www.hartfordjuniorschool.org,Huntingdon,PE29 1UL,East of England,no
110796,873,Cambridgeshire,Haslingfield Endowed Primary School,www.haslingfield.cambs.sch.uk/,Cambridge,CB23 1JW,East of England,no
138993,873,Cambridgeshire,Hatton Park Primary School,www.hattonpark.org,Cambridge,CB24 3DL,East of England,no
110673,873,Cambridgeshire,Hauxton Primary School,www.hauxton.cambs.sch.uk,Cambridge,CB22 5HY,East of England,no
110679,873,Cambridgeshire,Hemingford Grey Primary School,www.hemingfordgrey.cambs.sch.uk,Huntingdon,PE28 9DU,East of England,no
143111,873,Cambridgeshire,Highfield Ely Academy,http://www.highfieldschoolely.co.uk,Ely,CB6 1BD,East of England,no
140882,873,Cambridgeshire,Highfield Littleport Academy,www.highfieldlittleport.org,Ely,CB6 1LJ,East of England,no
137475,873,Cambridgeshire,Hinchingbrooke School,http://www.hinchingbrookeschool.net,Huntingdon,PE29 3BN,East of England,no
110595,873,Cambridgeshire,Histon Early Years Centre,www.histon.cambs.sch.uk,Cambridge,CB24 9LL,East of England,no
139087,873,Cambridgeshire,Histon and Impington Brook Primary School,www.brookprimary.co.uk,Cambridge,CB24 9JA,East of England,no
139086,873,Cambridgeshire,Histon and Impington Park Primary School,www.parkprimary.co.uk,Cambridge,CB24 9AQ,East of England,no
146889,873,Cambridgeshire,Holme CofE Primary School,holme.demat.org.uk,Peterborough,PE7 3PB,East of England,no
110817,873,Cambridgeshire,Holywell CofE Primary School,www.holywellprimary.co.uk,St Ives,PE27 4TF,East of England,no
110594,873,Cambridgeshire,Homerton Early Years Centre,www.homerton.cambs.sch.uk,Cambridge,CB1 7ST,East of England,no
110680,873,Cambridgeshire,Houghton Primary School,www.houghton.cambs.sch.uk,Huntingdon,PE28 2AY,East of England,no
110598,873,Cambridgeshire,Huntingdon Nursery School,www.huntingdon-nur.cambs.sch.uk,Huntingdon,PE29 1AD,East of England,no
135568,873,Cambridgeshire,Huntingdon Primary School,www.huntingdonprimary.cambs.sch.uk/,Huntingdon,PE29 1AD,East of England,no
137826,873,Cambridgeshire,Impington Village College,http://www.impington.cambs.sch.uk/,Cambridge,CB24 9LX,East of England,no
140483,873,Cambridgeshire,Isle of Ely Primary School,www.isleofelyprimary.org,Ely,CB6 2FG,East of England,no
110791,873,Cambridgeshire,Isleham Church of England Primary School,http://isleham.eschools.co.uk,Ely,CB7 5RZ,East of England,no
144537,873,Cambridgeshire,Jeavons Wood Primary School,www.jeavonswood.org,Great Cambourne,CB23 6DZ,East of England,no
139088,873,Cambridgeshire,Kennett Primary School,www.kennettcommunityprimary.org.uk/,Newmarket,CB8 7WL,East of England,no
110771,873,Cambridgeshire,Kettlefields Primary School,http://www.kettlefields.cambs.sch.uk,Newmarket,CB8 9UH,East of England,no
140386,873,Cambridgeshire,Kimbolton Primary Academy,www.kimboltonprimaryacademy.cambs.sch.uk,Huntingdon,PE28 0HY,East of England,no
110762,873,Cambridgeshire,Kinderley Primary School,www.kinderley.education,Wisbech,PE13 5LG,East of England,no
136931,873,Cambridgeshire,King's Hedges Nursery School,www.kingshedgesprimary.org.uk,Cambridge,CB4 2HU,East of England,no
110775,873,Cambridgeshire,Kings Hedges Primary School,www.kingshedgesprimary.org.uk/,Cambridge,CB4 2HU,East of England,no
140888,873,Cambridgeshire,Kingsfield Primary School,www.kingsfieldprimary.org,Chatteris,PE16 6ET,East of England,no
145804,873,Cambridgeshire,Lantern Community Primary School,www.lanternprimary.org,Ely,CB6 2WL,East of England,no
136670,873,Cambridgeshire,Leverington Primary Academy,http://www.leveringtonprimary.co.uk,Wisbech,PE13 5DE,East of England,no
143576,873,Cambridgeshire,Linton Heights Junior School,www.lintonheightsschool.co.uk,Cambridge,CB21 4XB,East of England,no
136442,873,Cambridgeshire,Linton Village College,www.lvc.org,Cambridge,CB21 4JB,East of England,no
110632,873,Cambridgeshire,Lionel Walden Primary School,www.lionelwalden.cambs.sch.uk,March,PE15 0TF,East of England,no
149958,873,Cambridgeshire,Little Thetford CofE Primary School,littlethetford.demat.org.uk,Ely,CB6 3HD,East of England,no
110637,873,Cambridgeshire,Littleport Community Primary School,www.littleport.cambs.sch.uk,Ely,CB6 1JT,East of England,no
151132,873,Cambridgeshire,Long Road Sixth Form College,www.longroad.ac.uk,Cambridge,CB2 8PX,East of England,no
136992,873,Cambridgeshire,Longsands Academy,http://www.astrea-longsands.org,St Neots,PE19 1LQ,East of England,no
110638,873,Cambridgeshire,Manea Community Primary School,https://www.manea.cambs.sch.uk/,Manea,PE15 0HA,East of England,no
149098,873,Cambridgeshire,Marleigh Primary Academy,https://marleighprimary.org/,Cambridge,CB5 8BG,East of England,no
140622,873,Cambridgeshire,Meadow Primary School,https://www.themeadowbalsham.co.uk/,Cambridge,CB21 4DJ,East of England,no
144055,873,Cambridgeshire,Meadowgate Academy,http://www.meadowgate.cambs.sch.uk,Wisbech,PE13 2JH,East of England,no
110614,873,Cambridgeshire,Melbourn Primary School,www.melbournprimaryschool.org.uk/,Royston,SG8 6DB,East of England,no
137527,873,Cambridgeshire,Melbourn Village College,www.melbournvc.org,Royston,SG8 6EF,East of England,no
110615,873,Cambridgeshire,Meldreth Primary School,www.meldreth.cambs.sch.uk/,Nr Royston,SG8 6LA,East of England,no
141212,873,Cambridgeshire,Mepal and Witcham Church of England Primary School,mepalandwitcham.demat.org.uk,Ely,CB6 2AL,East of England,no
110626,873,Cambridgeshire,Meridian Primary School,http://www.meridianprimary.co.uk,Cambridge,CB23 7DD,East of England,no
138595,873,Cambridgeshire,Middlefield Primary Academy,http://www.middlefield.cambs.sch.uk/,St Neots,PE19 2QE,East of England,no
142498,873,Cambridgeshire,Millfield Primary School,www.millfieldprimaryschool.co.uk/,Ely,CB6 1HW,East of England,no
143776,873,Cambridgeshire,Milton Church of England Primary School,https://milton.demat.org.uk/,Cambridge,CB24 6DL,East of England,no
133930,873,Cambridgeshire,Milton Road Primary School,www.miltonroadschool.org.uk,Cambridge,CB4 2BD,East of England,no
131996,873,Cambridgeshire,Monkfield Park Primary School,http://www.monkfieldpark.cambs.sch.uk,Cambridge,CB23 5AX,East of England,no
110657,873,Cambridgeshire,Morley Memorial Primary School,www.morley.cambs.sch.uk,Cambridge,CB1 7TX,East of England,no
145147,873,Cambridgeshire,Murrow Primary Academy,www.murrowprimary.co.uk,Wisbech,PE13 4HD,East of England,no
139272,873,Cambridgeshire,Neale-Wade Academy,www.neale-wade.org,March,PE15 9PX,East of England,no
140538,873,Cambridgeshire,New Road Primary & Nursery School,www.newroadprimary.com,Peterborough,PE7 1SZ,East of England,no
110658,873,Cambridgeshire,Newnham Croft Primary School,www.newnhamcroft.cambs.sch.uk/,Cambridge,CB3 9JF,East of England,no
139401,873,Cambridgeshire,North Cambridge Academy,http://www.northcambridgeacademy.org/,Cambridge,CB4 2JF,East of England,no
148128,873,Cambridgeshire,Northstowe Learning Community,northstowe.education,Cambridge,CB24 1DJ,East of England,no
147110,873,Cambridgeshire,Oakington CofE Primary School,www.oakingtonprimary.co.uk,Cambridge,CB24 3AL,East of England,no
147441,873,Cambridgeshire,Offord Primary School,www.offordprimaryschool.org,St Neots,PE19 5SB,East of England,no
142378,873,Cambridgeshire,Olive AP Academy - Cambridge,apcambridge.oliveacademies.org.uk,Cambridge,CB4 2BD,East of England,no
142793,873,Cambridgeshire,Olive AP Academy - Nene Valley,https://apnenevalley.oliveacademies.org.uk/,Wisbech,PE13 2FP,East of England,no
134979,873,Cambridgeshire,Orchard Park Community Primary School,www.orchardparkprimary.co.uk,Cambridge,CB4 2GR,East of England,no
143836,873,Cambridgeshire,Orchards Church of England Academy,orchards.demat.org.uk,Wisbech,PE13 3NP,East of England,no
140499,873,Cambridgeshire,Park Lane Primary & Nursery School,www.parklaneprimary.com,Peterborough,PE7 1JB,East of England,no
136636,873,Cambridgeshire,Parkside Community College,https://www.parksidecc.org.uk/,Cambridge,CB1 1EH,East of England,no
147434,873,Cambridgeshire,Pathfinder CofE Primary School,pathfinder.demat.org.uk,Cambridge,CB24 3DS,East of England,no
139466,873,Cambridgeshire,Peckover Primary School,www.peckoverprimary.org/,Wisbech,PE13 1PJ,East of England,no
110617,873,Cambridgeshire,Pendragon Community Primary School,https://pendragon.eschools.co.uk/website,Cambridge,CB23 3XQ,East of England,no
110836,873,Cambridgeshire,Petersfield CofE Aided Primary School,www.petersfield.cambs.sch.uk,Royston,SG8 5QG,East of England,no
134765,873,Cambridgeshire,Pilgrim Pathways School,www.pilgrim.cambs.sch.uk,Cambridge,CB21 5EE,East of England,no
150791,873,Cambridgeshire,Prestley Wood Academy,https://www.prestleywood.org.uk/,Alconbury Weald,PE28 4BL,East of England,no
110702,873,Cambridgeshire,Priory Junior School,http://www.priory.cambs.sch.uk,St Neots,PE19 1TF,East of England,no
110687,873,Cambridgeshire,Priory Park Infant School & Pre-School,www.priorypark.org.uk,St Neots,PE19 1DZ,East of England,no
110763,873,Cambridgeshire,Queen Edith Primary School,www.queenedithschool.org.uk,Cambridge,CB1 8QP,East of England,no
136241,873,Cambridgeshire,Queen Emma Primary School,www.queenemmaschool.org.uk/,Cambridge,CB1 8QY,East of England,no
140173,873,Cambridgeshire,Ramnoth Junior School,neneandramnothschool.co.uk,Wisbech,PE13 2JB,East of England,no
143777,873,Cambridgeshire,Ramsey Junior School,https://juniors.ramspin.org/,Huntingdon,PE26 1JA,East of England,no
143775,873,Cambridgeshire,Ramsey Spinning Infant School,https://infants.ramspin.org/,Huntingdon,PE26 1AD,East of England,no
142932,873,Cambridgeshire,Riverside Meadows Academy,www.riversidemeadows.cambs.sch.uk,St Neots,PE19 1EA,East of England,no
110635,873,Cambridgeshire,Robert Arkenstall Primary School,www.robertarkenstall.co.uk/,Ely,CB6 3UA,East of England,no
110951,873,Cambridgeshire,Samuel Pepys School,http://www.samuelpepysschool.co.uk,St Neots,PE19 2EZ,East of England,no
136775,873,Cambridgeshire,Sawston Village College,http://www.sawstonvc.org,Cambridge,CB22 3BP,East of England,no
110714,873,Cambridgeshire,Sawtry Infants' School,sawtry-inf.cambs.sch.uk,Huntingdon,PE28 5SH,East of England,no
143575,873,Cambridgeshire,Sawtry Junior Academy,www.sawtryjunior.org,Huntingdon,PE28 5SH,East of England,no
136974,873,Cambridgeshire,Sawtry Village Academy,www.sawtryva.org,Huntingdon,PE28 5TQ,East of England,no
138053,873,Cambridgeshire,Sir Harry Smith Community College,http://www.sirharrysmith.cambs.sch.uk/,Peterborough,PE7 1XB,East of England,no
136610,873,Cambridgeshire,Soham Village College,http://www.sohamvc.org/,Ely,CB7 5AA,East of England,no
146968,873,Cambridgeshire,Somersham Primary School,,Somersham,PE28 3EU,East of England,no
148983,873,Cambridgeshire,Spaldwick Primary School,http://www.spaldwickschool.org.uk,Huntingdon,PE28 0TH,East of England,no
142557,873,Cambridgeshire,Spring Common Academy,http://www.springcommon.cambs.sch.uk,Huntingdon,PE29 1TQ,East of England,no
110760,873,Cambridgeshire,Spring Meadow Infant School,www.springmeadowschool.cambs.sch.uk/,Ely,CB7 4RB,East of England,no
150571,873,Cambridgeshire,St Alban's Catholic Primary School,http://www.stalbans.cambs.sch.uk/,Cambridge,CB2 1EN,East of England,no
141552,873,Cambridgeshire,St Andrew's CofE Primary School,standrews.demat.org.uk,Ely,CB7 5AA,East of England,no
131238,873,Cambridgeshire,St Anne's CofE Primary School,www.stannesgodmanchester.co.uk,Huntingdon,PE29 2WW,East of England,no
137924,873,Cambridgeshire,St Bede's Inter-Church School,http://www.st-bedes.org.uk,Cambridge,CB1 3TD,East of England,no
137305,873,Cambridgeshire,St Ivo Academy,http://www.astreastivo.org/,St Ives,PE27 6RR,East of England,no
144289,873,Cambridgeshire,St John's CofE Primary School,stjohns.demat.org.uk,Huntingdon,PE29 7LA,East of England,no
147384,873,Cambridgeshire,St Laurence Catholic Primary School,www.stlaurence.cambs.sch.uk/,Cambridge,CB4 2JX,East of England,no
146965,873,Cambridgeshire,St Luke's CofE Primary School,stlukes.demat.org.uk,Cambridge,CB4 3JZ,East of England,no
142034,873,Cambridgeshire,St Mary's Church of England Primary School St Neots,stmarys.demat.org.uk,St Neots,PE19 1NX,East of England,no
110750,873,Cambridgeshire,St Matthew's Primary School,www.stmatthews.cambs.sch.uk/,Cambridge,CB1 2LD,East of England,no
141213,873,Cambridgeshire,St Peter's CofE Aided Junior School,stpeters.demat.org.uk,Wisbech,PE13 2ES,East of England,no
137248,873,Cambridgeshire,St Peter's School,http://www.stpetershuntingdon.org,Huntingdon,PE29 7DD,East of England,no
145424,873,Cambridgeshire,Stapleford Community Primary School,www.staplefordprimary.org,Cambridge,CB22 5BJ,East of England,no
110793,873,Cambridgeshire,Steeple Morden CofE VC Primary School,http://www.steeplemorden.cambs.sch.uk,Royston,SG8 0PD,East of England,no
145719,873,Cambridgeshire,Stilton Church of England Primary Academy,stilton.demat.org.uk,Peterborough,PE7 3RF,East of England,no
110645,873,Cambridgeshire,Stretham Community Primary School,http://www.strethamschool.co.uk/,Ely,CB6 3JN,East of England,no
110772,873,Cambridgeshire,Stukeley Meadows Primary School,http://www.stukeleymeadows.com/,Huntingdon,PE29 6UH,East of England,no
110802,873,Cambridgeshire,Sutton CofE VC Primary School,http://www.sutton.cambs.sch.uk,Ely,CB6 2PU,East of England,no
146469,873,Cambridgeshire,Swaffham Bulbeck Church of England Primary School,theswaffhams.demat.org.uk,Cambridge,CB25 0LX,East of England,no
146357,873,Cambridgeshire,Swaffham Prior Church of England Primary School,theswaffhams.demat.org.uk,Cambridge,CB25 0LG,East of England,no
110620,873,Cambridgeshire,Swavesey Primary School,http://www.swavesey.cambs.sch.uk,Cambridge,CB24 4RN,East of England,no
136580,873,Cambridgeshire,Swavesey Village College,http://www.swaveseyvc.co.uk,Cambridge,CB24 4RS,East of England,no
110834,873,Cambridgeshire,Teversham CofE VA Primary School,http://www.tevershamschool.co.uk/,Cambridge,CB1 9AZ,East of England,no
110685,873,Cambridgeshire,The Ashbeach Primary School,http://www.ashbeachprimary.co.uk,Huntingdon,PE26 2TG,East of England,no
135132,873,Cambridgeshire,The Bellbird Primary School,www.thebellbird.cambs.sch.uk,Cambridge,CB22 3GB,East of England,no
148578,873,Cambridgeshire,The Cavendish School,https://thecavendishschool.org.uk/,Impington,CB24 9LY,East of England,no
137594,873,Cambridgeshire,The Centre School,www.astreacentreschool.org,Cambridge,CB24 8UA,East of England,no
110847,873,Cambridgeshire,The Elton CofE Primary School of the Foundation of Frances and Jane Proby,http://www.elton.cambs.sch.uk,Peterborough,PE8 6RS,East of England,no
110593,873,Cambridgeshire,The Fields Nursery School,,Cambridge,CB5 8ND,East of England,no
146515,873,Cambridgeshire,The Galfrid School,https://www.thegalfridschool.org.uk/,Cambridge,CB5 8ND,East of England,no
110668,873,Cambridgeshire,The Grove Primary School,www.thegroveschool.net,Cambridge,CB4 2NB,East of England,no
148236,873,Cambridgeshire,The Harbour School,www.theharbourschool.co.uk,Ely,CB6 3RR,East of England,no
148454,873,Cambridgeshire,The Icknield Primary School,www.icknield.cambs.sch.uk/,Cambridge,CB22 3EA,East of England,no
147661,873,Cambridgeshire,The Martin Bacon Academy,http://www.martinbacon.academy/,Northstowe,CB24 1DH,East of England,no
140174,873,Cambridgeshire,The Nene Infant & Nursery School,neneandramnothschool.co.uk,Wisbech,PE13 2AP,East of England,no
142035,873,Cambridgeshire,The Netherhall School,www.netherhall.org,Cambridge,CB1 8NN,East of England,no
110717,873,Cambridgeshire,The Newton Community Primary School,https://eltisleynewton.com,St Neots,PE19 6TL,East of England,no
110807,873,Cambridgeshire,The Rackham Church of England Primary School,www.rackham.cambs.sch.uk/,Ely,CB6 2HQ,East of England,no
139634,873,Cambridgeshire,The Round House Primary Academy,www.roundhouseprimary.co.uk/,St Neots,PE19 6AW,East of England,no
139555,873,Cambridgeshire,The Shade Primary School,https://www.theshadeprimary.org.uk/,Ely,CB7 5DE,East of England,no
110765,873,Cambridgeshire,The Spinney Primary School,http://www.spinney.cambs.sch.uk,Cambridge,CB1 9PB,East of England,no
134894,873,Cambridgeshire,The Vine Inter-Church Primary School,www.thevine.cambs.sch.uk/,Cambourne,CB23 6DY,East of England,no
143941,873,Cambridgeshire,The Weatheralls Primary School,www.weatheralls.cambs.sch.uk,Soham,CB7 5BH,East of England,no
150783,873,Cambridgeshire,The Wisbech Academy,www.thewisbechacademy.org,Wisbech,PE13 2RU,East of England,no
137867,873,Cambridgeshire,Thomas Clarkson Academy,http://www.thomasclarksonacademy.org,Wisbech,PE13 2SE,East of England,no
143955,873,Cambridgeshire,Thomas Eaton Primary Academy,www.thomaseatonschool.co.uk,March,PE15 0QS,East of England,no
146310,873,Cambridgeshire,Thongsley Fields Primary and Nursery School,www.thongsleyfields.org,Huntingdon,PE29 1PE,East of England,no
136814,873,Cambridgeshire,Thorndown Primary School,www.thorndownprimaryschool.co.uk/,St Ives,PE27 6SE,East of England,no
145246,873,Cambridgeshire,Thriplow CofE Primary School,thriplow.demat.org.uk,Royston,SG8 7RH,East of England,no
110630,873,Cambridgeshire,Townley Primary School,www.townley.cambs.sch.uk,Wisbech,PE14 9NA,East of England,no
145034,873,Cambridgeshire,Trumpington Community College,https://www.trumpingtoncc.org.uk/,Cambridge,CB2 9FD,East of England,no
136802,873,Cambridgeshire,Trumpington Meadows Primary School,www.trumpingtonfederation.co.uk/,Cambridge,CB2 9AY,East of England,no
144770,873,Cambridgeshire,Trumpington Park Primary School,www.trumpingtonpark.org,Cambridge,CB2 9EG,East of England,no
141500,873,Cambridgeshire,University of Cambridge Primary School,universityprimaryschool.org.uk,Cambridge,CB3 0QZ,East of England,no
146050,873,Cambridgeshire,Upwood Primary Academy,www.upa.education,Huntingdon,PE26 2QA,East of England,no
150263,873,Cambridgeshire,Vista Academy Littleport,vista.tela.org.uk,Ely,CB6 1EW,East of England,no
146929,873,Cambridgeshire,Warboys Primary Academy,www.wpa.education,Huntingdon,PE28 2RX,East of England,no
110621,873,Cambridgeshire,Waterbeach Community Primary School,www.waterbeach.cambs.sch.uk/,Cambridge,CB25 9JU,East of England,no
110698,873,Cambridgeshire,Westfield Junior School,http://www.westfield.cambs.sch.uk,St Ives,PE27 5RG,East of England,no
146407,873,Cambridgeshire,Westwood Primary School,http://www.westwood.cambs.sch.uk,March,PE15 8JT,East of England,no
131197,873,Cambridgeshire,Wheatfields Primary School,www.wheatfields.eschools.co.uk/,St Ives,PE27 3WF,East of England,no
110804,873,Cambridgeshire,Wilburton CofE Primary School,http://www.wilburton.cambs.sch.uk,Ely,CB6 3RJ,East of England,no
110795,873,Cambridgeshire,William Westley Church of England VC Primary School,www.williamwestley.cambs.sch.uk/,Cambridge,CB22 4NE,East of England,no
141211,873,Cambridgeshire,William de Yaxley Church of England Academy,williamdeyaxley.demat.org.uk,Peterborough,PE7 3JL,East of England,no
110622,873,Cambridgeshire,Willingham Primary School,http://www.willingham.cambs.sch.uk/,Cambridge,CB24 5LE,East of England,no
138280,873,Cambridgeshire,Winhills Primary Academy,www.winhills-cambs.co.uk/,St Neots,PE19 2DX,East of England,no
145924,873,Cambridgeshire,Wintringham Primary Academy,www.wintringhamprimary.co.uk,St. Neots,PE19 0AW,East of England,no
142810,873,Cambridgeshire,Wisbech St Mary CofE Academy,wisbechstmary.demat.org.uk,Wisbech,PE13 4RJ,East of England,no
137547,873,Cambridgeshire,Witchford Village College,http://www.witchfordvc.co.uk/,Ely,CB6 2JA,East of England,no
110703,873,Cambridgeshire,Wyton on the Hill Community Primary School,www.wytonprimaryschool.org.uk/,Huntingdon,PE28 2JB,East of England,no
110713,873,Cambridgeshire,Yaxley Infant School,www.yaxley.cambs.sch.uk,Peterborough,PE7 3LU,East of England,no
110850,873,Cambridgeshire,Abbots Ripton CofE Primary School,www.abbotsripton.cambs.sch.uk/website,Huntingdon,PE28 2LT,East of England,yes
110814,873,Cambridgeshire,Barnabas Oley CofE Primary School,http://www.barnabasoley.cambs.sch.uk/,Sandy,SG19 3AE,East of England,yes
110829,873,Cambridgeshire,Barton CofE VA Primary School,www.bartonprimary.org.uk/,Cambridge,CB23 7BD,East of England,yes
110602,873,Cambridgeshire,Bassingbourn Primary School,http://www.bassingbourn.cambs.sch.uk,Royston,SG8 5NP,East of England,yes
135131,873,Cambridgeshire,Brampton Village Primary School,www.brampton.cambs.sch.uk/,Huntingdon,PE28 4RF,East of England,yes
110597,873,Cambridgeshire,Colleges Nursery School,www.colleges.cambs.sch.uk,Cambridge,CB4 2LD,East of England,yes
110665,873,Cambridgeshire,Colville Primary School,www.colvilleschool.co.uk,Cambridge,CB1 9EJ,East of England,yes
110604,873,Cambridgeshire,Cottenham Primary School,www.cottenhamprimary.co.uk/,Cambridge,CB24 8TA,East of England,yes
110830,873,Cambridgeshire,Elsworth CofE VA Primary School,http://www.elsworthprimary.org,,CB23 4JD,East of England,yes
110820,873,Cambridgeshire,Eynesbury CofE C Primary School,http://www.eynesburyschool.co.uk,St Neots,PE19 2TD,East of England,yes
110606,873,Cambridgeshire,Fen Drayton Primary School,www.fendraytonprimary.co.uk/,Cambridge,CB24 4SL,East of England,yes
110754,873,Cambridgeshire,Fourfields Community Primary School,http://www.fourfields.cambs.sch.uk,Peterborough,PE7 3ZT,East of England,yes
110608,873,Cambridgeshire,Foxton Primary School,www.foxtonprimary.co.uk,Cambridge,CB22 6RN,East of England,yes
134937,873,Cambridgeshire,Granta School,www.granta.cambs.sch.uk,Cambridge,CB21 4NN,East of England,yes
110611,873,Cambridgeshire,Great Abington Primary School,http://www.greatabington.school/,Cambridge,CB21 6AE,East of England,yes
110815,873,Cambridgeshire,Great Paxton CofE Primary School,www.greatpaxton.cambs.sch.uk,St Neots,PE19 6YJ,East of England,yes
110831,873,Cambridgeshire,Great and Little Shelford CofE (Aided) Primary School,www.shelfordschool.org.uk/,Cambridge,CB22 5EL,East of England,yes
110832,873,Cambridgeshire,Linton CofE Infant School,www.lintoninfants.com,Cambridge,CB21 4JX,East of England,yes
110733,873,Cambridgeshire,Little Paxton Primary School,www.littlepaxton.cambs.sch.uk,St. Neots,PE19 6NG,East of England,yes
110666,873,Cambridgeshire,Mayfield Primary School,www.mayfieldcambridge.org/,Cambridge,CB4 3HN,East of England,yes
110616,873,Cambridgeshire,Over Primary School,overprimary.org,Cambridge,CB24 5PG,East of England,yes
110837,873,Cambridgeshire,Park Street CofE Primary School,http://www.parkstreet.cambs.sch.uk,Cambridge,CB5 8AR,East of England,yes
133311,873,Cambridgeshire,Ridgefield Primary School,www.ridgefieldprimary.org/,Cambridge,CB1 3RL,East of England,yes
110663,873,Cambridgeshire,Shirley Community Primary School,www.shirley.cambs.sch.uk,Cambridge,CB4 1TF,East of England,yes
110888,873,Cambridgeshire,St Helen's Primary School,www.sthelensprimary.org,Huntingdon,PE28 3NY,East of England,yes
110839,873,Cambridgeshire,St Pauls CofE VA Primary School,http://www.stpauls.cambs.sch.uk,Cambridge,CB2 1HJ,East of England,yes
110840,873,Cambridgeshire,St Philip's CofE Aided Primary School,www.stphilips.cambs.sch.uk/,Cambridge,CB1 3DR,East of England,yes
