urn,district_code,district_name,school_name,website,town,postcode,region,has_email_collected
142835,879,Plymouth,ACE Schools Plymouth,www.aceschools.transformingfutures.org.uk,Plymouth,PL4 0AT,South West,no
136142,879,Plymouth,All Saints Church of England Academy,http://www.asap.org.uk/,Plymouth,PL5 3NE,South West,no
141232,879,Plymouth,Austin Farm Academy,www.austinfarmacademy.com,Plymouth,PL6 5XQ,South West,no
143311,879,Plymouth,Beechwood Primary Academy,www.beechwood-primary.co.uk,Plymouth,PL6 6DX,South West,no
142688,879,Plymouth,Boringdon Primary School,http://www.boringdon.plymouth.sch.uk/,Plymouth,PL7 4HJ,South West,no
113648,879,Plymouth,Brook Green Centre for Learning,http://www.brookgreen.org.uk,Plymouth,PL5 4DZ,South West,no
113645,879,Plymouth,Cann Bridge School,www.cannbridgeschool.co.uk,Plymouth,PL6 8EE,South West,no
143474,879,Plymouth,Chaddlewood Primary School,www.chaddlewood-primary.plymouth.sch.uk,Plymouth,PL7 2EU,South West,no
113276,879,Plymouth,College Road Primary School,www.collegeroadschool.co.uk/,Plymouth,PL2 1NS,South West,no
113416,879,Plymouth,Compton CofE Primary School,www.compton-cofe-primary.org/,Plymouth,PL3 5JB,South West,no
136558,879,Plymouth,Coombe Dean School,http://www.coombedean.co.uk,Plymouth,PL9 8ES,South West,no
144009,879,Plymouth,Courtlands School,www.transformingfutures.org.uk,Plymouth,PL6 5JS,South West,no
136496,879,Plymouth,Devonport High School for Boys,http://www.dhsb.org,Plymouth,PL1 5QP,South West,no
136588,879,Plymouth,Devonport High School for Girls,http://www.dhsg.co.uk,Plymouth,PL2 3DL,South West,no
144385,879,Plymouth,Drake Primary Academy,www.drakeacademy.org,Plymouth,PL2 2EN,South West,no
140104,879,Plymouth,Eggbuckland Community College,http://www.eggbuckland.com,Plymouth,PL6 5YB,South West,no
143312,879,Plymouth,Eggbuckland Vale Primary School,,Plymouth,PL6 5PS,South West,no
138310,879,Plymouth,Elburton Primary School,http://www.elburtonschool.com,Plymouth,PL9 8HJ,South West,no
142545,879,Plymouth,Ernesettle Community School,www.ecs.timat.co.uk,Plymouth,PL5 2RB,South West,no
145652,879,Plymouth,Ford Primary School,www.ford.plymouth.sch.uk,Plymouth,PL2 1PU,South West,no
143067,879,Plymouth,Glen Park Primary School,http://www.glenpark.plymouth.sch.uk,Plymouth,PL7 2DE,South West,no
143826,879,Plymouth,Goosewell Primary Academy,http://www.goosewell.plymouth.sch.uk,Plymouth,PL9 9HD,South West,no
113051,879,Plymouth,Ham Drive Nursery School and Day Care,www.hamdrivenursery.plymouth.sch.uk,Plymouth,PL2 2NJ,South West,no
136557,879,Plymouth,Hele's School,http://www.heles.plymouth.sch.uk,Plymouth,PL7 4LT,South West,no
143827,879,Plymouth,High Street Primary Academy,http://www.highstreet.plymouth.sch.uk,Plymouth,PL1 3SJ,South West,no
149010,879,Plymouth,High View School,www.highviewschool.org.uk,Plymouth,PL3 6JQ,South West,no
140726,879,Plymouth,Holy Cross Catholic Primary School,http://www.holycross.plymouth.sch.uk/,Plymouth,PL4 9BE,South West,no
139299,879,Plymouth,Hooe Primary Academy,www.hooeprimary.co.uk/,Plymouth,PL9 9RG,South West,no
150037,879,Plymouth,Hyde Park Infants' School,,Plymouth,PL3 4RS,South West,no
146710,879,Plymouth,Hyde Park Junior School,http://www.hydeparkjuniorschool.co.uk,Plymouth,PL3 4RH,South West,no
140730,879,Plymouth,Keyham Barton Catholic Primary School,http://www.keyhambarton.plymouth.sch.uk/,Plymouth,PL2 2DE,South West,no
145653,879,Plymouth,Knowle Primary School,http://www.knowle.plymouth.sch.uk/,Plymouth,PL5 3QG,South West,no
113278,879,Plymouth,Laira Green Primary School,www.lairagreen.com,Plymouth,PL3 6BP,South West,no
143308,879,Plymouth,Leigham Primary School,http://www.leigham-primary.plymouth.sch.uk,Plymouth,PL6 8RF,South West,no
136668,879,Plymouth,Lipson Co-operative Academy,http://www.lipsonco-operativeacademy.coop/,Plymouth,PL4 7PG,South West,no
113650,879,Plymouth,Longcause Community Special School,http://www.longcausespecialschool.com/,Plymouth,PL7 1JB,South West,no
143307,879,Plymouth,Manadon Vale Primary School,http://www.manadonvale.plymouth.sch.uk,Plymouth,PL5 3DL,South West,no
147967,879,Plymouth,Marine Academy Plymouth,,Plymouth,PL5 2AF,South West,no
139604,879,Plymouth,Marine Academy Primary,www.marineacademy.org.uk/primary,Plymouth,PL5 2AF,South West,no
143891,879,Plymouth,Marlborough Primary Academy,http://www.marlborough.plymouth.sch.uk,Plymouth,PL1 4NJ,South West,no
150116,879,Plymouth,Mary Dean's CofE Primary School and Nursery,www.marydeansprimaryschool.co.uk,Plymouth,PL5 4LS,South West,no
139710,879,Plymouth,Mayflower Academy,www.mayfloweracademy.org,Plymouth,PL2 2NJ,South West,no
113651,879,Plymouth,Mill Ford School,www.millfordschool.co.uk,Plymouth,PL5 2PY,South West,no
147905,879,Plymouth,Millbay Academy,https://millbayacademy.org/,Plymouth,PL1 3EG,South West,no
142849,879,Plymouth,Montpelier Primary School,www.montpelierprimary.co.uk,Plymouth,PL2 3HN,South West,no
143892,879,Plymouth,Morice Town Primary Academy,www.moricetownprimary.co.uk,Plymouth,PL2 1RJ,South West,no
144933,879,Plymouth,Morley Meadow Primary School,www.morleymeadowprimary.org.uk,Plymouth,PL9 7GN,South West,no
146097,879,Plymouth,Mount Street Primary School,https://www.mountstreet.plymouth.sch.uk/,Plymouth,PL4 8NZ,South West,no
149391,879,Plymouth,Mount Tamar School,,Plymouth,PL5 2EF,South West,no
145656,879,Plymouth,Mount Wise Community Primary School,www.mountwiseprimary.co.uk,Plymouth,PL1 4LA,South West,no
140737,879,Plymouth,Notre Dame RC School,http://www.ndonline.org/,Plymouth,PL6 5HN,South West,no
143305,879,Plymouth,Oakwood Primary Academy,www.oakwood-primary.co.uk,Plymouth,PL6 6QS,South West,no
137876,879,Plymouth,Old Priory Junior Academy,www.oldpriory.com/,Plymouth,PL7 1QN,South West,no
136380,879,Plymouth,Oreston Community Academy,www.orestonacademy.com,Plymouth,PL9 7JY,South West,no
144188,879,Plymouth,Pilgrim Primary Academy,www.pilgrimprimaryschool.co.uk/,Plymouth,PL1 5BQ,South West,no
145655,879,Plymouth,Plaistow Hill Primary and Nursery School,www.plaistowhill.org.uk/,Plymouth,PL5 2DT,South West,no
113052,879,Plymouth,Plym Bridge Nursery School and Day Care,https://plymbridge.plymouth.sch.uk/,Plymouth,PL6 8UN,South West,no
148369,879,Plymouth,Plymouth High School for Girls,http://www.phsg.org/,Plymouth,PL4 6HT,South West,no
136556,879,Plymouth,Plympton Academy,www.plympton.academy,Plymouth,PL7 2RS,South West,no
147277,879,Plymouth,Plympton St Mary's CofE Infant School,www.plymptonstmaryinfants.com,Plymouth,PL7 1QW,South West,no
143473,879,Plymouth,Plympton St Maurice Primary School,www.plympton-st-maurice-primary.org.uk/,Plymouth,PL7 1UB,South West,no
136568,879,Plymouth,Plymstock School,http://www.plymstockschool.org.uk/,Plymouth,PL9 9AZ,South West,no
143893,879,Plymouth,Pomphlett Primary School,http://www.pomphlettprimary.com,Plymouth,PL9 7ES,South West,no
143476,879,Plymouth,Prince Rock Primary School,http://www.princerock.co.uk,Plymouth,PL4 9JF,South West,no
135348,879,Plymouth,Riverside Community Primary School,www.riversideprimary.net,Plymouth,PL5 1DD,South West,no
143615,879,Plymouth,Salisbury Road Primary School,www.salisburyroad.plymouth.sch.uk,Plymouth,PL4 8QZ,South West,no
144760,879,Plymouth,Scott Medical and Healthcare College,https://www.scottcollege.co.uk/,Plymouth,PL3 4BD,South West,no
145658,879,Plymouth,Shakespeare Primary School,http://www.shakespeare.plymouth.sch.uk,Plymouth,PL5 3JU,South West,no
113533,879,Plymouth,Sir John Hunt Community Sports College,www.sjhcsc.co.uk,Plymouth,PL5 4AA,South West,no
140693,879,Plymouth,St Boniface's RC College,http://www.stbonifaces.com/,Plymouth,PL5 3AG,South West,no
149192,879,Plymouth,St Budeaux CofE Primary Academy,www.stbfs.co.uk,Plymouth,PL5 2DW,South West,no
142443,879,Plymouth,St Edward's CofE Primary School,http://www.st-edwards.plymouth.sch.uk,Plymouth,PL6 5ST,South West,no
139954,879,Plymouth,St George's CofE Primary Academy,www.st-georges.plymouth.sch.uk,Plymouth,PL1 3RX,South West,no
140764,879,Plymouth,St Joseph's Catholic Primary School,http://www.st-josephs.plymouth.sch.uk,Plymouth,PL1 4DJ,South West,no
140425,879,Plymouth,St Matthew's Church of England Primary and Nursery Academy,https://www.stmatthews.stcmat.org,Plymouth,PL6 5FN,South West,no
140676,879,Plymouth,St Paul's Roman Catholic Primary School,www.stpaulsplymouth.com,Plymouth,PL5 1NE,South West,no
148403,879,Plymouth,St Peter's CofE Primary School,www.st-peterscofe.plymouth.sch.uk,Plymouth,PL1 1TP,South West,no
140784,879,Plymouth,St Peter's RC Primary School,http://www.st-petersrc.plymouth.sch.uk,Plymouth,PL5 4HD,South West,no
136626,879,Plymouth,Stoke Damerel Community College,http://www.sdcc.net,Plymouth,PL3 4BD,South West,no
144843,879,Plymouth,Stoke Damerel Primary Academy,https://www.stokedamerelacademy.org,Plymouth,PL1 5PA,South West,no
144844,879,Plymouth,Stuart Road Primary Academy,http://www.stuartroadacademy.org,Plymouth,PL1 5LL,South West,no
140785,879,Plymouth,The Cathedral School of St Mary,www.cathedral-school.eschools.co.uk/,Plymouth,PL1 5HW,South West,no
143306,879,Plymouth,Thornbury Primary School,http://www.thornburyprimaryschool.co.uk,Plymouth,PL6 8UL,South West,no
137206,879,Plymouth,Tor Bridge High,http://www.torbridge.net,Plymouth,PL6 8UN,South West,no
147263,879,Plymouth,Tor Bridge Primary School,www.tbp.timat.co.uk,Plymouth,PL6 8EE,South West,no
146560,879,Plymouth,UTC Plymouth,www.utcplymouth.org,Plymouth,PL1 4RL,South West,no
145654,879,Plymouth,Victoria Road Primary,www.vrpsp.co.uk,Plymouth,PL5 1RH,South West,no
143310,879,Plymouth,Weston Mill Community Primary Academy,www.westonmill.plymouth.sch.uk/,Plymouth,PL2 2EL,South West,no
132215,879,Plymouth,Whitleigh Community Primary School,www.whitleigh-pri.plymouth.sch.uk/,Plymouth,PL5 4AA,South West,no
139289,879,Plymouth,Widewell Primary Academy,http://widewellprimary.eschools.co.uk/website,Plymouth,PL6 7ER,South West,no
143309,879,Plymouth,Widey Court Primary School,http://www.wideycourt.plymouth.sch.uk,Plymouth,PL6 5JS,South West,no
143475,879,Plymouth,Woodfield Primary School,www.woodfieldpri.co.uk,Plymouth,PL5 4HW,South West,no
142788,879,Plymouth,Woodford Primary School,http://www.woodfordprimary.co.uk/,Plymouth,PL7 4RR,South West,no
113644,879,Plymouth,Woodlands School,www.woodlands.plymouth.sch.uk,Plymouth,PL6 5ES,South West,no
113298,879,Plymouth,Lipson Vale Primary School,www.lvps.co.uk,Plymouth,PL4 7HW,South West,yes
113297,879,Plymouth,Pennycross Primary School,www.pennycross.school,Plymouth,PL2 3RL,South West,yes
113417,879,Plymouth,St Andrew's Cof E VA Primary School,www.standrewsprimaryschool.co.uk,Plymouth,PL1 3AY,South West,yes
113328,879,Plymouth,Yealmpstone Farm Primary School,http://www.yfps.net,Plymouth,PL7 1XQ,South West,yes
