urn,district_code,district_name,school_name,website,town,postcode,region,has_email_collected
133312,881,Essex,Abacus Primary School,www.abacusprimaryschool.co.uk,Wickford,SS12 9GJ,East of England,no
141380,881,Essex,Abbotsweld Primary Academy,http://www.netacademies.net/abbotsweld/,Harlow,CM18 6TE,East of England,no
147255,881,Essex,Acorn Academy,www.acornacademy.net,Witham,CM8 1NA,East of England,no
139402,881,Essex,Alec Hunter Academy,http://www.alechunter.org/,Braintree,CM7 3NR,East of England,no
115141,881,Essex,"All Saints Church of England Voluntary Aided Primary School, Great Oakley",www.allsaintsgreatoakley.org.uk/,Harwich,CO12 5BA,East of England,no
115103,881,Essex,All Saints Maldon Church of England Voluntary Controlled Primary School,www.allsaintsprimaryschoolmaldon.co.uk,Maldon,CM9 6HY,East of England,no
115203,881,Essex,"All Saints' Church of England Voluntary Aided Primary School, Dovercourt",www.allsaints-harwich.essex.sch.uk/,Harwich,CO12 4HT,East of England,no
114734,881,Essex,Alresford Primary School,www.alresford.essex.sch.uk,Colchester,CO7 8AU,East of England,no
147603,881,Essex,Alton Park Junior School,https://altonparkjunior.org.uk/,Clacton-on-Sea,CO15 1DL,East of England,no
137727,881,Essex,Anglo European School,http://aesessex.co.uk/,Ingatestone,CM4 0DJ,East of England,no
150533,881,Essex,Ardleigh St Mary's Church of England Primary Academy,www.ardleigh.academy,Colchester,CO7 7NS,East of England,no
137378,881,Essex,Ashingdon Primary Academy,www.ashingdonprimaryacademy.org,Rochford,SS4 3LN,East of England,no
114898,881,Essex,Baddow Hall Infant School,http://www.baddowhallinfant.co.uk,Chelmsford,CM2 7QZ,East of England,no
143203,881,Essex,Bardfield Academy,www.bardfieldacademy.org,Basildon,SS16 4NL,East of England,no
143948,881,Essex,Barling Magna Primary Academy,www.barlingmagna.essex.sch.uk,Southend-on-Sea,SS3 0LN,East of England,no
146000,881,Essex,Barnes Farm Primary School,www.bf-primary.com,Chelmsford,CM2 6QH,East of England,no
114767,881,Essex,Baynards Primary School,www.baynards.essex.sch.uk,Colchester,CO5 0ND,East of England,no
115322,881,Essex,Beauchamps High School,http://www.beauchamps.essex.sch.uk/,Wickford,SS11 8LY,East of England,no
147816,881,Essex,Beckers Green Primary School,www.beckersgreen.essex.sch.uk,Braintree,CM7 3PR,East of England,no
138239,881,Essex,Becket Keys Church of England Free School,http://www.becketkeys.org/,Brentwood,CM15 9DA,East of England,no
148008,881,Essex,Beckmead Moundwood Academy,www.beckmeadtrust.org/moundwood,Harlow,CM18 7EZ,East of England,no
114996,881,Essex,Beehive Lane Community Primary School,www.beehivelane.essex.sch.uk/,Chelmsford,CM2 9SR,East of England,no
144866,881,Essex,Belchamp St Paul Church of England Primary School,http://www.belchampstpaulschool.co.uk,Sudbury,CO10 7BP,East of England,no
114978,881,Essex,Bentfield Primary School and Nursery,www.bentfieldprimaryschool.co.uk,Stansted,CM24 8DX,East of England,no
149971,881,Essex,Bentley St Paul's Church of England Primary School,www.bentleystpauls.co.uk/,Brentwood,CM15 9SE,East of England,no
145931,881,Essex,Bmat Stem Academy,http://www.bmatstemacademy.org/,Harlow,CM20 3EZ,East of England,no
148305,881,Essex,Bocking Primary School,www.bockingstreet.essex.sch.uk,Braintree,CM7 5LA,East of England,no
114937,881,Essex,Boreham Primary School,www.boreham.essex.sch.uk,Chelmsford,CM3 3DB,East of England,no
115072,881,Essex,Boxted St Peter's Church of England School,www.boxted.essex.sch.uk,Colchester,CO4 5YN,East of England,no
114735,881,Essex,Bradfield Primary School,www.bradfieldprimary.co.uk,Manningtree,CO11 2UZ,East of England,no
140396,881,Essex,Braiswick Primary School,www.braiswickprimary.org.uk,Colchester,CO4 5QJ,East of England,no
145474,881,Essex,Brentwood County High School,https://brentwood-county-high.osborne.coop/,Brentwood,CM14 4JF,East of England,no
138834,881,Essex,Brentwood Ursuline Convent High School,http://www.brentwoodursuline.co.uk,Brentwood,CM14 4EX,East of England,no
131219,881,Essex,Brinkley Grove Primary School,http://www.brinkleygrove.essex.sch.uk,Colchester,CO4 9GF,East of England,no
138404,881,Essex,Briscoe Primary School & Nursery Academy,www.hearts-briscoe.uk,Basildon,SS13 1PN,East of England,no
114759,881,Essex,Broomgrove Junior School,www.broomgrovejuniorschool.co.uk,Colchester,CO7 9QB,East of England,no
147561,881,Essex,Buckhurst Hill Community Primary School,www.bhcps.efspt.org,Buckhurst Hill,IG9 6DS,East of England,no
137694,881,Essex,Burnt Mill Academy,http://www.burntmillacademy.org/,Harlow,CM20 2NR,East of England,no
139808,881,Essex,Burrsville Infant Academy,www.burrsvilleinfantacademy.org,Clacton-on-Sea,CO15 4HR,East of England,no
136734,881,Essex,Buttsbury Primary School,http://www.buttsbury-jun.essex.sch.uk,Billericay,CM12 0QR,East of England,no
141950,881,Essex,Camulos Academy,www.camulosacademy.co.uk,Colchester,CO4 6AL,East of England,no
149618,881,Essex,Canewdon Church of England Primary School,www.canewdonprimary.com,Rochford,SS4 3QA,East of England,no
138911,881,Essex,Cann Hall Primary School,https://www.cannhall.compassps.uk/,Clacton-on-Sea,CO16 8DA,East of England,no
114980,881,Essex,Canvey Island Infant School and Nursery,www.canveyislandinfantschool.co.uk/,Canvey Island,SS8 0JG,East of England,no
147031,881,Essex,Castle View School,https://www.castleviewschool.co.uk/,Canvey Island,SS8 7FH,East of England,no
141765,881,Essex,Castledon School,http://www.castledon.org,Wickford,SS12 0PW,East of England,no
115457,881,Essex,Cedar Hall School,www.cedarhall.essex.sch.uk,Benfleet,SS7 3UQ,East of England,no
150736,881,Essex,Chapel Hill Primary School & Nursery,www.chapelhillprimary.essex.sch.uk,Basildon,SS16 5NQ,East of England,no
150123,881,Essex,Chappel CofE Controlled Primary School,,Colchester,CO6 2DD,East of England,no
148543,881,Essex,Chatten Free School,https://www.chattenfreeschool.co.uk/,Rivenhall,CM8 3HH,East of England,no
137260,881,Essex,Chelmer Valley High School,http://www.chelmervalleyhighschool.co.uk,Chelmsford,CM1 7ER,East of England,no
136412,881,Essex,Chelmsford County High School for Girls,http://www.cchs.co.uk/,Chelmsford,CM1 1RW,East of England,no
142002,881,Essex,Cherry Tree Academy,https://www.cherrytree.essex.sch.uk/,Colchester,CO2 0BG,East of England,no
143452,881,Essex,Cherry Tree Primary School,www.cherrytree-pri.essex.sch.uk,Basildon,SS16 4AG,East of England,no
141869,881,Essex,Chigwell Primary Academy,www.chigwellprimaryacademy.co.uk,Chigwell,IG7 6ED,East of England,no
145993,881,Essex,Chigwell Row Infant School,http://chigwell.efspt.org,Chigwell,IG7 6EZ,East of England,no
136035,881,Essex,Children's Support Service,www.css-essex.co.uk,Wickford,SS11 7JZ,East of England,no
114827,881,Essex,Chipping Hill Primary School,http://www.chippinghill.essex.sch.uk/,Witham,CM8 1FR,East of England,no
146195,881,Essex,Chipping Ongar Primary School,www.chippingongar.essex.sch.uk/,Ongar,CM5 9LA,East of England,no
142252,881,Essex,Christchurch Church of England Primary School,http://www.latchingdonprimary.co.uk,Chelmsford,CM3 6JS,East of England,no
131209,881,Essex,Church Langley Community Primary School,www.churchlangley.essex.sch.uk,Harlow,CM17 9TH,East of England,no
115170,881,Essex,"Churchgate Church of England Voluntary Aided Primary School, Harlow",http://www.churchgate.essex.sch.uk/,Harlow,CM17 0LB,East of England,no
138084,881,Essex,Clacton County High School,http://www.countyhigh.org.uk/,Clacton-on-Sea,CO15 6DZ,East of England,no
114967,881,Essex,Clavering Primary School,www.clavering.essex.sch.uk/,Saffron Walden,CB11 4PE,East of England,no
136195,881,Essex,Colchester Academy,http://www.colchesteracademy.org.uk/,Colchester,CO4 3JL,East of England,no
137515,881,Essex,Colchester County High School for Girls,http://www.cchsg.com/,Colchester,CO3 3US,East of England,no
149899,881,Essex,Colchester Royal Grammar School,www.crgs.co.uk,Colchester,CO3 3ND,East of England,no
115305,881,Essex,Collingwood Primary School,www.collingwoodschool.net/,CHELMSFORD,CM3 5YJ,East of England,no
146795,881,Essex,Colne Community School,www.colne.essex.sch.uk,Colchester,CO7 0QL,East of England,no
146923,881,Essex,Colne Engaine Church of England Primary School,www.colneengaine.essex.sch.uk/,,CO6 2HA,East of England,no
138122,881,Essex,Columbus School and College,www.columbusschoolandcollege.org,Chelmsford,CM1 4ZB,East of England,no
140024,881,Essex,Cooks Spinney Primary Academy and Nursery,http://www.cooksspinneyacademy.org/,Harlow,CM20 3BW,East of England,no
115095,881,Essex,Coopersale and Theydon Garnon Church of England Voluntary Controlled Primary School,http://www.coopersaletheydongarnon.essex.sch.uk,Epping,CM16 7QX,East of England,no
115074,881,Essex,Copford Church of England Voluntary Controlled Primary School,www.copford.essex.sch.uk/,Colchester,CO6 1BX,East of England,no
145772,881,Essex,Crays Hill Primary School,http://www.crayshill.essex.sch.uk,Billericay,CM11 2UZ,East of England,no
148306,881,Essex,Cressing Primary School,www.cressingprimaryschool.co.uk,Braintree,CM77 8JE,East of England,no
114992,881,Essex,Danbury Park Community Primary School,www.danburypark.essex.sch.uk,Danbury,CM3 4AB,East of England,no
136625,881,Essex,Davenant Foundation School,http://www.davenantschool.co.uk/,Loughton,IG10 2LD,East of England,no
143855,881,Essex,Debden Church of England Voluntary Controlled Primary Academy,www.debdenprimary.co.uk,Saffron Walden,CB11 3LE,East of England,no
136555,881,Essex,Debden Park High School,http://www.debden-tkat.org,Loughton,IG10 2BQ,East of England,no
115076,881,Essex,Dedham Church of England Voluntary Controlled Primary School,http://www.dedham.essex.sch.uk,Colchester,CO7 6BZ,East of England,no
146920,881,Essex,Doddinghurst Church of England Junior School,https://doddinghurst.osborne.coop/,Brentwood,CM15 0NJ,East of England,no
114969,881,Essex,Doddinghurst Infant School,www.doddinghurstinfantschool.co.uk/,Brentwood,CM15 0NJ,East of England,no
115119,881,Essex,Downham Church of England Voluntary Controlled Primary School,www.downhamschool.org,Billericay,CM11 1NU,East of England,no
115299,881,Essex,Dunmow St Mary's Primary School,http://www.dsmprimary.essex.sch.uk,Dunmow,CM6 1EB,East of England,no
115012,881,Essex,Edward Francis Primary School,www.edwardfrancisprimaryschool.org.uk,Rayleigh,SS6 8AJ,East of England,no
146695,881,Essex,Elm Hall Primary School,www.elmhall.essex.sch.uk,Witham,CM8 2SD,East of England,no
149972,881,Essex,Elmstead Primary School,www.elmsteadprimary.com,Colchester,CO7 7YQ,East of England,no
115129,881,Essex,Elsenham Church of England Voluntary Controlled Primary School,www.elsenham.essex.sch.uk,Bishop's Stortford,CM22 6DD,East of England,no
146601,881,Essex,Endeavour Co-Operative Academy,http://www.endeavourca.co.uk,Brentwood,CM15 8BE,East of England,no
115314,881,Essex,Engaines Primary School and Nursery,www.engainesprimaryschool.co.uk/,Clacton-on-Sea,CO16 9PH,East of England,no
145050,881,Essex,Epping St Johns Church of England School,http://www.eppingstjohnsschool.org/,Epping,CM16 5JB,East of England,no
145601,881,Essex,Epping Upland CofE Primary School,www.eppingupland.efspt.org/,Epping,CM16 6QJ,East of England,no
114999,881,Essex,Eversley Primary School,http://www.eversley.essex.sch.uk/,Basildon,SS13 2EF,East of England,no
146944,881,Essex,Fairhouse Community Primary School,www.fairhouseprimaryschool.co.uk,Basildon,SS14 1QP,East of England,no
144663,881,Essex,Fawbert and Barnard's Primary School,www.fandbharlow.uk,Old Harlow,CM17 0DA,East of England,no
145727,881,Essex,Feering Church of England Primary School,http://www.feering.essex.sch.uk,Colchester,CO5 9QB,East of England,no
146142,881,Essex,Felmore Primary School,www.felmore-pri.essex.sch.uk,Basildon,SS13 1QX,East of England,no
114875,881,Essex,Felsted Primary School,http://www.felsted-pri.essex.sch.uk,Dunmow,CM6 3EB,East of England,no
147817,881,Essex,Finchingfield St John the Baptist CofE Primary Academy,www.finchingfield.academy,Braintree,CM7 4LD,East of England,no
148210,881,Essex,Ford End Church of England Primary School,www.fordendschool.com/,Chelmsford,CM3 1LQ,East of England,no
150124,881,Essex,Fordham All Saints CofE Voluntary Controlled Primary School,,Colchester,CO6 3NN,East of England,no
141328,881,Essex,Forest Hall School,https://www.foresthallschool.org/,Stansted Mountfitchet,CM24 8TZ,East of England,no
139398,881,Essex,Freshwaters Primary Academy,http://www.freshwatersacademy.org/,Harlow,CM20 3QA,East of England,no
149966,881,Essex,Frinton-on-Sea Primary School,www.frintononsea.essex.sch.uk,Frinton-on-Sea,CO13 9LQ,East of England,no
114887,881,Essex,Galleywood Infant School,http://www.galleywood.essex.sch.uk/,CHELMSFORD,CM2 8RR,East of England,no
114914,881,Essex,Ghyllgrove Primary School,www.ghyllgroveprimaryschool.co.uk,Basildon,SS14 2BG,East of England,no
145110,881,Essex,Glebe Primary School,www.glebeschool.com,Rayleigh,SS6 9HG,East of England,no
114742,881,Essex,Gosbecks Primary School,http://www.gosbecks.co.uk,Colchester,CO2 9DG,East of England,no
146725,881,Essex,Gosfield Community Primary School,http://www.gosfield-pri.essex.sch.uk,Halstead,CO9 1ST,East of England,no
131579,881,Essex,Grange Primary School,www.grange-primary.co.uk,Wickford,SS12 0LR,East of England,no
136904,881,Essex,Great Baddow High School,http://www.gbhs.co.uk/,Chelmsford,CM2 9RZ,East of England,no
149967,881,Essex,Great Bentley Primary School,http://www.greatbentley.essex.sch.uk,Colchester,CO7 8LD,East of England,no
137226,881,Essex,Great Berry Primary School,http://www.greatberry.co.uk/,Basildon,SS16 6SG,East of England,no
114989,881,Essex,Great Bradfords Infant and Nursery School,www.gbins.co.uk,Braintree,CM7 9LW,East of England,no
114984,881,Essex,Great Bradfords Junior School,http://www.gtbradfordsjuniorschool.org.uk,Braintree,CM7 9LW,East of England,no
137516,881,Essex,Great Chesterford Church of England Primary Academy,http://www.greatchesterfordprimary.co.uk,Saffron Walden,CB10 1NN,East of England,no
140367,881,Essex,Great Clacton Church of England Junior School,www.greatclactoncofejunior.com,Clacton-on-Sea,CO15 4HR,East of England,no
115177,881,Essex,Great Easton Church of England Voluntary Aided Primary School,www.greateastonprimary.co.uk,Dunmow,CM6 2DR,East of England,no
114970,881,Essex,Great Sampford Community Primary School,http://www.greatsampford.essex.sch.uk,Saffron Walden,CB10 2RL,East of England,no
115079,881,Essex,Great Tey Church of England Voluntary Controlled Primary School,www.greatteyprimary.org.uk/,Colchester,CO6 1AZ,East of England,no
143978,881,Essex,Great Wakering Primary Academy,www.greatwakering.essex.sch.uk,Southend-on-Sea,SS3 0EJ,East of England,no
115114,881,Essex,Great Waltham Church of England Voluntary Controlled Primary School,http://greatwaltham.school,Chelmsford,CM3 1DF,East of England,no
138604,881,Essex,Greensted Primary School & Nursery,www.greensted.essex.sch.uk,Basildon,SS14 1RX,East of England,no
135652,881,Essex,Greensward Academy,https://sites.google.com/aetinet.org/greenswardwebsite/home,Hockley,SS5 5HG,East of England,no
141945,881,Essex,Grove House School,http://grovehouseschool.co.uk/,Brentwood,CM15 9DA,East of England,no
141052,881,Essex,Grove Wood Primary School,www.grovewoodprimary.co.uk/,Rayleigh,SS6 8UA,East of England,no
137027,881,Essex,Hadleigh Infant and Nursery School,http://www.hadleigh-inf.essex.sch.uk/,Benfleet,SS7 2HQ,East of England,no
145548,881,Essex,Hadleigh Junior School,https://www.hadleighjuniorschool.co.uk/,Benfleet,SS7 2DQ,East of England,no
138072,881,Essex,Hamford Primary Academy,http://www.hamfordprimaryacademy.org/,Walton on the Naze,CO14 8TE,East of England,no
114706,881,Essex,Hamilton Primary School,http://www.hamiltonprimary.com,Colchester,CO3 3GB,East of England,no
144664,881,Essex,Harlowbury Primary School,www.harlowbury.essex.sch.uk/,Harlow,CM17 0DX,East of England,no
145061,881,Essex,Harwich and Dovercourt High School,www.hdhs.org.uk,Harwich,CO12 3TG,East of England,no
114974,881,Essex,Hatfield Peverel Infant and Nursery School,www.hatfieldpeverel.essex.sch.uk,Chelmsford,CM3 2RP,East of England,no
115102,881,Essex,Hatfield Peverel St Andrew's Junior School,www.hatfieldpeverelstandrews.co.uk,Chelmsford,CM3 2JX,East of England,no
114746,881,Essex,Hazelmere Infant School and Nursery,www.hazelmere-inf.essex.sch.uk/,Colchester,CO4 3JP,East of England,no
115083,881,Essex,"Heathlands Church of England Voluntary Controlled Primary School, West Bergholt",http://www.heathlands.essex.sch.uk,Colchester,CO6 3JF,East of England,no
139153,881,Essex,Hedingham School and Sixth Form,http://www.hedingham.essex.sch.uk,Halstead,CO9 3QH,East of England,no
137975,881,Essex,Helena Romanes School,http://www.helena-romanes.essex.sch.uk/,Great Dunmow,CM6 2AU,East of England,no
114975,881,Essex,Henham and Ugley Primary and Nursery School,http://www.henhamugley.essex.sch.uk,Bishop's Stortford,CM22 6BP,East of England,no
142253,881,Essex,Henry Moore Primary School,http://www.henrymoore.essex.sch.uk,Harlow,CM17 9LW,East of England,no
145990,881,Essex,Hereward Primary School,http://www.herewardprimary.co.uk,Loughton,IG10 2HR,East of England,no
138994,881,Essex,Heybridge Primary School,www.heybridge-TKAT.org,Maldon,CM9 4TU,East of England,no
145600,881,Essex,High Beech CofE Primary School,https://www.highbeechschool.org.uk/,Loughton,IG10 4AP,East of England,no
146139,881,Essex,High Ongar Primary School,http://www.highongar.essex.sch.uk,Ongar,CM5 9NB,East of England,no
114869,881,Essex,Highwood Primary School,www.highwood.essex.sch.uk,Chelmsford,CM1 3QH,East of England,no
139462,881,Essex,Highwoods Community Primary School,www.highwoodsprimary.com,Colchester,CO4 9SN,East of England,no
145992,881,Essex,Hillhouse CofE Primary School,www.hillhouse.essex.sch.uk/,Waltham Abbey,EN9 3EL,East of England,no
144834,881,Essex,Hilltop Infant School,www.hearts-hilltopinf.uk,Wickford,SS11 8LT,East of England,no
145421,881,Essex,Hilltop Junior School,www.hearts-hilltopjun.uk,Wickford,SS11 8LT,East of England,no
146181,881,Essex,Hockley Primary School,www.hockleyprimary.org,Hockley,SS5 4UR,East of England,no
149968,881,Essex,Hogarth Primary School,www.hogarthprimary.co.uk,Brentwood,CM15 8BG,East of England,no
115256,881,Essex,Holland Haven Primary School,www.hollandhavenschool.co.uk,Clacton-on-Sea,CO15 5PP,East of England,no
147602,881,Essex,Holland Park Primary School,www.hollandparkprimary.org.uk,Clacton-on-Sea,CO15 6NG,East of England,no
114879,881,Essex,Holt Farm Infant School,http://www.holtfarm-inf.essex.sch.uk/,Rochford,SS4 1RS,East of England,no
141170,881,Essex,Holt Farm Junior School,www.hfjs.co.uk,Rochford,SS4 1RS,East of England,no
136967,881,Essex,"Holy Cross Catholic Primary School, Harlow",www.holycross-pri.essex.sch.uk/,Harlow,CM18 6JJ,East of England,no
145995,881,Essex,Holy Family Catholic Primary School,www.holyfamily.essex.sch.uk,Benfleet,SS7 5PX,East of England,no
148111,881,Essex,Holy Family Catholic Primary School,www.holyfamilyschoolwitham.co.uk,Witham,CM8 1DX,East of England,no
150062,881,Essex,"Holy Trinity CofE Primary School, Eight Ash Green and Aldham",www.holytrinityeightashgreen.co.uk/,Colchester,CO3 9UE,East of England,no
147713,881,Essex,Home Farm Primary School,www.homefarmprimary.com,Colchester,CO3 4JL,East of England,no
140666,881,Essex,Howbridge Church of England Junior School,www.howbridgejunior.co.uk,Witham,CM8 1BZ,East of England,no
137698,881,Essex,Hutton All Saints' Church of England Primary School,http://www.huttonallsaints.co.uk,Brentwood,CM13 1JW,East of England,no
137072,881,Essex,Hylands School,http://www.hylands-tkat.org/,Chelmsford,CM1 3ET,East of England,no
150748,881,Essex,Ingatestone Infant School,www.ingatestone.essex.sch.uk,Ingatestone,CM4 0DF,East of England,no
150749,881,Essex,Ingatestone and Fryerning Church of England Junior School,www.ingatestonefryerning.essex.sch.uk/,Ingatestone,CM4 0AL,East of England,no
115154,881,Essex,Ingrave Johnstone Church of England Voluntary Aided Primary School,www.ingravejohnstoneprimaryschool.co.uk/,Brentwood,CM13 3NU,East of England,no
145605,881,Essex,Ivy Chimneys Primary School,http://www.ivychimneys.net,Epping,CM16 4EP,East of England,no
144351,881,Essex,Janet Duke Primary School,www.janetdukeprimary.co.uk,Basildon,SS15 5LS,East of England,no
145557,881,Essex,Jerounds Primary Academy,http://www.netacademies.net/jerounds,Harlow,CM19 4PH,East of England,no
150501,881,Essex,John Ray Infant School,www.johnrayinfant.compassps.uk,Braintree,CM7 1HL,East of England,no
143538,881,Essex,John Ray Junior School,https://www.johnray.compassps.uk/,Braintree,CM7 1HL,East of England,no
137247,881,Essex,Jotmans Hall Primary School,http://www.jotmanshall.co.uk,Benfleet,SS7 5RG,East of England,no
138734,881,Essex,"Joyce Frankland Academy, Newport",https://joycefrankland.org/,Saffron Walden,CB11 3TR,East of England,no
141574,881,Essex,Katherine Semar Infant School,www.katherinesemar.co.uk,Saffron Walden,CB11 4DU,East of England,no
141572,881,Essex,Katherine Semar Junior School,www.katherinesemar.co.uk,Saffron Walden,CB11 4DU,East of England,no
144823,881,Essex,Katherines Primary Academy and Nursery,www.katherines.netacademies.net,Harlow,CM19 5NJ,East of England,no
149969,881,Essex,Kelvedon Hatch Community Primary School,http://www.kelvedonhatch.essex.sch.uk/,Brentwood,CM15 0DH,East of England,no
139360,881,Essex,Kelvedon St Mary's Church of England Primary Academy,http://www.kelvedonacademy.com,Colchester,CO5 9DS,East of England,no
137395,881,Essex,Kents Hill Infant Academy,www.khiacademy.co.uk,Benfleet,SS7 5PS,East of England,no
137631,881,Essex,Kents Hill Junior School,www.kentshilljuniorschool.co.uk,Benfleet,SS7 5PS,East of England,no
136642,881,Essex,"King Edward VI Grammar School, Chelmsford",www.kegs.org.uk,Chelmsford,CM1 3SX,East of England,no
136342,881,Essex,King Harold Business & Enterprise Academy,http://www.kha-tkat.org/,Waltham Abbey,EN9 1LF,East of England,no
114717,881,Essex,King's Ford Infant School and Nursery,www.kingsford-inf.essex.sch.uk/,Colchester,CO2 9AZ,East of England,no
142001,881,Essex,Kings Ford Academy,www.kingsfordacademy.co.uk,Colchester,CO2 9AZ,East of England,no
144304,881,Essex,Kings Road Primary School,www.kingsroad-pri.essex.sch.uk,Chelmsford,CM1 2BB,East of England,no
138996,881,Essex,Kingsmoor Academy,www.kingsmooracademy.attrust.org.uk/,Harlow,CM18 7PS,East of England,no
137220,881,Essex,Kingston Primary School,http://www.kingston.essex.sch.uk,Thundersley,SS7 3HG,East of England,no
144897,881,Essex,Kingswode Hoe School,www.kingswodehoe.com,Colchester,CO3 3QJ,East of England,no
139806,881,Essex,Kirby Primary Academy,www.kirbyacademy.org,Frinton-on-Sea,CO13 0LW,East of England,no
145812,881,Essex,Laindon Park Primary School & Nursery,https://laindonparkprimary.co.uk,Basildon,SS15 5SE,East of England,no
147844,881,Essex,Lakelands Primary School,https://www.lakelandsprimary.com/,Colchester,CO3 8AJ,East of England,no
145604,881,Essex,Lambourne Primary School,www.lambourne.efspt.org,Romford,RM4 1AU,East of England,no
151064,881,Essex,Langenhoe Community Primary School,www.langenhoeprimaryschool.com,Colchester,CO5 7PG,East of England,no
141512,881,Essex,Langham Oaks,www.langhamoaks.co.uk,Colchester,CO4 5PA,East of England,no
114730,881,Essex,Langham Primary School,http://www.langham.essex.sch.uk/,Colchester,CO4 5PB,East of England,no
140828,881,Essex,Larchwood Primary School,www.larchwoodprimary.co.uk/,Brentwood,CM15 9NG,East of England,no
143124,881,Essex,Larkrise Primary School,www.larkrise.essex.sch.uk,Chelmsford,CM2 9UB,East of England,no
141381,881,Essex,Latton Green Primary Academy,www.netacademies.net/lattongreen/,Harlow,CM18 7HT,East of England,no
144303,881,Essex,Lawford Mead Primary & Nursery,http://www.lawfordmead.essex.sch.uk/,Chelmsford,CM1 2JH,East of England,no
115080,881,Essex,Layer-de-la-Haye Church of England Voluntary Controlled Primary School,www.layer-de-la-haye.essex.sch.uk/,Colchester,CO2 0DS,East of England,no
137108,881,Essex,Lee Chapel Primary School,www.leechapel.essex.sch.uk,Basildon,SS16 5RU,East of England,no
141326,881,Essex,Leigh Beck Infant School and Nursery Academy,www.leighbeck-inf.essex.sch.uk,Canvey Island,SS8 7TD,East of England,no
144350,881,Essex,Leigh Beck Junior School,https://www.leighbeckjuniorschool.net,Canvey Island,SS8 7TD,East of England,no
114707,881,Essex,Lexden Primary School with Unit for Hearing Impaired Pupils,http://www.lexden.essex.sch.uk,Colchester,CO3 9AS,East of England,no
151484,881,Essex,Lexden Springs School,https://lexdensprings.co.uk/,Colchester,CO3 0PZ,East of England,no
150739,881,Essex,Limebrook Primary School and Nursery,https://limebrookprimary.net/,Maldon,CM9 6NE,East of England,no
145991,881,Essex,Limes Farm Infant School and Nursery,www.limesfarminf.co.uk/,Chigwell,IG7 5LP,East of England,no
114932,881,Essex,Limes Farm Junior School,www.limesfarmjuniorschool.co.uk/,Chigwell,IG7 5LP,East of England,no
150598,881,Essex,Lincewood Primary Academy,www.lincewood.essex.sch.uk,Basildon,SS16 6AZ,East of England,no
115182,881,Essex,Little Hallingbury Church of England Voluntary Aided Primary School,www.lhandsmhboschools.co.uk,Bishop's Stortford,CM22 7RE,East of England,no
140019,881,Essex,Little Parndon Primary Academy,http://www.littleparndonacademy.org/,Harlow,CM20 1PU,East of England,no
114902,881,Essex,Long Ridings Primary School,www.longridings-pri.org.uk/,Brentwood,CM13 1DU,East of England,no
141379,881,Essex,Longwood Primary Academy,www.netacademies.net/longwood,Harlow,CM18 7RQ,East of England,no
143123,881,Essex,Lubbins Park Primary Academy,https://www.lubbinspark.essex.sch.uk/,Canvey Island,SS8 7HF,East of England,no
138028,881,Essex,Lyons Hall School,www.lyonshall.essex.sch.uk,Braintree,CM7 9FH,East of England,no
142771,881,Essex,Magna Carta Primary Academy,http://www.magnacartaacademy.org/,Stansted Mountfitchet,CM24 8JP,East of England,no
143122,881,Essex,Maldon Primary School,https://www.maldon-tkat.org/,Maldon,CM9 5DQ,East of England,no
141511,881,Essex,Maltese Road Primary School,https://www.malteseroadprimary.com/,Chelmsford,CM1 2PA,East of England,no
135653,881,Essex,Maltings Academy,http://www.maltingsacademy.org/,Witham,CM8 1EP,East of England,no
137945,881,Essex,Manningtree High School,http://www.manningtreehigh.com,Manningtree,CO11 2BW,East of England,no
114979,881,Essex,Manuden Primary School,http://www.manudenprimary.co.uk,Bishop's Stortford,CM23 1DE,East of England,no
144349,881,Essex,Maple Grove Primary School,www.maplegroveprimary.net,Basildon,SS13 3AB,East of England,no
146242,881,Essex,Margaretting Church of England Voluntary Controlled Primary School,http://www.margaretting.essex.sch.uk,Ingatestone,CM4 0HA,East of England,no
148423,881,Essex,Mark Hall Academy,www.markhallacademy.org,Harlow,CM17 9LR,East of England,no
143589,881,Essex,Market Field School,www.marketfieldschool.co.uk,Colchester,CO7 7ET,East of England,no
137048,881,Essex,Mayflower High School,www.mayflowerhigh.essex.sch.uk,Billericay,CM12 0RT,East of England,no
142254,881,Essex,Maylandsea Primary School,http://www.maylandsea.essex.sch.uk,Chelmsford,CM3 6AD,East of England,no
140375,881,Essex,Meadgate Primary School,www.meadgateprimary.com/,Chelmsford,CM2 7NS,East of England,no
143205,881,Essex,Merrylands Primary School,www.merrylandsprimaryschool.co.uk/,Basildon,SS15 6QS,East of England,no
139252,881,Essex,Messing Primary School,www.messingprimaryschool.co.uk/,Colchester,CO5 9TH,East of England,no
143591,881,Essex,Mid Essex Co-Operative Academy,www.heybridgeca.co.uk,Maldon,CM9 4NB,East of England,no
146980,881,Essex,Mildmay Primary School,www.mildmayprimary.org,Chelmsford,CM2 8AU,East of England,no
115261,881,Essex,Millfields Primary School,www.millfields.essex.sch.uk,Colchester,CO7 9RD,East of England,no
114912,881,Essex,Millhouse Primary School,www.millhouse.essex.sch.uk/,Basildon,SS15 5QF,East of England,no
144631,881,Essex,Milwards Primary School and Nursery,www.milwards.essex.sch.uk,Harlow,CM19 4QX,East of England,no
140735,881,Essex,Monkwick Infant and Nursery School,www.monkwick-inf.essex.sch.uk,Colchester,CO2 8NN,East of England,no
145020,881,Essex,Monkwick Junior School,https://www.monkwickjunior.co.uk,Colchester,CO2 8NN,East of England,no
141182,881,Essex,Montgomerie Primary School,www.montgomerieprimary.essex.sch.uk/,Benfleet,SS7 4LW,East of England,no
136863,881,Essex,Moulsham High School,http://www.moulshamhigh.org,Chelmsford,CM2 9ES,East of England,no
136855,881,Essex,Moulsham Infant School,www.moulsham-inf.essex.sch.uk/,Chelmsford,CM2 9DG,East of England,no
137971,881,Essex,Moulsham Junior School,www.moulsham-jun.essex.sch.uk/,Chelmsford,CM2 9DG,East of England,no
145773,881,Essex,Mountnessing Church of England Primary School,www.mountnessing.essex.sch.uk,Brentwood,CM15 0UH,East of England,no
114708,881,Essex,Myland Community Primary School,www.myland.essex.sch.uk/,Colchester,CO4 5LD,East of England,no
114972,881,Essex,Nazeing Primary School,www.nazeing.essex.sch.uk/,Waltham Abbey,EN9 2HS,East of England,no
135651,881,Essex,New Rickstones Academy,www.newrickstonesacademy.org,Witham,CM8 2SD,East of England,no
145880,881,Essex,Newhall Primary Academy,www.newhallacademy.org,Harlow,CM17 9SF,East of England,no
138533,881,Essex,Newlands Spring Primary and Nursery School,http://www.newlandsspring.essex.sch.uk,Chelmsford,CM1 4UU,East of England,no
114985,881,Essex,Newport Primary School,www.newport.essex.sch.uk/,Newport,CB11 3PU,East of England,no
144086,881,Essex,Noak Bridge Primary School,http://www.noakbridgeschool.co.uk,Basildon,SS15 4JS,East of England,no
145049,881,Essex,North Crescent Primary School,www.northcrescent.org,Wickford,SS12 9AP,East of England,no
143590,881,Essex,North East Essex Co-operative Academy,www.neeca.co.uk,Colchester,CO2 9BS,East of England,no
114709,881,Essex,North Primary School and Nursery,www.northschool.org.uk/,Colchester,CO1 1RP,East of England,no
143125,881,Essex,Northlands Primary School and Nursery,,Basildon,SS13 3JQ,East of England,no
141571,881,Essex,Northwick Park Primary and Nursery Academy,www.northwickpark.essex.sch.uk,Canvey Island,SS8 9SU,East of England,no
138901,881,Essex,Notley Green Primary School,https://www.notleygreen.compassps.uk/,Braintree,CM77 7ZJ,East of England,no
137013,881,Essex,Notley High School and Braintree Sixth Form,http://www.notleyhigh.com,Braintree,CM7 1WY,East of England,no
145987,881,Essex,Oak View School,www.oakviewschool.org,Loughton,IG10 1TS,East of England,no
146210,881,Essex,Oaklands Infant School,www.oaklands-inf.essex.sch.uk/,Chelmsford,CM2 9PH,East of England,no
114722,881,Essex,Oakwood Infant and Nursery School,www.oakwoodinfantsandnurseryschool.co.uk,Clacton-on-Sea,CO15 2AH,East of England,no
114710,881,Essex,Old Heath Community Primary School,www.oldheath.com/,Colchester,CO2 8DD,East of England,no
146230,881,Essex,Ongar Primary School,www.ongarprimaryschool.co.uk/,Ongar,CM5 0FF,East of England,no
137152,881,Essex,Ormiston Rivers Academy,www.ormistonriversacademy.co.uk,Burnham-on-Crouch,CM0 8QB,East of England,no
138105,881,Essex,Our Lady Immaculate Catholic Primary School,www.ourladyimmaculateprimary.uk,Chelmsford,CM2 0RG,East of England,no
145996,881,Essex,Our Lady of Ransom Catholic Primary School,www.olorcps.net,Rayleigh,SS6 9EH,East of England,no
141355,881,Essex,Parkwood Academy,,Chelmsford,CM1 2DX,East of England,no
115088,881,Essex,Parsons Heath Church of England Voluntary Controlled Primary School,www.parsonsheathprimary.org.uk/,Colchester,CO4 3EZ,East of England,no
137445,881,Essex,Passmores Academy,http://www.passmoresacademy.com,Harlow,CM18 6JH,East of England,no
147080,881,Essex,Paxman Academy,www.paxmanacademy.school,Colchester,CO2 9DB,East of England,no
141304,881,Essex,Pear Tree Mead Academy,www.peartreemead.essex.sch.uk,Harlow,CM18 7BY,East of England,no
140380,881,Essex,Pemberley Academy,www.pemberleyacademy.co.uk,Harlow,CM20 1NW,East of England,no
145988,881,Essex,Perryfields Infant School,http://www.perryfieldsinfantschool.org.uk,Chelmsford,CM1 7PP,East of England,no
143784,881,Essex,Perryfields Junior School,www.perryfields-jun.essex.sch.uk/,Chelmsford,CM1 7PP,East of England,no
146794,881,Essex,Philip Morant School and College,pmsc.school,Colchester,CO3 4QS,East of England,no
137381,881,Essex,Plumberow Primary Academy,www.plumberowprimaryacademy.org,Hockley,SS5 5BX,East of England,no
137790,881,Essex,Plume School,http://www.plume.essex.sch.uk/,Maldon,CM9 6AB,East of England,no
139802,881,Essex,Potter Street Academy,www.potterstreetacademy.com,Harlow,CM17 9EU,East of England,no
114744,881,Essex,Prettygate Infant School,www.prettygateschools.co.uk,Colchester,CO3 4PH,East of England,no
114743,881,Essex,Prettygate Junior School,http://www.prettygateschools.co.uk,Colchester,CO3 4PH,East of England,no
115000,881,Essex,"Priory Primary School, Bicknacre",http://www.priory.essex.sch.uk,Chelmsford,CM3 4ES,East of England,no
139950,881,Essex,Purford Green Primary School,www.purfordgreenschool.com,Harlow,CM18 6HP,East of England,no
140744,881,Essex,Purleigh Community Primary School,www.purleighprimary.com/,Chelmsford,CM3 6PJ,East of England,no
135585,881,Essex,Queen Boudica Primary School,www.qbps.essex.sch.uk,Colchester,CO4 5XT,East of England,no
114884,881,Essex,Quilters Infant School,www.quilters-inf.essex.sch.uk/,Billericay,CM12 9LD,East of England,no
136325,881,Essex,R A Butler Infant School,www.rab.academy,Saffron Walden,CB11 3DG,East of England,no
136328,881,Essex,R A Butler Junior School,www.rab.academy,Saffron Walden,CB11 3DG,East of England,no
142612,881,Essex,Ramsden Hall Academy,www.ramsdenhall.org.uk,Billericay,CM11 1HN,East of England,no
139641,881,Essex,Ravens Academy,www.ravensacademy.attrust.org.uk/,Clacton-on-Sea,CO16 8TZ,East of England,no
139543,881,Essex,Rayleigh Primary School,www.rayleighprimary.org.uk,Rayleigh,SS6 7DD,East of England,no
145407,881,Essex,Rayne Primary and Nursery School,www.rayneprimary.co.uk,Braintree,CM77 6BZ,East of England,no
114856,881,Essex,Rettendon Primary School,www.rettendon.essex.sch.uk/,Chelmsford,CM3 8DW,East of England,no
143204,881,Essex,Richard de Clare Community Academy,www.richarddeclare.com,Halstead,CO9 2JT,East of England,no
144645,881,Essex,Ridgewell Church of England Primary School,www.ridgewell.essex.sch.uk,Halstead,CO9 4SA,East of England,no
146106,881,Essex,Rivenhall Church of England Primary School,www.rivenhallprimary.co.uk/,Witham,CM8 3PQ,East of England,no
140747,881,Essex,Rochford Primary and Nursery School,www.rochford.essex.sch.uk,Rochford,SS4 1NJ,East of England,no
145597,881,Essex,Roding Valley High School,www.rodingvalley.net,Loughton,IG10 3JA,East of England,no
140506,881,Essex,Rolph Church of England Primary School and Nursery,www.rolphcofeprimary.co.uk,Clacton-on-Sea,CO16 0DY,East of England,no
141681,881,Essex,Roseacres Primary School,http://www.roseacres.co.uk,Bishop's Stortford,CM22 6QY,East of England,no
147444,881,Essex,Roxwell Church of England Primary School,https://roxwellschool.co.uk,Chelmsford,CM1 4PE,East of England,no
139399,881,Essex,Roydon Primary Academy,http://www.roydonacademy.org/,Harlow,CM19 5HN,East of England,no
137054,881,Essex,Runwell Community Primary School,http://www.runwellprimary.co.uk/,Wickford,SS11 7BJ,East of England,no
143127,881,Essex,Ryedene Primary and Nursery School,www.ryedene.essex.sch.uk,Basildon,SS16 4SY,East of England,no
136776,881,Essex,Saffron Walden County High School,http://www.swchs.net/,Saffron Walden,CB11 4UH,East of England,no
142935,881,Essex,Shalford Primary School,https://www.shalford.compassps.uk/,Braintree,CM7 5EZ,East of England,no
115099,881,Essex,Sheering Church of England Voluntary Controlled Primary School,www.sheering.essex.sch.uk,Bishop's Stortford,CM22 7LU,East of England,no
137877,881,Essex,Shenfield High School,http://www.shenfield.essex.sch.uk,Brentwood,CM15 8RY,East of England,no
139763,881,Essex,Shenfield St. Mary's Church of England Primary School,http://www.shenfieldstmarys.co.uk,Brentwood,CM15 9AL,East of England,no
144955,881,Essex,Silver End Academy,https://www.silverendschool.co.uk/,Witham,CM8 3RZ,East of England,no
143697,881,Essex,Sir Frederick Gibberd College,http://www.sirfrederickgibberdcollege.org/,Harlow,CM18 6RN,East of England,no
143121,881,Essex,Sir Martin Frobisher Academy,https://smfa.org.uk,Clacton-on-Sea,CO15 2QH,East of England,no
137029,881,Essex,South Benfleet Primary School,www.southbenfleet.essex.sch.uk,Benfleet,SS7 5HA,East of England,no
115039,881,Essex,South Green Infant School,www.southgreen-inf.essex.sch.uk,Billericay,CM11 2TG,East of England,no
114946,881,Essex,South Green Junior School,www.southgreenschool.org.uk/,Billericay,CM12 9RJ,East of England,no
144956,881,Essex,Southview School,https://www.southview.essex.sch.uk/,Witham,CM8 2TA,East of England,no
114834,881,Essex,Spring Meadow Primary School & School House Nursery,www.springmeadow.essex.sch.uk,Harwich,CO12 4LB,East of England,no
137056,881,Essex,St Alban's Catholic Academy,http://www.st-albans.essex.sch.uk,Harlow,CM20 2NP,East of England,no
115067,881,Essex,St Andrew's Bulmer Church of England Voluntary Controlled Primary School,standrews.chorusschools.uk,Sudbury,CO10 7EH,East of England,no
149970,881,Essex,"St Andrew's Church of England Primary Academy, Marks Tey",https://www.st-andrews.academy/,Colchester,CO6 1HL,East of England,no
146898,881,Essex,"St Andrew's Church of England Primary School, Great Yeldham",http://www.greatyeldhamschool.co.uk,Halstead,CO9 4PT,East of England,no
145523,881,Essex,"St Andrew's Church of England Primary School, Halstead",http://www.st-andrews-halstead.co.uk,Halstead,CO9 2BH,East of England,no
150248,881,Essex,St Anne Line Catholic Infant School,www.stannelineinfant.co.uk,Basildon,SS15 5AF,East of England,no
115156,881,Essex,St Anne Line Catholic Junior School,http://www.st-anneline-jun.essex.sch.uk/,Basildon,SS15 5AF,East of England,no
140844,881,Essex,St Cedd's Church of England Primary School,www.st-ceddsprimary.co.uk,Southminster,CM0 7PY,East of England,no
139583,881,Essex,St Clare's Catholic Primary School,www.st-clares.essex.sch.uk/,Clacton-on-Sea,CO16 8AG,East of England,no
115198,881,Essex,"St Francis Catholic Primary School, Maldon",www.christthekingfederation.uk,Maldon,CM9 6HN,East of England,no
115085,881,Essex,"St George's Church of England Primary School, Great Bromley",www.st-georges-pri.essex.sch.uk,Colchester,CO7 7HX,East of England,no
115068,881,Essex,St Giles' Church of England Primary School,https://stgiles.chorusschools.uk/,Halstead,CO9 2RG,East of England,no
136977,881,Essex,St Helen's Catholic Junior School,www.st-helens-jun.essex.sch.uk,Brentwood,CM15 9BY,East of England,no
137944,881,Essex,St Helena School,www.st-helena.essex.sch.uk,Colchester,CO3 3LE,East of England,no
141657,881,Essex,St James Church of England Primary School,www.stjamescofeprimaryschool.co.uk,Harlow,CM18 7RH,East of England,no
143516,881,Essex,St James' Church of England Primary School,www.st-james-colchester-essex.co.uk,Colchester,CO1 2RA,East of England,no
115112,881,Essex,St John Church of England Voluntary Controlled Primary School Danbury,www.st-johns-danbury.essex.sch.uk/,Chelmsford,CM3 4NS,East of England,no
149372,881,Essex,St John Fisher Catholic Primary School,www.st-johnfisher.essex.sch.uk/,Loughton,IG10 2DY,East of England,no
145599,881,Essex,"St John's Church of England Voluntary Controlled Primary School, Buckhurst Hill",www.st-johns-school.com/,Buckhurst Hill,IG9 5RX,East of England,no
114711,881,Essex,St John's Green Primary School,www.st-johns-green.eschools.co.uk/,Colchester,CO2 7HE,East of England,no
115183,881,Essex,St Joseph the Worker Catholic Primary School,www.st-josephworker.essex.sch.uk/,Hutton,CM13 1BJ,East of England,no
145994,881,Essex,St Joseph's Catholic Primary School,www.stjosephscanvey.net,Canvey Island,SS8 9DP,East of England,no
148110,881,Essex,St Joseph's Catholic Primary School,http://www.st-josephs-dovercourt.essex.sch.uk,,CO12 3SU,East of England,no
115201,881,Essex,"St Joseph's Catholic Primary School, SWF",www.christthekingfederation.uk,Chelmsford,CM3 5JX,East of England,no
115077,881,Essex,"St Lawrence Church of England Primary School, Rowhedge",http://www.st-lawrence-pri.essex.sch.uk/,Colchester,CO5 7HR,East of England,no
140180,881,Essex,St Leonard's Church of England Primary School,www.southminsterschool.co.uk,Southminster,CM0 7ES,East of England,no
139577,881,Essex,St Luke's Catholic Academy,www.st-lukesrc.essex.sch.uk,Harlow,CM19 4LU,East of England,no
115082,881,Essex,St Luke's Church of England Controlled Primary School,http://www.stlukesschool.co.uk,Colchester,CO5 0SU,East of England,no
149066,881,Essex,St Luke's Park Primary School,https://www.stlukesparkprimary.com,Wickford,SS11 7LH,East of England,no
143453,881,Essex,"St Margaret's Church of England Academy, Bowers Gifford",https://www.st-margaretsacademy.co.uk/,Basildon,SS13 2DU,East of England,no
115071,881,Essex,St Margaret's Church of England Voluntary Controlled Primary School Toppesfield,www.st-margaretscofe.essex.sch.uk,Halstead,CO9 4DS,East of England,no
137058,881,Essex,St Mark's West Essex Catholic School,http://www.st-marks.essex.sch.uk/,Harlow,CM18 6AA,East of England,no
136875,881,Essex,St Martin's School Brentwood,http://www.st-martins.essex.sch.uk/,Brentwood,CM13 2HG,East of England,no
147878,881,Essex,St Mary's Church of England Primary School,www.stmaryssw.co.uk,Chelmsford,CM3 8RJ,East of England,no
115155,881,Essex,St Mary's Church of England Voluntary Aided Primary School,www.stmaryssw.org.uk/,Saffron Walden,CB10 1BQ,East of England,no
115178,881,Essex,"St Mary's Church of England Voluntary Aided Primary School, Hatfield Broad Oak",www.lhandsmhboschools.co.uk,Bishop's Stortford,CM22 7HH,East of England,no
115269,881,Essex,St Mary's CofE Foundation Primary School,http://www.stmarysstansted.co.uk,Stansted,CM24 8FE,East of England,no
151534,881,Essex,"St Michael's CofE Primary Academy, Ramsey",www.st-michaels.academy,Harwich,CO12 5EL,East of England,no
114817,881,Essex,"St Michael's Primary School and Nursery, Colchester",www.stmichaelsprimary.co.uk/,Colchester,CO2 9RA,East of England,no
149617,881,Essex,St Nicholas Church of England Primary School,www.canewdonstnicholasfederation.co.uk,RAYLEIGH,SS6 9NE,East of England,no
147413,881,Essex,"St Nicholas Church of England Primary School, Tillingham",www.st-nicholas-pri.essex.sch.uk,Southminster,CM0 7TJ,East of England,no
142775,881,Essex,St Osyth Church of England Primary School,www.st-osyth.essex.sch.uk,Clacton-on-Sea,CO16 8PN,East of England,no
147282,881,Essex,St Peter's Catholic Primary School,http://www.stpeterscatholicprimaryschool.co.uk/,Billericay,CM11 2UB,East of England,no
115164,881,Essex,"St Peter's Church of England Voluntary Aided Primary School, South Weald",www.stpeterssouthweald.org,Brentwood,CM14 5QN,East of England,no
115070,881,Essex,"St Peter's Church of England Voluntary Controlled Primary School, Sible Hedingham",www.stpetersch.schooljotter2.com,Halstead,CO9 3NR,East of England,no
115202,881,Essex,"St Peters Church of England Voluntary Aided Primary School, West Hanningfield",http://www.st-petershanningfield.essex.sch.uk,Chelmsford,CM2 8UQ,East of England,no
147404,881,Essex,St Pius X Catholic Primary School,http://www.stpiusxchelmsford.co.uk,Chelmsford,CM1 4HY,East of England,no
145997,881,Essex,St Teresa's Catholic Primary School,www.strcs.net,Rochford,SS4 1RF,East of England,no
139917,881,Essex,"St Teresa's Catholic Primary School, Basildon",www.st-teresasrc.essex.sch.uk,Basildon,SS14 1UE,East of England,no
138311,881,Essex,"St Teresa's Catholic Primary School, Colchester",http://www.st-teresas.essex.sch.uk,Colchester,CO3 9BE,East of England,no
137081,881,Essex,"St Thomas More Catholic Primary School, Saffron Walden",www.stmsw.co.uk,Saffron Walden,CB11 3DW,East of England,no
138164,881,Essex,"St Thomas More's Catholic Primary School, Colchester",www.stthomasmores.co.uk,Colchester,CO1 2QB,East of England,no
114704,881,Essex,St. George's School,http://www.stgeorgesschool.org,Colchester,CO2 7RU,East of England,no
141656,881,Essex,Stambridge Primary School,www.hearts-stambridge.uk,Rochford,SS4 2AP,East of England,no
114764,881,Essex,Stanway Fiveways Primary School,www.stanwayfiveways.essex.sch.uk,Colchester,CO3 0QG,East of England,no
114732,881,Essex,Stanway Primary School,http://www.stanway-pri.essex.sch.uk/,Colchester,CO3 0RH,East of England,no
144881,881,Essex,Stapleford Abbotts Primary Academy,https://www.stapleford-tkat.org,Romford,RM4 1EJ,East of England,no
146001,881,Essex,Staples Road Primary School,http://www.staplesroad.essex.sch.uk,Loughton,IG10 1HR,East of England,no
114888,881,Essex,Stebbing Primary School,www.stebbingprimary.co.uk,Dunmow,CM6 3SH,East of England,no
145725,881,Essex,Steeple Bumpstead Primary School,https://www.steepleprimary.co.uk,Haverhill,CB9 7ED,East of England,no
137552,881,Essex,"Stewards Academy - Science Specialist, Harlow",http://www.stewardsacademy.org,Harlow,CM18 7NQ,East of England,no
137544,881,Essex,Stisted Church of England Primary Academy,www.stisted.academy,Braintree,CM77 8AN,East of England,no
115120,881,Essex,Stock Church of England Primary School,www.stockessex.co.uk,Ingatestone,CM4 9BQ,East of England,no
151532,881,Essex,Stourview Church of England Primary Academy,www.stourview.academy,Mistley,CO11 1LS,East of England,no
114910,881,Essex,Sunnymede Primary School,www.sunnymedeprimary.com,Billericay,CM11 2HL,East of England,no
139179,881,Essex,Tabor Academy,http://www.taboracademy.co.uk,Braintree,CM7 5XP,East of England,no
142049,881,Essex,Takeley Primary School,www.takeley-pri.essex.sch.uk,Dunmow,CM6 1YE,East of England,no
114698,881,Essex,Tanglewood Nursery School,www.tanglewoodnurseryschool.co.uk,Chelmsford,CM1 2DX,East of England,no
144665,881,Essex,Tany's Dell Primary School and Nursery,www.tanysdell.essex.sch.uk/,Harlow,CM20 2LS,East of England,no
142813,881,Essex,Templars Academy,www.templarsacademy.com,Witham,CM8 2NJ,East of England,no
114738,881,Essex,Tendring Primary School,http://www.tendring-pri.essex.sch.uk,Clacton-on-Sea,CO16 0BP,East of England,no
137188,881,Essex,Tendring Technology College,http://tendringtechnologycollege.org/,Frinton-on-Sea,CO13 0AZ,East of England,no
115166,881,Essex,Terling Church of England Voluntary Aided Primary School,www.terling.essex.sch.uk,Chelmsford,CM3 2PN,East of England,no
115288,881,Essex,Thaxted Primary School,www.thaxted.essex.sch.uk,Dunmow,CM6 2LW,East of England,no
145989,881,Essex,The Alderton Infant School and Nursery,www.ais.efspt.org,Loughton,IG10 3HE,East of England,no
145728,881,Essex,The Alderton Junior School,http://www.aldertonjunior.co.uk,Loughton,IG10 3HE,East of England,no
136579,881,Essex,The Appleton School,http://www.theappletonschool.org,Benfleet,SS7 5RN,East of England,no
135895,881,Essex,The Basildon Lower Academy,http://www.basildonacademies.org.uk/,Basildon,SS14 1UX,East of England,no
135897,881,Essex,The Basildon Upper Academy,http://www.basildonacademies.org.uk/,Basildon,SS13 3HL,East of England,no
145916,881,Essex,The Beaulieu Park School,www.beaulieuparkschool.com,Chelmsford,CM1 6DT,East of England,no
136861,881,Essex,The Billericay School,http://www.billericayschool.com,Billericay,CM12 9LH,East of England,no
115144,881,Essex,The Bishop William Ward Church of England Primary School,http://www.bishopwilliamward.net,Colchester,CO6 4AT,East of England,no
115204,881,Essex,The Bishops' Church of England and Roman Catholic Primary School,http://www.bishops.essex.sch.uk/,Chelmsford,CM1 6ZQ,East of England,no
137874,881,Essex,The Boswells School,http://www.boswells-school.com,Chelmsford,CM1 6LY,East of England,no
139181,881,Essex,The Bromfords School,http://www.bromfords.essex.sch.uk/,Wickford,SS12 0LZ,East of England,no
140308,881,Essex,The Cornelius Vermuyden School,http://www.corneliusvermuyden.com,Canvey Island,SS8 9QS,East of England,no
143639,881,Essex,The Deanes,www.thedeanes.academy,Benfleet,SS7 2TD,East of England,no
146157,881,Essex,The Downs Primary School and Nursery,www.downsschool.com,Harlow,CM20 3RB,East of England,no
141841,881,Essex,The FitzWimarc School,http://www.fitzwimarc.com,Rayleigh,SS6 8EB,East of England,no
136441,881,Essex,The Flitch Green Academy,www.theflitchgreenacademy.co.uk,Dunmow,CM6 3GG,East of England,no
137926,881,Essex,The Gilberd School,www.gilberd.com,Colchester,CO4 9PU,East of England,no
149745,881,Essex,The Greenwell Academy,,Harlow,CM18 7EZ,East of England,no
149335,881,Essex,The Hawthorns School,https://www.thehawthornsschool.com,Chelmsford,CM1 2BN,East of England,no
136729,881,Essex,The Honywood Community Science School,http://www.honywoodschool.com,Colchester,CO6 1PZ,East of England,no
138865,881,Essex,The James Hornsby School,http://www.jameshornsby.essex.sch.uk/,Basildon,SS15 5NX,East of England,no
136868,881,Essex,The King Edmund School,http://www.kes.essex.sch.uk,Rochford,SS4 1TL,East of England,no
136577,881,Essex,The King John School,http://www.thekjs.essex.sch.uk,Benfleet,SS7 1RQ,East of England,no
114747,881,Essex,The Mayflower Primary School,http://www.mayflower-pri.essex.sch.uk/,Harwich,CO12 4AJ,East of England,no
141947,881,Essex,The Ongar Academy,www.theongaracademy.org,Ongar,CM5 0AN,East of England,no
143128,881,Essex,The Phoenix Primary School,www.phoenix-pri.essex.sch.uk,Basildon,SS15 5NQ,East of England,no
138219,881,Essex,The Pioneer School,,Basildon,SS14 2LA,East of England,no
139248,881,Essex,"The Ramsey Academy, Halstead",http://www.ramseyacademy.com/,Halstead,CO9 2HR,East of England,no
137246,881,Essex,The Robert Drake Primary School,www.robertdrake.co.uk/,Benfleet,SS7 3HT,East of England,no
137240,881,Essex,The Sandon School,http://www.sandon.essex.sch.uk/,Chelmsford,CM2 7AQ,East of England,no
150846,881,Essex,The Sir Geoff Hurst Academy,,Chelmsford,CM1 2BN,East of England,no
151134,881,Essex,The Sixth Form College Colchester,www.colchsfc.ac.uk,Colchester,CO1 1SN,East of England,no
134260,881,Essex,The St Aubyn Centre Education Department,http://www.staubyn-centre.essex.sch.uk,Colchester,CO4 5HG,East of England,no
137927,881,Essex,The Stanway School,http://www.stanway.essex.sch.uk,Colchester,CO3 0QA,East of England,no
139534,881,Essex,The Sweyne Park School,http://sweynepark.com/,Rayleigh,SS6 9BZ,East of England,no
137937,881,Essex,The Thomas Lord Audley School,http://www.tla.essex.sch.uk,Colchester,CO2 8NJ,East of England,no
143701,881,Essex,The Trinity School,https://www.thetrinityschool.co.uk/,Colchester,CO4 6ED,East of England,no
137607,881,Essex,The Tyrrells School,http://www.tyrrellsprimary.com/,Chelmsford,CM1 6JN,East of England,no
137744,881,Essex,The Wickford Church of England School,www.hearts-wickfordcofe.uk,Wickford,SS11 8HE,East of England,no
143206,881,Essex,The Willows Primary School,www.willows.essex.sch.uk,Basildon,SS14 2EX,East of England,no
145999,881,Essex,Theydon Bois Primary School,https://www.theydon.efspt.org/,Epping,CM16 7DH,East of England,no
115309,881,Essex,Thomas Willingale Primary School and Nursery,www.thomaswillingaleprimary.co.uk,Loughton,IG10 3SR,East of England,no
137554,881,Essex,Thriftwood School,http://www.thriftwoodschool.com,Chelmsford,CM2 8RW,East of England,no
141626,881,Essex,Thundersley Primary School,http://www.thundersleyprimary.co.uk/,Benfleet,SS7 3PT,East of England,no
137241,881,Essex,Thurstable School Sports College and Sixth Form Centre,http://www.thurstable.co.uk,Colchester,CO5 0EW,East of England,no
147560,881,Essex,Tiptree Heath Primary School,www.tiptreeheath.essex.sch.uk/,Colchester,CO5 0PG,East of England,no
147403,881,Essex,Tolleshunt D'Arcy St Nicholas Primary Academy,http://darcyschool.co.uk/,Maldon,CM9 8UB,East of England,no
115200,881,Essex,"Trinity St Mary's CofE Voluntary Aided Primary School, South Woodham Ferrers",http://www.trinitystmarys.com,Chelmsford,CM3 5JX,East of England,no
141113,881,Essex,Unity Primary Academy,unityprimaryacademy.com,Colchester,CO4 3QJ,East of England,no
115310,881,Essex,Upshire Primary Foundation School,www.upshireprimaryschool.com,WALTHAM ABBEY,EN9 3PX,East of England,no
147265,881,Essex,Waltham Holy Cross Primary Academy,,Waltham Abbey,EN9 1LG,East of England,no
115300,881,Essex,Walton on the Naze Primary School,www.waltonprimaryschool.co.uk/,Walton on the Naze,CO14 8PT,East of England,no
115042,881,Essex,Warley Primary School,www.warleyprimary.co.uk,Brentwood,CM14 5LF,East of England,no
141194,881,Essex,Water Lane Primary Academy,www.waterlaneprimary.co.uk/,Harlow,CM19 5RD,East of England,no
141715,881,Essex,Waterman Primary Academy,www.hearts-waterman.uk,Rochford,SS4 1QF,East of England,no
140181,881,Essex,Weeley St Andrew's CofE Primary School,http://www.st-andrewsprisch-weeley.co.uk/,Clacton-On-Sea,CO16 9LW,East of England,no
148708,881,Essex,Wells Park School,www.beckmeadtrust.org,Chigwell,IG7 6NN,East of England,no
136758,881,Essex,West Hatch High School,http://www.westhatch.net,Chigwell,IG7 5BT,East of England,no
137405,881,Essex,Westerings Primary Academy,www.westerings.org,Hockley,SS5 4NZ,East of England,no
115027,881,Essex,Westlands Community Primary School,www.westlands.essex.sch.uk,Chelmsford,CM1 2SB,East of England,no
137030,881,Essex,Westwood Academy,http://www.westwoodacademy.org,Benfleet,SS7 2SU,East of England,no
115110,881,Essex,Wethersfield CofE VC Primary School,https://www.wethersfield.chorusschools.uk,Braintree,CM7 4BP,East of England,no
145603,881,Essex,White Bridge Primary School,www.whitebridge.essex.sch.uk,Loughton,IG10 3DR,East of England,no
114988,881,Essex,White Court School,http://www.whitecourtschool.co.uk,Braintree,CM77 7UE,East of England,no
138575,881,Essex,White Hall Academy and Nursery,http://www.whitehallacademy.co.uk/,Clacton-on-Sea,CO15 3SP,East of England,no
115111,881,Essex,White Notley Church of England Voluntary Controlled Primary School,http://www.whitenotley.essex.sch.uk,Witham,CM8 1RZ,East of England,no
143126,881,Essex,Whitmore Primary School and Nursery,www.whitmore-pri.essex.sch.uk,Basildon,SS14 2TP,East of England,no
145602,881,Essex,William Martin Church of England Infant and Nursery School,www.williammartinschools.org.uk,Harlow,CM18 6PN,East of England,no
145726,881,Essex,William Martin Church of England Junior School,http://www.williammartinschools.org.uk/,Harlow,CM18 6PN,East of England,no
149253,881,Essex,William Read Primary Academy,www.williamread.essex.sch.uk,Canvey Island,SS8 0JE,East of England,no
136605,881,Essex,William de Ferrers School,http://www.wdf.school,Chelmsford,CM3 5JU,East of England,no
141195,881,Essex,Willow Brook Primary School and Nursery,https://willowbrook-tkat.org/,Colchester,CO4 0DT,East of England,no
115041,881,Essex,Willowbrook Primary School,http://www.willowbrook.essex.sch.uk/,Brentwood,CM13 2TU,East of England,no
150061,881,Essex,Wimbish Primary Academy,http://www.wimbish.essex.sch.uk,Saffron Walden,CB10 2XE,East of England,no
142000,881,Essex,Winter Gardens Academy,www.wintergardensacademy.org,Canvey Island,SS8 9QA,East of England,no
139871,881,Essex,Witham Oaks Academy,www.withamoaksacademy.co.uk,Witham,CM8 1NA,East of England,no
114739,881,Essex,Wix and Wrabness Primary School,www.wixandwrabnessprimaryschool.co.uk,Manningtree,CO11 2RS,East of England,no
114699,881,Essex,Woodcroft Nursery School,www.woodcroft-nur.essex.sch.uk,Chelmsford,CM2 9UB,East of England,no
141625,881,Essex,Woodham Ley Primary School,www.woodhamley.essex.sch.uk,Benfleet,SS7 4DN,East of England,no
141214,881,Essex,Woodlands School,http://woodlandsschool.org/,Basildon,SS16 5BA,East of England,no
140447,881,Essex,Woodville Primary School,www.woodvilleprimaryschool.org.uk/,Chelmsford,CM3 5SE,East of England,no
114917,881,Essex,Writtle Infant School,www.writtleinfantschool.com,Chelmsford,CM1 3HZ,East of England,no
115047,881,Essex,Writtle Junior School,www.writtlejuniors.org,Chelmsford,CM1 3HG,East of England,no
145349,881,Essex,Wyburns Primary School,http://www.wyburns.org,Rayleigh,SS6 7PE,East of England,no
148139,881,Essex,de Vere Primary School,www.devere.essex.sch.uk,Halstead,CO9 3EA,East of England,no
114964,881,Essex,Ashdon Primary School,www.ashdon.essex.sch.uk,Saffron Walden,CB10 2HB,East of England,yes
114913,881,Essex,Baddow Hall Junior School,http://www.baddowhall-jun.essex.sch.uk,Chelmsford,CM2 7QZ,East of England,yes
115138,881,Essex,Birch Church of England Voluntary Aided Primary School,http://www.birch.essex.sch.uk,Colchester,CO2 0LZ,East of England,yes
115127,881,Essex,Birchanger Church of England Voluntary Controlled Primary School,www.birchanger.essex.sch.uk,Bishop's Stortford,CM23 5QL,East of England,yes
114929,881,Essex,Blackmore Primary School,http://www.blackmore.essex.sch.uk,Ingatestone,CM4 0QR,East of England,yes
114755,881,Essex,Brightlingsea Primary School and Nursery,http://www.brightlingsea.essex.sch.uk,Colchester,CO7 0HU,East of England,yes
132164,881,Essex,Brightside Primary School,www.brightsideprimary.com,Billericay,CM12 0LE,East of England,yes
115292,881,Essex,Broomfield Primary School,http://www.broomfield.essex.sch.uk,Chelmsford,CM1 7DN,East of England,yes
114756,881,Essex,Broomgrove Infant School,www.broomgroveinfantschool.co.uk,Colchester,CO7 9QB,East of England,yes
114821,881,Essex,Burnham-on-Crouch Primary School,www.burnhamprimary.co.uk/,Burnham-on-Crouch,CM0 8LG,East of England,yes
114822,881,Essex,Canvey Junior School,www.canveyjuniorschool.co.uk/,Canvey Island,SS8 0JG,East of England,yes
133661,881,Essex,"Chancellor Park Primary School, Chelmsford",www.chancellorpark.essex.sch.uk,Chelmsford,CM2 6PT,East of England,yes
115301,881,Essex,Chase Lane Primary School and Nursery,www.chaselane.essex.sch.uk,Harwich,CO12 4NB,East of England,yes
115195,881,Essex,Chrishall Holy Trinity and St Nicholas CofE (Aided) Primary School and Pre-School,http://www.chrishall.essex.sch.uk,Royston,SG8 8QE,East of England,yes
135957,881,Essex,Clacton Coastal Academy,http://clactoncoastalacademy.org/,Clacton on Sea,CO15 3JL,East of England,yes
114904,881,Essex,Cold Norton Primary School,http://www.coldnorton.essex.sch.uk,Chelmsford,CM3 6JE,East of England,yes
115237,881,Essex,De La Salle School,www.dlsbasildon.org,Basildon,SS14 2LA,East of England,yes
114936,881,Essex,Down Hall Primary School,www.downhallprimary.com,Rayleigh,SS6 9LW,East of England,yes
115125,881,Essex,"Dr Walker's Church of England Voluntary Controlled Primary School, Fyfield",https://drwalkers.co.uk/,Ongar,CM5 0RG,East of England,yes
115312,881,Essex,Earls Colne Primary School and Nursery,www.earlscolneprimaryschoolandnursery.co.uk,Colchester,CO6 2RH,East of England,yes
115113,881,Essex,East Hanningfield Church of England Primary School,http://www.easthanningfield.essex.sch.uk/,Chelmsford,CM3 8AE,East of England,yes
115240,881,Essex,Elmwood Primary School,www.elmwood.school,Chelmsford,CM3 5NB,East of England,yes
135328,881,Essex,Epping Primary School,www.eppingprimary.essex.sch.uk,Epping,CM16 5DU,East of England,yes
115189,881,Essex,Farnham Church of England Primary School,http://www.federationfarnhamrickling.co.uk,Bishop's Stortford,CM23 1HR,East of England,yes
115139,881,Essex,Fingringhoe Church of England Voluntary Aided Primary School,www.fingringhoeprimaryschool.co.uk,Colchester,CO5 7BN,East of England,yes
114761,881,Essex,Friars Grove Primary School,www.friarsgroveprimaryschool.com/,Colchester,CO4 0PZ,East of England,yes
115469,881,Essex,Glenwood School,glenwood.essex.sch.uk,Benfleet,SS7 4LW,East of England,yes
114835,881,Essex,Great Bardfield Primary School,http://www.greatbardfieldprimaryschool.co.uk,Braintree,CM7 4RN,East of England,yes
115298,881,Essex,Great Dunmow Primary School,www.greatdunmowprimary.co.uk,Great Dunmow,CM6 1ZR,East of England,yes
114852,881,Essex,Great Leighs Primary School,www.greatleighs.essex.sch.uk,Chelmsford,CM3 1RP,East of England,yes
115244,881,Essex,Great Totham Primary School,www.greattotham.essex.sch.uk,Maldon,CM9 8PN,East of England,yes
133255,881,Essex,Hare Street Community Primary School and Nursery,www.harestreet.essex.sch.uk/,Harlow,CM19 4BU,East of England,yes
131838,881,Essex,Harlow Fields School and College,http://www.harlowfields.essex.sch.uk/,Harlow,CM18 6RN,East of England,yes
114843,881,Essex,Harwich Community Primary School and Nursery,www.harwich-pri.essex.sch.uk/,Harwich,CO12 3NP,East of England,yes
141714,881,Essex,Hatfield Heath Primary School,www.hatfieldheath.essex.sch.uk/,Bishop's Stortford,CM22 7EA,East of England,yes
114745,881,Essex,Hazelmere Junior School,www.hazelmere-jun.essex.sch.uk/,Colchester,CO4 3JP,East of England,yes
114769,881,Essex,Highfields Primary School,www.highfields-essex.co.uk/,Manningtree,CO11 2BN,East of England,yes
132142,881,Essex,Holly Trees Primary School,http://hollytreesprimaryschool.co.uk,Brentwood,CM14 5RY,East of England,yes
115066,881,Essex,"Holy Trinity Church of England Voluntary Controlled Primary School, Halstead",www.holytrinityhalstead.com,Halstead,CO9 1JH,East of England,yes
114951,881,Essex,Howbridge Infant School,https://howbridge-inf.essex.sch.uk,Witham,CM8 1DJ,East of England,yes
114818,881,Essex,John Bunyan Primary School and Nursery,www.johnbunyan.co.uk,Braintree,CM7 5UL,East of England,yes
115064,881,Essex,Kendall Church of England Primary School,www.kendallprimary.co.uk,Colchester,CO1 2HH,East of England,yes
115268,881,Essex,Kingswood Primary School and Nursery,www.kingswoodprimaryschool.net,Basildon,SS16 5DE,East of England,yes
115297,881,Essex,Lawford Church of England Voluntary Aided Primary School,www.lawford.essex.sch.uk,Manningtree,CO11 2FR,East of England,yes
115282,881,Essex,Leverton Primary School,http://www.leverton.essex.sch.uk/,Waltham Abbey,EN9 3BE,East of England,yes
115175,881,Essex,Little Waltham Church of England Voluntary Aided Primary School,www.little-waltham-school.co.uk,Chelmsford,CM3 3NY,East of England,yes
115126,881,Essex,Matching Green Church of England Voluntary Controlled Primary School,www.matchinggreenprimaryschool.com,Harlow,CM17 0QB,East of England,yes
115311,881,Essex,Mersea Island School,www.merseaschool.org,Colchester,CO5 8QX,East of England,yes
114760,881,Essex,Milldene Primary School,https://www.milldene.essex.sch.uk/,Colchester,CO5 0EF,East of England,yes
114751,881,Essex,"Montgomery Infant School and Nursery, Colchester",www.montgomery-inf.essex.sch.uk,Colchester,CO2 9QG,East of England,yes
114750,881,Essex,"Montgomery Junior School, Colchester",http://www.montgomery-jun.org.uk,Colchester,CO2 9QG,East of England,yes
115188,881,Essex,Moreton Church of England Voluntary Aided Primary School,www.moretonceprimaryschool.co.uk,Ongar,CM5 0JD,East of England,yes
131806,881,Essex,Oakfield Primary School,http://www.oakfield.essex.sch.uk,Wickford,SS12 9PW,East of England,yes
135778,881,Essex,Poplar Adolescent Unit,http://www.poplaradolescentunit.essex.sch.uk,Rochford,SS4 1RB,East of England,yes
114801,881,Essex,Quilters Junior School,http://www.quiltersjuniorschool.com,Billericay,CM12 9LD,East of England,yes
115191,881,Essex,Radwinter Church of England Voluntary Aided Primary School,www.radwinter.essex.sch.uk,Saffron Walden,CB10 2TX,East of England,yes
115130,881,Essex,Rickling Church of England Voluntary Aided Primary School,https://www.federationfarnhamrickling.co.uk/,Saffron Walden,CB11 3YG,East of England,yes
135903,881,Essex,Riverside Primary School,www.riversideprimary.co.uk/,Hullbridge,SS5 6ND,East of England,yes
114823,881,Essex,Roach Vale Primary School,www.roachvaleprimary.co.uk/,Colchester,CO4 3YN,East of England,yes
115266,881,Essex,Rodings Primary School,www.rodingsprimaryschool.co.uk/,Dunmow,CM6 1PZ,East of England,yes
115471,881,Essex,Shorefields School,https://www.shorefields.essex.sch.uk/,Clacton-on-Sea,CO15 6HF,East of England,yes
134065,881,Essex,Springfield Primary School,www.springfield-pri.essex.sch.uk,Chelmsford,CM1 6XW,East of England,yes
115281,881,Essex,St Andrew's CofE Primary School,www.standrewsnorthweald.org.uk/,Epping,CM16 6EH,East of England,yes
115382,881,Essex,St Benedict's Catholic College,http://www.stbenedicts.essex.sch.uk/,Colchester,CO3 3US,East of England,yes
115194,881,Essex,"St Francis Catholic Primary School, Braintree",www.stfrancisbraintree.org.uk,Braintree,CM7 2SY,East of England,yes
115307,881,Essex,St Helen's Catholic Infant School,www.st-helens-inf.essex.sch.uk,Brentwood,CM15 9BY,East of England,yes
115238,881,Essex,"St John Payne Catholic School, Chelmsford",www.sjp.essex.sch.uk,Chelmsford,CM1 4BS,East of England,yes
115137,881,Essex,St John the Baptist Church of England Voluntary Aided Primary School Pebmarsh,https://www.st-john.essex.sch.uk/,Halstead,CO9 2NH,East of England,yes
115065,881,Essex,"St John's Church of England Voluntary Controlled Primary School, Colchester",www.stjohnscofe.com,COLCHESTER,CO4 0HH,East of England,yes
115264,881,Essex,St Katherine's Church of England Primary School,http://www.stkatherinesprimary.com,Canvey Island,SS8 9QA,East of England,yes
115159,881,Essex,"St Mary's Church of England Voluntary Aided Primary School, Burnham-on-Crouch",www.stmarysschoolburnham.org.uk,Burnham-on-Crouch,CM0 8LZ,East of England,yes
115197,881,Essex,St Michael's Church of England Voluntary Aided Junior School,http://www.st-michaels-jun.essex.sch.uk,Chelmsford,CM2 8RR,East of England,yes
115157,881,Essex,St Michael's Church of England Voluntary Aided Primary School,www.stmichaelsbraintree.co.uk/,Braintree,CM7 2NS,East of England,yes
115108,881,Essex,"St Peter's Church of England Voluntary Controlled Primary School, Coggeshall",http://www.stpeterscofeprimaryschoolcoggeshall.org.uk/,Colchester,CO6 1YU,East of England,yes
115179,881,Essex,"St Thomas of Canterbury Church of England Aided Primary School, Brentwood",http://www.stthomaspri.org/,Brentwood,CM15 9BX,East of England,yes
115289,881,Essex,"The Cathedral Church of England Voluntary Aided Primary School, Chelmsford",http://www.cathedralschool.co.uk,Chelmsford,CM1 1PA,East of England,yes
115464,881,Essex,The Edith Borthwick School,www.edithborthwick.essex.sch.uk,Braintree,CM7 2YN,East of England,yes
114925,881,Essex,Tollesbury School,http://www.tollesbury.essex.sch.uk/,Maldon,CM9 8QE,East of England,yes
114805,881,Essex,Trinity Road Primary School,www.trinityroad.essex.sch.uk,Chelmsford,CM2 6HS,East of England,yes
114811,881,Essex,Vange Primary School and Nursery,www.vange.essex.sch.uk,Basildon,SS16 4QA,East of England,yes
114933,881,Essex,Wentworth Primary School,http://www.wentworth.essex.sch.uk,Maldon,CM9 6JN,East of England,yes
114921,881,Essex,West Horndon Primary School,http://www.westhorndon.essex.sch.uk,Brentwood,CM13 3TR,East of England,yes
114813,881,Essex,Wickford Primary School,http://wickfordprimary.uk/,Wickford,SS12 0AG,East of England,yes
115123,881,Essex,Woodham Walter Church of England Voluntary Controlled Primary School,www.woodhamwalterschool.co.uk,Maldon,CM9 6RF,East of England,yes
