urn,district_code,district_name,school_name,website,town,postcode,region,has_email_collected
141308,886,Kent,Adisham Church of England Primary School,www.adisham.kent.sch.uk/,Canterbury,CT3 3JW,South East,yes
118365,886,Kent,Aldington Primary School,http://www.aldington.kent.sch.uk/,Ashford,TN25 7EE,South East,yes
146950,886,Kent,All Soul's Church of England Primary School,www.allsouls.kent.sch.uk/,Folkestone,CT19 4LG,South East,no
139096,886,Kent,Allington Primary School,www.allington.kent.sch.uk/,Maidstone,ME16 0PG,South East,no
136499,886,Kent,Amherst School,http://www.amherst.kent.sch.uk,Sevenoaks,TN13 2AX,South East,yes
139822,886,Kent,Archbishop Courtenay Primary School,www.archbishopcourtenay.org.uk/,Maidstone,ME15 6QN,South East,no
135125,886,Kent,Ashford Oaks Community Primary School,http://www.ashfordoaks.kent.sch.uk/,Ashford,TN23 4QR,South East,no
147833,886,Kent,Aspire School,www.aspire-ba-mat.org.uk,Sittingbourne,ME10 5DA,South East,no
138167,886,Kent,Astor Secondary School,http://www.astorschool.com,Dover,CT17 0AS,South East,no
118449,886,Kent,Aycliffe Community Primary School,www.aycliffecpschool.co.uk,Dover,CT17 9HJ,South East,no
149319,886,Kent,Aylesford School,www.aylesford.kent.sch.uk,Aylesford,ME20 7JU,South East,no
151466,886,Kent,Aylesham Primary School,www.aylesham.kent.sch.uk,Canterbury,CT3 3BS,South East,no
118730,886,Kent,Bapchild and Tonge Church of England Primary School and Nursery,www.bapchildprimary.co.uk,Sittingbourne,ME9 9NL,South East,yes
142924,886,Kent,Barming Primary School,https://www.barming.kent.sch.uk/,Maidstone,ME16 9DY,South East,yes
137474,886,Kent,Barton Court Grammar School,http://www.bartoncourt.org,Canterbury,CT1 1PH,South East,yes
138169,886,Kent,Barton Junior School,www.bartonjuniorschool.org/,Dover,CT16 2ND,South East,no
149039,886,Kent,Barton Manor School,https://www.bartonmanor.org/,Canterbury,CT1 1SU,South East,no
118266,886,Kent,Bean Primary School,https://www.bean.kent.sch.uk/,Dartford,DA2 8AW,South East,no
141871,886,Kent,Beaver Green Primary School,www.beaver-green.kent.sch.uk,Ashford,TN23 5DA,South East,no
118597,886,Kent,Benenden Church of England Primary School,http://www.benenden-cep.kent.sch.uk,Cranbrook,TN17 4EH,South East,no
136603,886,Kent,Bennett Memorial Diocesan School,https://www.bennettmemorial.co.uk/,Tunbridge Wells,TN4 9SH,South East,no
118372,886,Kent,Bethersden Primary School,www.bethersden.kent.sch.uk/,Ashford,TN26 3AH,South East,no
118598,886,Kent,Bidborough Church of England Voluntary Controlled Primary School,http://www.bidborough.kent.sch.uk,Tunbridge Wells,TN3 0UE,South East,no
118693,886,Kent,Birchington Church of England Primary School,www.birchington-primary.com/,Birchington,CT7 0AS,South East,no
135462,886,Kent,Birchwood,www.birchwoodpru.kent.sch.uk,Folkestone,CT19 4FP,South East,no
144634,886,Kent,Bishop Chavasse Primary School,www.bishopchavasseschool.org.uk,Tonbridge,TN11 0FB,South East,no
118468,886,Kent,Bishops Down Primary and Nursery School,https://www.bishops-down.kent.sch.uk,Tunbridge Wells,TN4 9SU,South East,no
118356,886,Kent,Blean Primary School,www.bleanprimary.org.uk/,Canterbury,CT2 9ED,South East,no
140899,886,Kent,Bobbing Village School,www.bourne-alliance-mat.org.uk,Sittingbourne,ME9 8PL,South East,no
118673,886,Kent,Bodsham Church of England Primary School,www.bodsham.kent.sch.uk,Ashford,TN25 5JQ,South East,yes
144867,886,Kent,Borden Church of England Primary School,www.borden.kent.sch.uk,Sittingbourne,ME9 8JS,South East,yes
137800,886,Kent,Borden Grammar School,http://website.bordengrammar.kent.sch.uk/,Sittingbourne,ME10 4DB,South East,no
118288,886,Kent,Boughton Monchelsea Primary School,http://www.boughton-monchelsea.kent.sch.uk,Maidstone,ME17 4HP,South East,no
118705,886,Kent,Boughton-under-Blean and Dunkirk Primary School,www.bad.kent.sch.uk,Faversham,ME13 9AW,South East,no
118663,886,Kent,Brabourne Church of England Primary School,www.brabourne.kent.sch.uk,Ashford,TN25 5LQ,South East,yes
144868,886,Kent,Bredgar Church of England Primary School,www.bredgar.kent.sch.uk/,Sittingbourne,ME9 8HB,South East,yes
118619,886,Kent,Bredhurst Church of England Voluntary Controlled Primary School,www.bredhurst.kent.sch.uk/,Gillingham,ME7 3JY,South East,no
142689,886,Kent,Brenchley and Matfield Church of England Primary School,www.bmprimary.org.uk,Tonbridge,TN12 7NY,South East,no
143517,886,Kent,Brenzett Church of England Primary School,www.brenzett.kent.sch.uk,Romney Marsh,TN29 9UA,South East,no
118566,886,Kent,Broadwater Down Primary School,www.broadwater-down.kent.sch.uk,Tunbridge Wells,TN2 5RP,South East,no
137458,886,Kent,Brockhill Park Performing Arts College,http://www.brockhill.kent.sch.uk/,Hythe,CT21 4HL,South East,yes
118534,886,Kent,"Bromstone Primary School, Broadstairs",www.bromstoneschool.com/,Broadstairs,CT10 2PW,South East,yes
118373,886,Kent,Brook Community Primary School,www.brook-ashford.kent.sch.uk,Ashford,TN25 5PB,South East,no
118484,886,Kent,Brookfield Infant School,https://flourish-federation.secure-primarysite.net/,Aylesford,ME20 6PY,South East,no
118869,886,Kent,Brookfield Junior School,www.flourishfederation.co.uk,Aylesford,ME20 6PY,South East,no
118664,886,Kent,Brookland Church of England Primary School,http://www.brookland.kent.sch.uk,Romney Marsh,TN29 9QR,South East,no
119026,886,Kent,Broomhill Bank School,https://www.broomhillbank.org.uk,Tunbridge Wells,TN3 0TB,South East,no
118297,886,Kent,Brunswick House Primary School,http://www.brunswick-house.kent.sch.uk,Maidstone,ME16 0QQ,South East,no
147750,886,Kent,Bysing Wood Primary School,http://www.bysing-wood.kent.sch.uk,Faversham,ME13 7NU,South East,no
147104,886,Kent,Cage Green Primary School,www.cage-green.kent.sch.uk,Tonbridge,TN10 4PT,South East,no
118406,886,Kent,Callis Grange Nursery and Infant School,http://www.callis-grange.kent.sch.uk,Broadstairs,CT10 3DG,South East,no
118354,886,Kent,Canterbury Road Primary School,http://www.canterbury-road.kent.sch.uk,Sittingbourne,ME10 4SE,South East,no
118271,886,Kent,Capel Primary School,www.capelschool.com/,Tonbridge,TN12 6RP,South East,no
118515,886,Kent,Capel-le-Ferne Primary School,www.capelleferneprimary.co.uk,Folkestone,CT18 7HB,South East,no
133177,886,Kent,Castle Hill Community Primary School,www.castlehill.kent.sch.uk/,Folkestone,CT19 6HG,South East,no
118258,886,Kent,Cecil Road Primary and Nursery School,www.cecilroad.co.uk,Gravesend,DA11 7BT,South East,no
118374,886,Kent,Challock Primary School,www.challockprimaryschool.co.uk,Ashford,TN25 4BU,South East,no
139254,886,Kent,Chantry Community Primary School,www.chantryprimary.co.uk,Gravesend,DA12 2RL,South East,no
144835,886,Kent,Charing Church of England Primary School,www.charingschool.org.uk/,Ashford,TN27 0JN,South East,no
141659,886,Kent,Charlton Church of England Primary School,www.charlton.kent.sch.uk/,Dover,CT16 2LX,South East,no
148500,886,Kent,Chartham Primary School,http://www.turnerchartham.com,Canterbury,CT4 7QN,South East,no
136382,886,Kent,Chatham & Clarendon Grammar School,http://www.ccgrammarschool.co.uk,Ramsgate,CT11 7PS,South East,no
118480,886,Kent,Cheriton Primary School,http://www.cheritonprimary.org.uk/,Folkestone,CT20 3EP,South East,no
118715,886,Kent,"Chevening, St Botolph's Church of England Voluntary Aided Primary School",http://www.chevening.kent.sch.uk,Sevenoaks,TN13 2SA,South East,no
137728,886,Kent,Chiddingstone Church of England School,www.chiddingstoneschool.co.uk/,Edenbridge,TN8 7AH,South East,no
118665,886,Kent,"Chilham, St Mary's Church of England Primary School",www.chilham.kent.sch.uk,Canterbury,CT4 8DE,South East,no
145115,886,Kent,Chilmington Green Primary School,www.chilmingtongreen.kent.sch.uk,Ashford,TN23 3DS,South East,no
149840,886,Kent,Chilmington Green School,https://chilmingtongreenschool.org.uk/,Ashford,TN23 4QE,South East,no
141766,886,Kent,Chilton Primary School,http://www.chiltonprimary.co.uk/,Ramsgate,CT11 0LQ,South East,no
118655,886,Kent,Chislet Church of England Primary School,www.chislethoathfederation.co.uk,Canterbury,CT3 4DU,South East,no
139309,886,Kent,"Christ Church Cep Academy, Folkestone",www.christchurchfolkestone.com/,Folkestone,CT20 1DJ,South East,no
139255,886,Kent,"Christ Church Church of England Junior School, Ramsgate",www.christchurchjuniors.com/,Ramsgate,CT11 0ZZ,South East,no
118456,886,Kent,Claremont Primary School,www.claremont.kent.sch.uk,Tunbridge Wells,TN2 5EB,South East,no
140012,886,Kent,Cliftonville Primary School,www.cliftonvilleprimary.co.uk/,Margate,CT9 3LY,South East,no
118257,886,Kent,Cobham Primary School,www.cobham.kent.sch.uk/,Gravesend,DA12 3BN,South East,no
139685,886,Kent,Copperfield Academy,www.copperfieldacademy.org,Gravesend,DA11 0RB,South East,no
135371,886,Kent,Cornwallis Academy,http://www.futureschoolstrust.com/,Maidstone,ME17 4HX,South East,no
146114,886,Kent,Coxheath Primary School,www.coxheath.kent.sch.uk/,Maidstone,ME17 4PS,South East,no
118600,886,Kent,Cranbrook Church of England Primary School,http://www.cranbrook-cep.kent.sch.uk,Cranbrook,TN17 3JZ,South East,no
137739,886,Kent,Cranbrook School,http://www.cranbrookschool.co.uk/,Cranbrook,TN17 3JD,South East,no
118254,886,Kent,Crockenhill Primary School,http://www.crockenhill.kent.sch.uk,,BR8 8JG,South East,no
142346,886,Kent,Culverstone Green Primary School,http://www.cgps.kent.sch.uk,Gravesend,DA13 0RF,South East,no
138972,886,Kent,Dame Janet Primary Academy,www.damejanet-tkat.org/,Ramsgate,CT12 6QY,South East,no
136585,886,Kent,Dane Court Grammar School,http://danecourt.kent.sch.uk/,Broadstairs,CT10 2RT,South East,no
147454,886,Kent,Dartford Bridge Community Primary School,dartfordbridgecps.com,Dartford,DA1 5GB,South East,no
136359,886,Kent,Dartford Grammar School,http://www.dartfordgrammarschool.org.uk,Dartford,DA1 2HW,South East,no
144100,886,Kent,Dartford Grammar School for Girls,http://www.dartfordgrammargirls.org.uk,Dartford,DA1 2NT,South East,no
118338,886,Kent,Davington Primary School,www.davington.kent.sch.uk/,Faversham,ME13 7EQ,South East,no
147053,886,Kent,Deal Parochial Church of England Primary School,http://www.deal-parochial.kent.sch.uk,Deal,CT14 7ER,South East,no
150156,886,Kent,Ditton Church of England Junior School,http://www.ditton-jun.kent.sch.uk,Aylesford,ME20 6AE,South East,no
150278,886,Kent,Dover Christ Church Academy,https://www.dccacademy.com,Dover,CT16 2EG,South East,no
118931,886,Kent,Dover Grammar School for Boys,http://www.dgsb.co.uk,Dover,CT17 0DQ,South East,no
118748,886,Kent,"Dover, St Mary's Church of England Primary School",www.st-marys-dover.kent.sch.uk/,Dover,CT16 1QX,South East,no
118523,886,Kent,Downs View Infant School,www.downs-view.kent.sch.uk/,Ashford,TN25 4PJ,South East,no
139021,886,Kent,Drapers Mills Primary Academy,http://www.drapersmills-tkat.org,Margate,CT9 2SP,South East,no
136177,886,Kent,Duke of York's Royal Military School,www.doyrms.com,Dover,CT15 5EQ,South East,no
118272,886,Kent,Dunton Green Primary School,www.dunton-green.kent.sch.uk/,Sevenoaks,TN13 2UP,South East,no
142347,886,Kent,Dymchurch Primary School,http://www.dymchurch.kent.sch.uk,Romney Marsh,TN29 0LE,South East,no
150934,886,Kent,EKC Sheppey Secondary,www.ekcsheppeysecondary.org,Sheerness,ME12 2BE,South East,no
118289,886,Kent,East Farleigh Primary School,www.east-farleigh.kent.sch.uk,Maidstone,ME15 0LY,South East,no
118290,886,Kent,East Peckham Primary School,http://www.east-peckham.kent.sch.uk/,Tonbridge,TN12 5LH,South East,no
148991,886,Kent,East Stour Primary School,www.east-stour.kent.sch.uk/,Ashford,TN24 0DW,South East,no
148118,886,Kent,Eastchurch Church of England Primary School,http://www.eastchurch.kent.sch.uk,Sheerness,ME12 4EJ,South East,no
118336,886,Kent,Eastling Primary School,http://www.eastling.kent.sch.uk,Faversham,ME13 0BA,South East,no
118685,886,Kent,Eastry Church of England Primary School,www.eastry.kent.sch.uk/,Sandwich,CT13 0LR,South East,no
137581,886,Kent,Ebbsfleet Academy,http://www.ebbsfleetacademy.org.uk,Swanscombe,DA10 0BZ,South East,no
147867,886,Kent,Ebbsfleet Green Primary School,http://www.ebbsfleetgreenprimary.org.uk,Swanscombe,DA10 1AL,South East,no
146081,886,Kent,Edenbridge Primary School,https://edenbridge.kent.sch.uk/kent/primary/edenbridge,Edenbridge,TN8 5AB,South East,no
118702,886,Kent,Egerton Church of England Primary School,http://www.egerton.kent.sch.uk,Ashford,TN27 9DR,South East,no
118741,886,Kent,Elham Church of England Primary School,http://www.elhamprimary.co.uk,Canterbury,CT4 6TT,South East,no
118414,886,Kent,Ellington Infant School,www.ellington-infant.kent.sch.uk,Ramsgate,CT11 0QH,South East,no
135466,886,Kent,Enterprise Learning Alliance,www.ela.kent.sch.uk,Margate,CT9 4JA,South East,no
148144,886,Kent,Estuary Academy,,Gravesend,DA12 4DJ,South East,no
118337,886,Kent,Ethelbert Road Primary School,www.ethelbert-road.kent.sch.uk,Faversham,ME13 8SQ,South East,no
118399,886,Kent,Eythorne Elvington Community Primary School,www.eythorne-elvington.kent.sch.uk,Dover,CT15 4AN,South East,no
118592,886,Kent,Fawkham Church of England Voluntary Controlled Primary School,http://fawkhamschool.com,LONGFIELD,DA3 8NA,South East,no
141881,886,Kent,Finberry Primary School,http://www.finberryprimaryschool.org.uk/,Ashford,TN25 7GS,South East,no
148519,886,Kent,Fleetdown Primary Academy,http://www.fleetdown.kent.sch.uk,Dartford,DA2 6JX,South East,no
145420,886,Kent,Folkestone Academy,www.folkestoneacademy.com,Folkestone,CT19 5FP,South East,no
148068,886,Kent,Folkestone Primary,https://www.turnerfolkestoneprimary.com/home,Folkestone,CT19 5FP,South East,no
139310,886,Kent,Folkestone St. Mary's Church of England Primary Academy,www.stmarysfolkestone.com,Folkestone,CT19 6QH,South East,no
118675,886,Kent,"Folkestone, St Martin's Church of England Primary School",http://www.stmartinsfolkestone.com,Folkestone,CT20 3JJ,South East,no
118676,886,Kent,"Folkestone, St Peter's Church of England Primary School",www.stpetersfolkestone.com/,Folkestone,CT19 6AL,South East,no
146400,886,Kent,Fordcombe Church of England Primary School,http://www.fordcombe.kent.sch.uk,Tunbridge Wells,TN3 0RY,South East,no
149976,886,Kent,Four Elms Primary School,https://www.four-elms.org.uk/,Edenbridge,TN8 6NE,South East,no
118701,886,Kent,Frittenden Church of England Primary School,http://www.frittenden.kent.sch.uk,Cranbrook,TN17 2DD,South East,no
136324,886,Kent,Fulston Manor School,http://www.fulstonmanor.kent.sch.uk,Sittingbourne,ME10 4EG,South East,no
140322,886,Kent,Furley Park Primary Academy,www.furleypark.org.uk/,Ashford,TN23 3PA,South East,no
135212,886,Kent,Garlinge Primary School and Nursery,www.garlingeprimary.co.uk,Margate,CT9 5PA,South East,no
136251,886,Kent,Goat Lees Primary School,www.goatlees.kent.sch.uk/,Ashford,TN24 9RR,South East,no
141754,886,Kent,Godinton Primary School,http://www.godinton.kent.sch.uk,Ashford,TN23 3JR,South East,no
118686,886,Kent,Goodnestone Church of England Primary School,www.goodnestone.kent.sch.uk/,Canterbury,CT3 1PQ,South East,no
146624,886,Kent,Goodwin Academy,https://www.goodwinacademy.org.uk/,Deal,CT14 9BD,South East,no
118601,886,Kent,Goudhurst and Kilndown Church of England Primary School,www.goudhurst-kilndown.kent.sch.uk,Cranbrook,TN17 1DZ,South East,no
137871,886,Kent,Graveney Primary School,www.graveneyprimary.com,Faversham,ME13 9DU,South East,no
137099,886,Kent,Gravesend Grammar School,http://gravesendgrammar.com/,Gravesend,DA12 2PR,South East,no
118375,886,Kent,Great Chart Primary School,www.great-chart.kent.sch.uk/,Ashford,TN23 5LB,South East,no
134857,886,Kent,Greenfields Community Primary School,http://www.greenfieldscps.kent.sch.uk,Maidstone,ME15 8DF,South East,no
146574,886,Kent,Greenlands Primary School,www.greenlandsprimary.org.uk,Dartford,DA2 8DH,South East,no
138151,886,Kent,Grove Park Primary School,www.grovepark-ba-mat.org.uk,Sittingbourne,ME10 1PT,South East,no
118687,886,Kent,Guston Church of England Primary School,www.guston.kent.sch.uk/,Dover,CT15 5LR,South East,no
118273,886,Kent,Hadlow Primary School,www.hadlow.kent.sch.uk,Tonbridge,TN11 0EH,South East,no
139697,886,Kent,Hadlow Rural Community School,www.hrcschool.org,Hadlow,TN11 0AU,South East,no
143605,886,Kent,Halfway Houses Primary School,www.halfwayhouses.kent.sch.uk,Sheerness,ME12 3AP,South East,no
148876,886,Kent,Halstead Community Primary School,www.halstead.kent.sch.uk,Sevenoaks,TN14 7EA,South East,no
137961,886,Kent,Hampton Primary School,www.hampton.kent.sch.uk,Herne Bay,CT6 8NB,South East,no
140323,886,Kent,Hamstreet Primary Academy,www.ham-street.org.uk/,Ashford,TN26 2EA,South East,no
118871,886,Kent,Harcourt Primary School,www.harcourt.kent.sch.uk/,Folkestone,CT19 4NE,South East,no
136571,886,Kent,Hartsdown Academy,http://hartsdown.org/,Margate,CT9 5RE,South East,no
118602,886,Kent,Hawkhurst Church of England Primary School,www.hawkhurst.kent.sch.uk,Cranbrook,TN18 4JJ,South East,no
118385,886,Kent,Hawkinge Primary School,www.hawkingeprimaryschool.co.uk/,Folkestone,CT18 7BN,South East,no
118291,886,Kent,Headcorn Primary School,www.headcorn.kent.sch.uk,Headcorn,TN27 9QT,South East,no
136465,886,Kent,Herne Bay High School,http://www.hernebayhigh.org,Herne Bay,CT6 7NS,South East,no
118359,886,Kent,Herne Bay Infant School,www.herne-bay.kent.sch.uk/,Herne Bay,CT6 5SH,South East,no
118710,886,Kent,Herne Church of England Infant and Nursery School,www.herne-infant.kent.sch.uk/,Herne Bay,CT6 7AH,South East,no
118736,886,Kent,Herne Church of England Junior School,http://www.herne-junior.kent.sch.uk,Herne Bay,CT6 7AL,South East,no
118718,886,Kent,Hever Church of England Voluntary Aided Primary School,www.hever.kent.sch.uk/,Edenbridge,TN8 7NH,South East,no
118541,886,Kent,High Firs Primary School,www.high-firs.kent.sch.uk/,Swanley,BR8 8NR,South East,no
118666,886,Kent,High Halden Church of England Primary School,http://www.high-halden.kent.sch.uk/,Ashford,TN26 3JB,South East,no
118262,886,Kent,Higham Primary School,www.higham.kent.sch.uk,Rochester,ME3 7JL,South East,no
136305,886,Kent,Highsted Grammar School,http://www.highsted.kent.sch.uk,Sittingbourne,ME10 4PT,South East,no
136379,886,Kent,Highworth Grammar School,http://www.highworth.kent.sch.uk/,Ashford,TN24 8UD,South East,no
118603,886,Kent,Hildenborough Church of England Primary School,http://www.hildenborough.kent.sch.uk,Tonbridge,TN11 9HY,South East,no
137104,886,Kent,Hillview School for Girls,http://www.hillview.kent.sch.uk,Tonbridge,TN9 2HE,South East,no
118361,886,Kent,Hoath Primary School,www.chislethoathfederation.co.uk,Canterbury,CT3 4LA,South East,no
118292,886,Kent,Hollingbourne Primary School,www.hollingbourne.kent.sch.uk/,Maidstone,ME17 1UA,South East,no
148217,886,Kent,Holy Trinity Church of England Primary School,www.holytrinity-gravesend.kent.sch.uk/,Gravesend,DA12 1LU,South East,no
147752,886,Kent,Holywell Primary School,http://www.holywell.kent.sch.uk/,Sittingbourne,ME9 7AE,South East,no
137484,886,Kent,Homewood School and Sixth Form Centre,http://www.homewood-school.co.uk/,Tenterden,TN30 6LT,South East,no
137136,886,Kent,Horizon Primary Academy,www.horizon-tkat.org/,Swanley,BR8 7BT,South East,no
147054,886,Kent,Hornbeam Primary School,www.hornbeam.kent.sch.uk,Deal,CT14 9PQ,South East,no
144099,886,Kent,Horton Kirby Church of England Primary School,www.hortonkirby.kent.sch.uk,Dartford,DA4 9BN,South East,no
118726,886,Kent,Hunton Church of England Primary School,http://www.hunton.kent.sch.uk,Maidstone,ME15 0SJ,South East,no
151233,886,Kent,Ightham Primary School,www.ightham.kent.sch.uk,Sevenoaks,TN15 9DD,South East,no
136582,886,Kent,Invicta Grammar School,http://www.invicta.viat.org.uk,Maidstone,ME14 5DS,South East,no
142052,886,Kent,Istead Rise Primary School,,Gravesend,DA13 9HG,South East,no
140900,886,Kent,Iwade School,www.iwade-ba-mat.org.uk,Sittingbourne,ME9 8RS,South East,no
149623,886,Kent,John Mayne Church of England Primary School,www.john-mayne.kent.sch.uk/,Ashford,TN27 8AL,South East,no
137660,886,Kent,Joydens Wood Infant School,www.joydens-wood-infant.kent.sch.uk/,Bexley,DA5 2JD,South East,no
137661,886,Kent,Joydens Wood Junior School,http://www.joydens-wood-junior.kent.sch.uk,Dartford,DA2 7NE,South East,no
141025,886,Kent,Jubilee Primary School,www.jubileeprimaryschool.org.uk,Maidstone,ME16 8PF,South East,no
118277,886,Kent,Kemsing Primary School,http://www.kemsing.kent.sch.uk,Sevenoaks,TN15 6PU,South East,no
139396,886,Kent,Kemsley Primary Academy,www.kemsley.kent.sch.uk,Sittingbourne,ME10 2RP,South East,no
141329,886,Kent,Kennington Church of England Academy,http://www.kennington.school,Ashford,TN24 9AG,South East,no
136584,886,Kent,King Ethelbert School,http://www.kingethelbert.com/,Birchington,CT7 9BL,South East,no
118585,886,Kent,King's Farm Primary School,www.kings-farm.kent.sch.uk,Gravesend,DA12 5JT,South East,no
130952,886,Kent,Kings Hill School Primary and Nursery,www.kingshillschool.org.uk/,West Malling,ME19 4LS,South East,no
148308,886,Kent,Kingsdown and Ringwould Church of England Primary School,http://www.kingsdown-ringwould.kent.sch.uk,Deal,CT14 8DD,South East,no
142429,886,Kent,Kingsnorth Church of England Primary School,www.kingsnorth.kent.sch.uk,Ashford,TN23 3EF,South East,no
118524,886,Kent,Kingswood Primary School,www.kingswoodkentsch.co.uk,Maidstone,ME17 3QF,South East,no
145014,886,Kent,Knockhall Primary School,www.knockhallprimaryschool.co.uk,Greenhithe,DA9 9RF,South East,no
136128,886,Kent,Knole Academy,www.knoleacademy.org,Sevenoaks,TN13 3LE,South East,no
118721,886,Kent,"Lady Boswell's Church of England Voluntary Aided Primary School, Sevenoaks",http://www.ladyboswells.kent.sch.uk,Sevenoaks,TN13 3RW,South East,no
118706,886,Kent,Lady Joanna Thornhill Endowed Primary School,www.ladyj.kent.sch.uk/,Ashford,TN25 5EA,South East,no
134971,886,Kent,Laleham Gap School,www.lgs.kent.sch.uk,Ramsgate,CT12 6FH,South East,no
118711,886,Kent,Langafel Church of England Voluntary Controlled Primary School,www.langafel.kent.sch.uk/,Longfield,DA3 7PW,South East,no
118398,886,Kent,Langdon Primary School,www.langdonprimaryschool.co.uk,Dover,CT15 5JQ,South East,no
118465,886,Kent,Langton Green Primary School,www.langton-green-school.org,Tunbridge Wells,TN3 0JG,South East,no
141548,886,Kent,Lansdowne Primary School,www.lansdowne.kent.sch.uk/,Sittingbourne,ME10 3BH,South East,no
118264,886,Kent,Lawn Primary School,http://www.lawnprimary.co.uk,Gravesend,DA11 9HB,South East,no
147866,886,Kent,Leigh Academy Bearsted,https://bearstedprimaryacademy.org.uk/,Maidstone,ME14 5GA,South East,no
142517,886,Kent,Leigh Academy Cherry Orchard,www.cherryorchardprimaryacademy.org.uk,Ebbsfleet,DA10 1AD,South East,no
141534,886,Kent,Leigh Academy Dartford,www.dartfordprimary.org.uk/,Dartford,DA1 1SQ,South East,no
139615,886,Kent,Leigh Academy Hartley,www.leighacademyhartley.org.uk,Longfield,DA3 8BT,South East,no
147280,886,Kent,Leigh Academy Horsmonden,https://horsmondenprimaryacademy.org.uk/,Tonbridge,TN12 8NJ,South East,no
150743,886,Kent,Leigh Academy Hugh Christie,https://leighacademyhughchristie.org.uk,Tonbridge,TN10 4PU,South East,no
142188,886,Kent,Leigh Academy Langley Park,www.langleyparkprimaryacademy.org.uk,Maidstone,ME17 3FX,South East,no
137883,886,Kent,Leigh Academy Milestone,www.leighacademymilestone.org.uk,Longfield,DA3 8JZ,South East,no
150935,886,Kent,Leigh Academy Minster,,Sheerness,ME12 3JQ,South East,no
138195,886,Kent,Leigh Academy Molehill,http://www.molehillprimaryacademy.org.uk,Maidstone,ME15 7ND,South East,no
137881,886,Kent,Leigh Academy Oaks,https://www.leighacademyoaks.org.uk/,Maidstone,ME15 9AX,South East,no
147409,886,Kent,Leigh Academy Paddock Wood,www.leighacademypaddockwood.org.uk,Tonbridge,TN12 6JE,South East,no
136349,886,Kent,Leigh Academy Tonbridge,http://leighacademytonbridge.org.uk,Tonbridge,TN9 2PH,South East,no
137882,886,Kent,Leigh Academy Tree Tops,http://www.treetopsprimaryacademy.org/,Maidstone,ME15 9EZ,South East,no
118278,886,Kent,Leigh Primary School,www.leighprimaryschool.com,Tonbridge,TN11 8QP,South East,no
118294,886,Kent,Lenham Primary School,http://www.lenham.kent.sch.uk,Maidstone,ME17 2LL,South East,no
143987,886,Kent,"Leybourne, St Peter and St Paul Church of England Primary Academy",http://www.leybourne.school,West Malling,ME19 5HD,South East,no
118657,886,Kent,Littlebourne Church of England Primary School,http://www.littlebourne.kent.sch.uk,Canterbury,CT3 1XS,South East,no
118575,886,Kent,Long Mead Community Primary School,www.long-mead.kent.sch.uk/,Tonbridge,TN10 3JU,South East,no
135630,886,Kent,Longfield Academy,http://www.longfieldacademy.org,Longfield,DA3 7PH,South East,no
146143,886,Kent,Loose Primary School,www.loose-primary.kent.sch.uk/,Maidstone,ME15 9UW,South East,no
118341,886,Kent,Lower Halstow Primary School,www.lower-halstow.kent.sch.uk,Sittingbourne,ME9 7ES,South East,no
138034,886,Kent,Luddenham School,www.luddenham.kent.sch.uk,Faversham,ME13 0TE,South East,no
118516,886,Kent,Lunsford Primary School,http://www.lunsford.kent.sch.uk,Aylesford,ME20 6PY,South East,no
141660,886,Kent,Lydd Primary School,www.lyddprimary.org.uk,Romney Marsh,TN29 9HW,South East,no
118679,886,Kent,Lyminge Church of England Primary School,www.lymingeprimaryschool.co.uk/,Folkestone,CT18 8JA,South East,no
118680,886,Kent,Lympne Church of England Primary School,www.lympne.kent.sch.uk,Hythe,CT21 4JG,South East,no
137467,886,Kent,Lynsted and Norton Primary School,www.lynsted-norton.kent.sch.uk,Sittingbourne,ME9 0RL,South East,no
118488,886,Kent,Madginford Primary School,www.madginfordprimaryschool.co.uk,Maidstone,ME15 8LH,South East,no
135465,886,Kent,Maidstone and Malling Alternative Provision,www.m-map.co.uk,Maidstone,ME16 8AU,South East,no
137615,886,Kent,"Maidstone, St John's Church of England Primary School",www.st-johns-maidstone.kent.sch.uk/,Maidstone,ME14 5TZ,South East,no
142591,886,Kent,Manor Community Primary School,www.manor.kent.sch.uk/,Swanscombe,DA10 0BU,South East,no
148116,886,Kent,Marden Primary Academy,www.mardenprimaryacademy.org.uk,Tonbridge,TN12 9JX,South East,no
118694,886,Kent,"Margate, Holy Trinity and St John's Church of England Primary School",www.holytrinitymargate.co.uk/,Margate,CT9 1LU,South East,no
140433,886,Kent,Martello Primary,www.turnermartello.org,Folkestone,CT19 6DT,South East,no
136847,886,Kent,Mascalls Academy,http://www.mascallsacademy.org.uk,Tonbridge,TN12 6LT,South East,no
137834,886,Kent,"Mayfield Grammar School, Gravesend",http://www.mgsg.kent.sch.uk/,Gravesend,DA11 0JE,South East,no
149975,886,Kent,Maypole Primary School,www.maypole.kent.sch.uk/,Dartford,DA2 7UZ,South East,no
136351,886,Kent,Meopham Community Academy,http://www.meophamca.com,Gravesend,DA13 0JW,South East,no
139075,886,Kent,Meopham School,meophamschool.org.uk,Gravesend,DA13 0AH,South East,no
118307,886,Kent,Mereworth Community Primary School,www.mereworth.kent.sch.uk,Maidstone,ME18 5ND,South East,no
118377,886,Kent,Mersham Primary School,www.mersham.kent.sch.uk/,Ashford,TN25 6NU,South East,no
137483,886,Kent,Milstead and Frinsted Church of England Primary School,http://www.milstead.kent.sch.uk,Sittingbourne,ME9 0SJ,South East,no
139397,886,Kent,Milton Court Primary Academy,www.milton-court.kent.sch.uk,Sittingbourne,ME10 2EE,South East,no
118696,886,Kent,Minster Church of England Primary School,http://www.minster-ramsgate.kent.sch.uk/,Ramsgate,CT12 4PS,South East,no
143606,886,Kent,Minster in Sheppey Primary School,http://www.minster-sheppey.kent.sch.uk,Sheerness,ME12 2HX,South East,no
144869,886,Kent,Minterne Junior School,http://www.minterne.org,Sittingbourne,ME10 1SB,South East,no
118697,886,Kent,Monkton Church of England Primary School,http://www.monkton.kent.sch.uk,Ramsgate,CT12 4JQ,South East,no
141472,886,Kent,More Park Catholic Primary School,www.moreparkprimary.co.uk/,West Malling,ME19 6HN,South East,no
145012,886,Kent,Morehall Primary School and Nursery,www.turnermorehall.org,Folkestone,CT19 4PN,South East,no
148711,886,Kent,Mundella Primary School,http://www.mundella.kent.sch.uk,Folkestone,CT19 5QX,South East,no
135372,886,Kent,New Line Learning Academy,https://www.newlinelearning.com/,Maidstone,ME15 9QL,South East,no
150599,886,Kent,Newington Community Primary School,www.newington-ramsgate.org.uk/,Ramsgate,CT12 6HX,South East,no
138436,886,Kent,Newlands Primary School,www.newlands-tkat.org,Ramsgate,CT11 7AJ,South East,no
119050,886,Kent,Nexus Foundation Special School,http://www.nexusschool.org.uk/,Tonbridge,TN11 8AA,South East,no
118688,886,Kent,Nonington Church of England Primary School,www.noningtonprimary.co.uk/,Dover,CT15 4LB,South East,no
150769,886,Kent,Nore Academy,,Sheerness,ME12 3AP,South East,no
118301,886,Kent,North Borough Junior School,www.north-borough.kent.sch.uk/,Maidstone,ME14 2BP,South East,no
147055,886,Kent,Northbourne Church of England Primary School,www.northbourne-cep.kent.sch.uk,Deal,CT14 0LP,South East,no
138434,886,Kent,Northdown Primary School,www.northdown-tkat.org,Margate,CT9 3RE,South East,no
118229,886,Kent,Northfleet Nursery School,www.northfleetnursery.co.uk,Gravesend,DA11 9JS,South East,no
118788,886,Kent,Northfleet School for Girls,http://www.nsfg.org.uk,Gravesend,DA11 8AQ,South East,no
143218,886,Kent,Oakfield Primary Academy,http://www.oakfield-dartford.co.uk,Dartford,DA1 2SW,South East,no
136727,886,Kent,Oakwood Park Grammar School,http://www.opgs.org,Maidstone,ME16 8AH,South East,no
118308,886,Kent,Offham Primary School,http://www.offham.kent.sch.uk,West Malling,ME19 5NX,South East,no
136304,886,Kent,Orchards Academy,http://www.orchards-tkat.org,Swanley,BR8 7TE,South East,no
118646,886,Kent,Ospringe Church of England Primary School,www.ospringeprimary.co.uk/,Faversham,ME13 8TX,South East,no
118279,886,Kent,Otford Primary School,www.otford.kent.sch.uk,Sevenoaks,TN14 5PG,South East,no
141532,886,Kent,"Our Lady of Hartley Catholic Primary School, Hartley, Longfield",http://www.ourladyhartley.kent.sch.uk/,Longfield,DA3 8BL,South East,no
118491,886,Kent,Painters Ash Primary School,www.paintersashprimary.co.uk,Gravesend,DA11 8EL,South East,no
135106,886,Kent,Palace Wood Primary School,www.palacewoodprimary.org.uk/,Maidstone,ME16 0AB,South East,no
148992,886,Kent,Palm Bay Primary School,http://www.palmbay.uk,Margate,CT9 3PP,South East,no
118490,886,Kent,Palmarsh Primary School,http://www.palmarsh.kent.sch.uk,Hythe,CT21 6NE,South East,no
118302,886,Kent,Park Way Primary School,http://www.park-way.kent.sch.uk,Maidstone,ME15 7AH,South East,no
118536,886,Kent,Parkside Community Primary School,www.parksidecommunityprimaryschool.co.uk,Canterbury,CT1 1EP,South East,no
118280,886,Kent,Pembury School,http://www.pembury.kent.sch.uk,Tunbridge Wells,TN2 4EB,South East,no
139810,886,Kent,Petham Primary School,http://www.petham.kent.sch.uk/,Canterbury,CT4 5RD,South East,no
133961,886,Kent,Phoenix Community Primary School,www.phoenix-primary.kent.sch.uk/,Ashford,TN24 9LS,South East,no
145951,886,Kent,Pilgrims' Way Primary School,https://www.pilgrims-way.kent.sch.uk,Canterbury,CT1 1XU,South East,no
118295,886,Kent,Platts Heath Primary School,https://plattsheathkentsch.co.uk/,Maidstone,ME17 2NH,South East,no
118309,886,Kent,Plaxtol Primary School,http://www.plaxtol.kent.sch.uk/,Sevenoaks,TN15 0QD,South East,no
138001,886,Kent,Pluckley Church of England Primary School,https://www.pluckley-tkat.org/,Ashford,TN27 0QS,South East,no
119062,886,Kent,Portal House School,,Dover,CT15 6SS,South East,no
118401,886,Kent,Preston Primary School,www.prestonprimary.org.uk,Canterbury,CT3 1HB,South East,no
143073,886,Kent,Priory Fields School,http://www.prioryfields.kent.sch.uk,Dover,CT17 0FS,South East,no
118416,886,Kent,Priory Infant School,www.priory.kent.sch.uk,Ramsgate,CT11 9XT,South East,no
136570,886,Kent,Queen Elizabeth's Grammar School,http://www.queenelizabeths.kent.sch.uk,Faversham,ME13 7BQ,South East,no
147749,886,Kent,Queenborough School and Nursery,http://www.queenborough.kent.sch.uk,Queenborough,ME11 5DF,South East,no
142117,886,Kent,Ramsgate Arts Primary School,http://www.ramsgateartsprimaryschool.co.uk/,Ramsgate,CT12 6PP,South East,no
141216,886,Kent,Reculver Church of England Primary School,www.reculver.kent.sch.uk,Herne Bay,CT6 6TA,South East,no
136794,886,Kent,Regis Manor Primary School,www.regismanor.org.uk,Sittingbourne,ME10 2HW,South East,no
137806,886,Kent,Repton Manor Primary School,http://www.reptonmanorprimary.co.uk/,Ashford,TN23 3RX,South East,no
145013,886,Kent,Richmond Primary School,https://richmond.kent.sch.uk,Sheerness,ME12 2ET,South East,no
147083,886,Kent,River Mill Primary School,www.rivermillprimaryschool.co.uk,Dartford,DA1 5XR,South East,no
118393,886,Kent,River Primary School,www.river.kent.sch.uk/,Dover,CT17 0PP,South East,no
118453,886,Kent,Riverhead Infants' School,http://www.riverhead.kent.sch.uk,Riverhead,TN13 2AS,South East,no
142363,886,Kent,Riverview Infant School,www.riverview-infant.com,Gravesend,DA12 4SD,South East,no
145117,886,Kent,Riverview Junior School,https://www.riverview-junior.co.uk/,Gravesend,DA12 4SD,South East,no
118346,886,Kent,Rodmersham School,www.rodmersham.kent.sch.uk/,Sittingbourne,ME9 0PS,South East,no
147563,886,Kent,Rolvenden Primary School,http://www.rolvenden.kent.sch.uk,Cranbrook,TN17 4LS,South East,no
118348,886,Kent,Rose Street Primary School,www.swfed.co.uk,Sheerness,ME12 1AW,South East,no
146376,886,Kent,Rosherville Church of England Academy,www.rosherville.co.uk,Northfleet,DA11 9JQ,South East,no
119045,886,Kent,Rowhill School,http://www.rowhill.kent.sch.uk,Longfield,DA3 7PW,South East,no
144615,886,Kent,Royal Rise Primary School,,Tonbridge,TN9 2DQ,South East,no
151115,886,Kent,Rusthall St Paul's CofE Primary School,www.rusthall-cep.org.uk,Tunbridge Wells,TN4 8RZ,South East,no
118310,886,Kent,Ryarsh Primary School,www.ryarsh.kent.sch.uk/,West Malling,ME19 5LS,South East,no
137609,886,Kent,Saint George's Church of England School,http://www.saintgeorgescofe.kent.sch.uk,Gravesend,DA11 7LS,South East,no
138438,886,Kent,Salmestone Primary School,www.salmestone-tkat.org/,Margate,CT9 4DB,South East,no
118505,886,Kent,Sandgate Primary School,www.sandgateprimaryschool.co.uk/,Folkestone,CT20 3QU,South East,no
118282,886,Kent,Sandhurst Primary School,www.sandhurst.kent.sch.uk,Cranbrook,TN18 5JE,South East,no
118511,886,Kent,Sandling Primary School,http://www.sandling.kent.sch.uk/,Maidstone,ME14 2JG,South East,no
147056,886,Kent,Sandown School,http://www.sandown.kent.sch.uk/,Deal,CT14 6PY,South East,no
148502,886,Kent,Sandwich Infant School,www.sandwich-infant.kent.sch.uk/,Sandwich,CT13 9HT,South East,no
118548,886,Kent,Sandwich Junior School,www.sandwich-junior.kent.sch.uk/,Sandwich,CT13 0AS,South East,no
136317,886,Kent,Sandwich Technology School,http://www.sandwich-tech.kent.sch.uk,Sandwich,CT13 0FA,South East,no
144716,886,Kent,School of Science and Technology Maidstone,,Maidstone,ME14 5GQ,South East,no
118678,886,Kent,Seabrook Church of England Primary School,www.seabrookprimaryschool.co.uk/,Hythe,CT21 5RL,South East,no
149978,886,Kent,Seal Church of England Voluntary Controlled Primary School,https://www.sealprimary.org.uk/,Sevenoaks,TN15 0DJ,South East,no
149123,886,Kent,Sedley's Church of England Primary School,www.sedleys.kent.sch.uk/,Gravesend,DA13 9NR,South East,no
118387,886,Kent,Sellindge Primary School,www.sellindge-ashford.co.uk/,Ashford,TN25 6JY,South East,no
137481,886,Kent,Selling Church of England Primary School,http://www.selling-faversham.kent.sch.uk/,Faversham,ME13 9RQ,South East,no
118683,886,Kent,Selsted Church of England Primary School,www.selstedschool.org/,Dover,CT15 7HH,South East,no
118526,886,Kent,Senacre Wood Primary School,www.senacre-wood.kent.sch.uk/,Maidstone,ME15 8QQ,South East,no
118551,886,Kent,Sevenoaks Primary School,www.sevenoaks.kent.sch.uk,Sevenoaks,TN13 3LB,South East,no
138170,886,Kent,Shatterlocks Infant and Nursery School,http://www.shatterlocks.com,Dover,CT16 2PB,South East,no
148918,886,Kent,Shears Green Infant School,http://www.shearsgreeninfantschool.co.uk,Gravesend,DA11 7JF,South East,no
137397,886,Kent,Sheldwich Primary School,http://www.sheldwich.kent.sch.uk,Faversham,ME13 0LU,South East,no
118691,886,Kent,Shepherdswell Church of England Primary School,www.shepherdswell.kent.sch.uk/,DOVER,CT15 7LH,South East,no
118311,886,Kent,Shipbourne School,http://www.shipbourne.kent.sch.uk,Tonbridge,TN11 9PB,South East,no
147057,886,Kent,Sholden Church of England Primary School,www.sholdenprimary.org.uk,Deal,CT14 0AB,South East,no
151495,886,Kent,Shoreham Village School,www.shorehamvillageschool.net,Sevenoaks,TN14 7SN,South East,no
141578,886,Kent,Shorne Church of England Primary School,www.shorne.kent.sch.uk,Gravesend,DA12 3DU,South East,no
118840,886,Kent,Simon Langton Girls' Grammar School,http://www.langton.kent.sch.uk/,Canterbury,CT1 3EW,South East,no
118479,886,Kent,Singlewell Primary School,www.singlewell.kent.sch.uk,Gravesend,DA12 5TY,South East,no
136501,886,Kent,Sir Roger Manwood's School,http://www.manwoods.co.uk,Sandwich,CT13 9JX,South East,no
135888,886,Kent,Skinners' Kent Academy,https://www.skinnerskentacademy.org.uk/,Tunbridge Wells,TN2 4PY,South East,no
141085,886,Kent,Skinners' Kent Primary School,www.skps.org.uk,Tunbridge Wells,TN2 3GS,South East,no
118285,886,Kent,Slade Primary School and Attached Unit for Children with Hearing Impairment,www.slade.kent.sch.uk,Tonbridge,TN9 1HR,South East,no
137529,886,Kent,Smarden Primary School,www.smardenprimaryschool.co.uk/,Ashford,TN27 8ND,South East,no
118381,886,Kent,Smeeth Community Primary School,www.smeeth.kent.sch.uk,Ashford,TN25 6RX,South East,no
147870,886,Kent,Snowfields Academy,http://www.snowfieldsacademy.org.uk/,Maidstone,ME14 5GA,South East,no
140521,886,Kent,South Avenue Primary School,www.southavenue.kent.sch.uk,Sittingbourne,ME10 4SU,South East,no
141650,886,Kent,South Borough Primary School,http://www.southboroughprimary.org.uk,Maidstone,ME15 6TL,South East,no
118712,886,Kent,Southborough CofE Primary School,http://www.southborough.kent.sch.uk,Tunbridge Wells,TN4 0JY,South East,no
118607,886,Kent,Speldhurst Church of England Voluntary Aided Primary School,http://www.speldhurst.kent.sch.uk,Tunbridge Wells,TN3 0NP,South East,no
147850,886,Kent,Springhead Park Primary School,www.springheadparkprimary.com,Northfleet,DA11 8BY,South East,no
118659,886,Kent,St Alphege Church of England Infant School,http://www.st-alphege.kent.sch.uk,Whitstable,CT5 1DA,South East,no
118765,886,Kent,St Anselm's Catholic Primary School,http://www.st-anselms.kent.sch.uk/,Dartford,DA1 5EA,South East,no
140874,886,Kent,"St Anselm's Catholic School, Canterbury",http://www.stanselmscanterbury.org.uk/,Canterbury,CT1 3EN,South East,no
136923,886,Kent,St Augustine Academy,http://www.saa.woodard.co.uk/,Maidstone,ME16 8AE,South East,no
144836,886,Kent,St Augustine's Catholic Primary School,https://www.st-augustines.kent.sch.uk/,Tunbridge Wells,TN4 9AL,South East,no
149261,886,Kent,St Augustine's Catholic Primary School,https://www.staugustineshythe.org.uk/,Hythe,CT21 4BE,South East,no
118724,886,Kent,St Barnabas CofE VA Primary School,www.st-barnabas.kent.sch.uk/,Tunbridge Wells,TN1 2EY,South East,no
118860,886,Kent,"St Bartholomew's Catholic Primary School, Swanley",http://www.st-bartholomewsrc-pri.kent.sch.uk/,Swanley,BR8 7AY,South East,no
141579,886,Kent,St Botolph's Church of England Primary School,www.st-botolphs.kent.sch.uk,Gravesend,DA11 9PL,South East,no
118411,886,Kent,St Crispin's Community Primary Infant School,http://www.st-crispinsinfants.org.uk,Westgate-on-Sea,CT8 8EB,South East,no
139315,886,Kent,St Eanswythe's Church of England Primary School,http://www.st-eanswythes.kent.sch.uk/,Folkestone,CT20 1SE,South East,no
141217,886,Kent,St Edmund's Catholic School,www.st-edmunds.com,Dover,CT16 2QB,South East,no
141386,886,Kent,St Edward's Catholic Primary School,www.st-edwards-sheerness.co.uk,Sheerness,ME12 1BW,South East,no
118764,886,Kent,St Ethelbert's Catholic Primary School,www.stethelbertsschool.co.uk,Ramsgate,CT11 7LS,South East,no
118853,886,Kent,"St Francis' Catholic Primary School, Maidstone",www.st-francis.kent.sch.uk,Maidstone,ME16 0LB,South East,no
118919,886,Kent,St George's Church of England Foundation School,http://www.stgeorges-school.org.uk/,Broadstairs,CT10 2LH,South East,no
142372,886,Kent,St Georges CofE (Aided) Primary School,http://www.st-georges-sheppey.kent.sch.uk/,Sheerness,ME12 3QU,South East,no
140873,886,Kent,"St Gregory's Catholic Primary School, Margate",www.st-gregorys.kent.sch.uk,Margate,CT9 4BU,South East,no
140640,886,Kent,St Gregory's Catholic School,http://www.sgschool.org.uk,Tunbridge Wells,TN4 9XL,South East,no
138074,886,Kent,St James the Great Academy,http://www.stjamesthegreatacademy.org/,East Malling,ME19 6SD,South East,no
142156,886,Kent,"St John's Catholic Primary School, Gravesend",http://www.stjohnsprimary.kent.sch.uk,Gravesend,DA12 2SY,South East,no
118611,886,Kent,St John's Church of England Primary School,www.st-johns-school.org.uk/,Tunbridge Wells,TN4 9EW,South East,no
137071,886,Kent,St Johns Church of England Primary School,www.stjohns-canterbury.kent.sch.uk/,Canterbury,CT1 1BD,South East,no
140520,886,Kent,"St Joseph's Catholic Primary School, Aylesham",www.stjosephs-aylesham.co.uk,Canterbury,CT3 3AS,South East,no
140641,886,Kent,"St Joseph's Catholic Primary School, Broadstairs",www.st-josephs-broadstairs.kent.sch.uk,Broadstairs,CT10 2BA,South East,no
141580,886,Kent,"St Joseph's Catholic Primary School, Northfleet",www.st-josephs-northfleet.kent.sch.uk/,Gravesend,DA11 9QZ,South East,no
147591,886,Kent,St Katherine's School & Nursery,www.stkatherineskent.co.uk,Snodland,ME6 5EJ,South East,no
138592,886,Kent,St Laurence In Thanet Church of England Junior Academy,www.stlaurencejuniors.co.uk/,Ramsgate,CT11 0QX,South East,no
118704,886,Kent,St Lawrence Church of England Primary School,http://www.st-lawrence-sevenoaks.kent.sch.uk,Sevenoaks,TN15 0LN,South East,no
141156,886,Kent,St Margaret Clitherow Catholic Primary School,www.stmargaretclitherowschool.org.uk,Tonbridge,TN11 9NG,South East,no
118495,886,Kent,St Margaret's-at-Cliffe Primary School,http://www.stmargaretsprimary.co.uk,Dover,CT15 6SS,South East,no
118613,886,Kent,St Mark's Church of England Primary School,http://www.st-marks.kent.sch.uk,Tunbridge Wells,TN4 8LN,South East,no
145081,886,Kent,"St Mark's Church of England Primary School, Eccles",www.st-marks-aylesford.kent.sch.uk,Aylesford,ME20 7HS,South East,no
143075,886,Kent,St Martin's School,www.stmartins.kent.sch.uk/,Dover,CT17 9LY,South East,no
141220,886,Kent,St Mary of Charity CofE (Aided) Primary School,,Faversham,ME13 8AP,South East,no
141065,886,Kent,St Mary's Catholic Primary School,www.stmarysdeal.co.uk/,Deal,CT14 9LF,South East,no
142162,886,Kent,"St Mary's Catholic Primary School, Whitstable",http://www.st-marys-whitstable.kent.sch.uk,Whitstable,CT5 2EY,South East,no
143788,886,Kent,St Michael's Church of England Primary School,www.stmcep.school,Tenterden,TN30 6PU,South East,no
118405,886,Kent,St Mildred's Primary Infant School,http://www.st-mildreds.kent.sch.uk,Broadstairs,CT10 2BX,South East,no
118698,886,Kent,St Nicholas At Wade Church of England Primary School,www.st-nicholas-birchington.kent.sch.uk/,Birchington,CT7 0PY,South East,no
142814,886,Kent,St Nicholas Church of England Primary Academy,www.st-nicholas-newromney.kent.sch.uk,New Romney,TN28 8BP,South East,no
119059,886,Kent,St Nicholas' School,http://www.st-nicholas.kent.sch.uk,Canterbury,CT1 3JJ,South East,no
118461,886,Kent,St Paul's Infant School,www.stpaulsmaidstone.co.uk,Maidstone,ME14 2BS,South East,no
118590,886,Kent,St Pauls' Church of England Voluntary Controlled Primary School,www.st-pauls-swanley.kent.sch.uk,Swanley Village,BR8 7PJ,South East,no
141471,886,Kent,St Peter's Catholic Primary School,www.st-peters-sittingbourne.co.uk,Sittingbourne,ME10 1UJ,South East,no
118707,886,Kent,St Peter's Methodist Primary School,http://www.st-peters-canterbury.kent.sch.uk,Canterbury,CT1 2DH,South East,no
141497,886,Kent,St Richard's Catholic Primary School,http://www.st-richards.kent.sch.uk,Dover,CT16 1EZ,South East,no
118695,886,Kent,St Saviour's Church of England Junior School,www.stsavioursjunior.com,Westgate on Sea,CT8 8LD,South East,no
140537,886,Kent,St Simon Stock Catholic School,http://www.ssscs.co.uk/,Maidstone,ME16 0JP,South East,no
141067,886,Kent,"St Simon of England Roman Catholic Primary School, Ashford",www.st-simon.kent.sch.uk,Ashford,TN23 4RB,South East,no
148501,886,Kent,St Stephen's Infant School,www.turnerststephensinfant.com,Canterbury,CT2 7AB,South East,no
136393,886,Kent,St Stephen's Junior School,www.ststephensjuniorschool.co.uk/,Canterbury,CT2 7AD,South East,no
144420,886,Kent,St Teresa's Catholic Primary School,www.st-teresas.kent.sch.uk/,Ashford,TN24 8QN,South East,no
118777,886,Kent,"St Thomas' Catholic Primary School, Canterbury",www.st-thomas-canterbury.kent.sch.uk,Canterbury,CT1 1NE,South East,no
141157,886,Kent,"St Thomas' Catholic Primary School, Sevenoaks",www.saintthomas.co.uk,Sevenoaks,TN13 1EH,South East,no
149666,886,Kent,St. Clement's CofE Primary School,www.stclementscep.co.uk,Sheerness,ME12 4AB,South East,no
130948,886,Kent,St. Edmund's Church of England Primary School,www.st-edmunds.kent.sch.uk,Sevenoaks,TN15 6JP,South East,no
118313,886,Kent,Staplehurst School,www.staplehurstschool.co.uk/,Tonbridge,TN12 0LZ,South East,no
141629,886,Kent,Stella Maris Catholic Primary School,www.stellamaris.kent.sch.uk/,Folkestone,CT19 5BY,South East,no
118681,886,Kent,Stelling Minnis Church of England Primary School,www.stelling-minnis.kent.sch.uk,Canterbury,CT4 6DU,South East,no
118501,886,Kent,Stocks Green Primary School,www.stocksgreenprimary.co.uk,Tonbridge,TN11 9AE,South East,no
147059,886,Kent,Stone Lodge School,https://www.stonelodgeschool.co.uk/,Dartford,DA2 6FY,South East,no
144098,886,Kent,Stone St Mary's CofE Primary School,http://www.stone.kent.sch.uk,Greenhithe,DA9 9EF,South East,no
118682,886,Kent,Stowting Church of England Primary School,http://www.stowting.kent.sch.uk,Ashford,TN25 6BE,South East,no
138738,886,Kent,Sturry Church of England Primary School,http://www.sturry.kent.sch.uk,Canterbury,CT2 0NR,South East,no
147729,886,Kent,Sunny Bank Primary School,www.sunnybank.kent.sch.uk,Sittingbourne,ME10 3QN,South East,no
118286,886,Kent,Sussex Road Community Primary School,http://www.sussex-road.kent.sch.uk/,Tonbridge,TN9 2TP,South East,no
118314,886,Kent,Sutton Valence Primary School,http://www.sutton-valence.kent.sch.uk,Maidstone,ME17 3HT,South East,no
144910,886,Kent,Sutton-At-Hone Church of England Primary School,www.sutton-at-hone.kent.sch.uk/,Dartford,DA4 9EX,South East,no
118558,886,Kent,Swalecliffe Community Primary School,http://www.swalecliffeprimary.org,Whitstable,CT5 2PH,South East,no
139436,886,Kent,Temple Ewell Church of England Primary School,www.temple-ewell.kent.sch.uk/,Dover,CT16 3DT,South East,no
139052,886,Kent,Temple Grove Academy,http://www.templegroveacademy.com/,Tunbridge Wells,TN2 3UA,South East,no
143219,886,Kent,Temple Hill Primary Academy,http://www.temple-hill.kent.sch.uk,Dartford,DA1 5ND,South East,no
143789,886,Kent,Tenterden Church of England Junior School,www.tenterdenprimaryfederation.kent.sch.uk/,Tenterden,TN30 6RA,South East,no
143787,886,Kent,Tenterden Infant School,www.tenterdenprimaryfederation.kent.sch.uk/,Tenterden,TN30 6RA,South East,no
118879,886,Kent,Thamesview School,http://www.thamesviewsch.co.uk/,Gravesend,DA12 4LF,South East,no
149893,886,Kent,The Abbey School,www.abbeyschoolfaversham.co.uk,Faversham,ME13 8RZ,South East,no
118255,886,Kent,The Anthony Roper Primary School,www.anthony-roper.kent.sch.uk/,Dartford,DA4 0AA,South East,no
140592,886,Kent,The Brent Primary School,www.brent.kent.sch.uk,Dartford,DA2 6BA,South East,no
136302,886,Kent,The Canterbury Academy,http://www.canterbury.kent.sch.uk/,Canterbury,CT2 8QA,South East,yes
136344,886,Kent,The Canterbury Primary School,www.canterbury.kent.sch.uk/,Canterbury,CT2 8PT,South East,no
144015,886,Kent,The Charles Dickens School,www.cds.kent.sch.uk,Broadstairs,CT10 2RL,South East,no
150255,886,Kent,The Churchill School,http://www.thechurchillschool.co.uk,Folkestone,CT18 7RH,South East,no
132764,886,Kent,The Craylands School,http://www.craylands.kent.sch.uk,Swanscombe,DA10 0LP,South East,no
147058,886,Kent,The Downs Church of England Primary School,http://www.downs.kent.sch.uk/,Deal,CT14 7TL,South East,no
137837,886,Kent,The Folkestone School for Girls,http://www.folkestonegirls.kent.sch.uk/,Folkestone,CT20 3RB,South East,no
140593,886,Kent,The Gateway Primary Academy,www.gateway-pri.kent.sch.uk/,Dartford,DA2 6DW,South East,no
138480,886,Kent,The Harvey Grammar School,http://www.harveygs.kent.sch.uk/,Folkestone,CT19 5JY,South East,no
147897,886,Kent,The Holmesdale School,https://www.holmesdale.kent.sch.uk,Snodland,ME6 5HS,South East,no
140980,886,Kent,The Holy Family Catholic Primary School,www.holyfamily.kent.sch.uk,Maidstone,ME15 9PS,South East,no
136197,886,Kent,The John Wallis Church of England Academy,http://www.thejohnwallisacademy.org,Ashford,TN23 3HG,South East,no
140987,886,Kent,The Leigh UTC,http://theleighutc.org.uk/,Dartford,DA1 5TF,South East,no
143954,886,Kent,The Lenham School,www.thelenham.viat.org.uk,Maidstone,ME17 2LL,South East,no
118897,886,Kent,The Malling School,www.themallingschool.kent.sch.uk,West Malling,ME19 6DH,South East,no
137833,886,Kent,The Maplesden Noakes School,http://www.maplesden.kent.sch.uk/,Maidstone,ME16 0TJ,South East,no
135290,886,Kent,The Marsh Academy,www.marshacademy.org.uk,New Romney,TN28 8BB,South East,no
148712,886,Kent,The North School,https://www.thenorthschool.org.uk/,Ashford,TN24 8AL,South East,no
138019,886,Kent,The Norton Knatchbull School,http://www.nks.kent.sch.uk,Ashford,TN24 0QJ,South East,no
144870,886,Kent,The Oaks Infant School,http://www.theoaksinfantschool.co.uk,Sittingbourne,ME10 1GL,South East,no
119058,886,Kent,The Orchard School,www.orchard-school.co.uk,Canterbury,CT1 3QQ,South East,no
135432,886,Kent,The Rosewood School,http://www.trs.kent.sch.uk/,West Malling,ME19 5FF,South East,no
149554,886,Kent,The Royal Harbour Academy,www.rha.kent.sch.uk,Ramsgate,CT12 6RH,South East,no
137687,886,Kent,The Sittingbourne School,http://www.thesittingbourneschool.org.uk,Sittingbourne,ME10 4NL,South East,no
140595,886,Kent,The Skinners' School,http://www.skinners-school.co.uk,Tunbridge Wells,TN4 9PG,South East,no
139696,886,Kent,The Wells Free School,www.thewellsfreeschool.co.uk/,Tunbridge Wells,TN4 8FA,South East,no
144354,886,Kent,The Whitstable School,www.thewhitstableschool.org.uk,Whitstable,CT5 1PX,South East,no
131748,886,Kent,The Wyvern School (Buxford),,Ashford,TN23 4ER,South East,no
140393,886,Kent,Thistle Hill Academy,http://www.thistlehill.kent.sch.uk,Sheerness,ME12 3UD,South East,no
147751,886,Kent,Thornden Wood Primary School,www.thorndenwood.kent.sch.uk/,Herne Bay,CT6 7RS,South East,no
118629,886,Kent,Thurnham Church of England Infant School,www.thurnham-infant.kent.sch.uk,Maidstone,ME14 4BL,South East,no
138232,886,Kent,Tiger Primary School,www.futureschoolstrust.com,Maidstone,ME15 9QL,South East,no
136417,886,Kent,Tonbridge Grammar School,http://www.tgs.kent.sch.uk,Tonbridge,TN9 2JR,South East,no
136583,886,Kent,Towers School and Sixth Form Centre,www.towers.kent.sch.uk,Ashford,TN24 9AL,South East,no
139554,886,Kent,Trinity School,http://www.trinitysevenoaks.org.uk/,Sevenoaks,TN13 3SL,South East,no
118790,886,Kent,Tunbridge Wells Grammar School for Boys,http://www.twgsb.org.uk/,Tunbridge Wells,TN4 9XB,South East,no
118493,886,Kent,Tunbury Primary School,www.tunbury.kent.sch.uk,Chatham,ME5 9HY,South East,no
145923,886,Kent,Turner Free School,www.turnerfreeschool.org,Folkestone,CT19 4PB,South East,no
135467,886,Kent,Two Bridges School,www.twobridgesschool.com,Tunbridge Wells,TN4 0DS,South East,no
140167,886,Kent,Tymberwood Academy,https://www.tymberwoodacademy.co.uk/,Gravesend,DA12 4BN,South East,no
143220,886,Kent,Upton Junior School,http://www.uptonjunior.com/,Broadstairs,CT10 2AH,South East,no
141628,886,Kent,Ursuline College,http://www.ursuline.kent.sch.uk/,Westgate-on-Sea,CT8 8LX,South East,no
145355,886,Kent,Vale View Community School,www.vale-view.kent.sch.uk,Dover,CT17 9NP,South East,no
119032,886,Kent,Valence School,www.valenceschool.com,Westerham,TN16 1QN,South East,no
140168,886,Kent,Valley Invicta Primary School At Aylesford,www.aylesford.viat.org.uk/,Aylesford,ME20 7JU,South East,no
144531,886,Kent,Valley Invicta Primary School At East Borough,www.eastborough.viat.org.uk,Maidstone,ME14 5DX,South East,no
140432,886,Kent,Valley Invicta Primary School At Kings Hill,www.kingshill.viat.org.uk,West Malling,ME19 4AL,South East,no
140430,886,Kent,Valley Invicta Primary School At Leybourne Chase,www.leybournechase.viat.org.uk,West Malling,ME19 5FF,South East,no
140431,886,Kent,Valley Invicta Primary School at Holborough Lakes,www.holboroughlakes.viat.org.uk,Snodland,ME6 5GR,South East,no
136581,886,Kent,Valley Park School,http://www.valleypark.viat.org.uk/,Maidstone,ME14 5DT,South East,no
118369,886,Kent,Victoria Road Primary School,http://www.victoriaroad.co.uk/,Ashford,TN23 7HQ,South East,no
118487,886,Kent,Vigo Village School,http://www.vigo.kent.sch.uk,Gravesend,DA13 0RL,South East,no
139186,886,Kent,Warden House Primary School,http://www.warden-house.kent.sch.uk,Deal,CT14 9SF,South East,no
138579,886,Kent,Water Meadows Primary School,www.watermeadows.kent.sch.uk,Canterbury,CT3 4HS,South East,no
118632,886,Kent,Wateringbury Church of England Primary School,www.wateringbury.kent.sch.uk/,Maidstone,ME18 5EA,South East,no
118283,886,Kent,Weald Community Primary School,www.weald.kent.sch.uk,Sevenoaks,TN14 6PY,South East,no
136455,886,Kent,Weald of Kent Grammar School,http://www.wealdgs.org,Tonbridge,TN9 2JP,South East,no
137836,886,Kent,Wentworth Primary School,www.wentworthonline.co.uk/,Dartford,DA1 3NG,South East,no
118568,886,Kent,West Borough Primary School,http://www.west-borough.kent.sch.uk/,Maidstone,ME16 8TL,South East,no
144668,886,Kent,West Hill Primary Academy,www.west-hill.kent.sch.uk/,Dartford,DA1 3DZ,South East,no
138737,886,Kent,West Malling Church of England Primary School and McGinty Speech and Language Srp,http://www.west-malling.kent.sch.uk,West Malling,ME19 6RL,South East,no
144005,886,Kent,Westcourt Primary School,www.westcourt.kent.sch.uk/,Gravesend,DA12 4JG,South East,no
142613,886,Kent,Westgate Primary School,https://www.westgateprimary.org/,Dartford,DA1 2LP,South East,no
136270,886,Kent,Westlands Primary School,www.westlandsprimary.org.uk/,Sittingbourne,ME10 1XN,South East,no
136286,886,Kent,Westlands School,http://www.westlands.org.uk/,Sittingbourne,ME10 1PF,South East,no
118363,886,Kent,Westmeads Community Infant School,www.westmeads.kent.sch.uk/,Whitstable,CT5 1NA,South East,no
138168,886,Kent,White Cliffs Primary and Nursery School,http://www.whitecliffsprimary.com,Dover,CT17 0LB,South East,no
140800,886,Kent,Whitehill Primary School,www.whitehillprimary.com,Gravesend,DA12 5HN,South East,no
118459,886,Kent,Whitfield Aspen School,www.whitfieldaspenschool.co.uk/,Dover,CT16 3LJ,South East,no
118364,886,Kent,Whitstable Junior School,www.whitstable-junior.kent.sch.uk/,Whitstable,CT5 1DB,South East,no
118660,886,Kent,Wickhambreaux Church of England Primary School,www.wickhambreaux-school.ik.org/,Canterbury,CT3 1RN,South East,no
118370,886,Kent,Willesborough Infant School,www.willesborough-infant.kent.sch.uk/,Ashford,TN24 0JZ,South East,no
118371,886,Kent,Willesborough Junior School,www.willesborough-js.kent.sch.uk/,Ashford,TN24 0JU,South East,no
136205,886,Kent,Wilmington Academy,www.wilmingtonacademy.org.uk,Wilmington,DA2 7DR,South East,no
137227,886,Kent,Wilmington Grammar School for Boys,http://www.wgsb.co.uk,Dartford,DA2 7DA,South East,no
137250,886,Kent,Wilmington Grammar School for Girls,http://www.gsgw.org.uk/,Dartford,DA2 7BB,South East,no
137663,886,Kent,Wilmington Primary School,www.wilmingtonprimaryschool.co.uk,Dartford,DA2 7DF,South East,no
118867,886,Kent,Wincheap Foundation Primary School,www.wincheap.kent.sch.uk,Canterbury,CT1 3SD,South East,no
118403,886,Kent,Wingham Primary School,www.winghamprimary.org.uk/,Canterbury,CT3 1BD,South East,no
118740,886,Kent,Wittersham Church of England Primary School,www.wittersham.kent.sch.uk,Tenterden,TN30 7EA,South East,no
118672,886,Kent,Woodchurch Church of England Primary School,http://www.woodchurch.kent.sch.uk,Ashford,TN26 3QJ,South East,no
142834,886,Kent,Woodlands Primary School,www.woodlands.kent.sch.uk,Tonbridge,TN10 4BB,South East,no
148370,886,Kent,Worth Primary School,http://www.worthprimary.co.uk,Deal,CT14 0DF,South East,no
118634,886,Kent,"Wouldham, All Saints Church of England Voluntary Controlled Primary School",http://www.wouldham.kent.sch.uk,Rochester,ME1 3GE,South East,no
145815,886,Kent,Wrotham Road Primary School,http://www.wrotham-road.kent.sch.uk,Gravesend,DA11 0QF,South East,no
139542,886,Kent,Wrotham School,http://www.wrothamschool.com/,Sevenoaks,TN15 7RD,South East,no
139664,886,Kent,Wye School,http://www.wyeschool.org.uk/,Wye,TN25 5EJ,South East,no
118745,886,Kent,Ash Cartwright and Kelsey Church of England Primary School,www.ashckschool.org,Canterbury,CT3 2JD,South East,yes
118738,886,Kent,"Ashford, St Mary's Church of England Primary School",www.st-marys-ashford.kent.sch.uk/,Ashford,TN23 1ND,South East,yes
118653,886,Kent,Barham Church of England Primary School,www.barham.kent.sch.uk/,CANTERBURY,CT4 6NX,South East,yes
118847,886,Kent,Borough Green Primary School,http://www.bgpschool.kent.sch.uk,Sevenoaks,TN15 8JZ,South East,yes
119036,886,Kent,Bower Grove School,http://www.bower-grove.kent.sch.uk,Maidstone,ME16 8NL,South East,yes
118654,886,Kent,Bridge and Patrixbourne Church of England Primary School,www.bridge.kent.sch.uk,Canterbury,CT4 5JX,South East,yes
118620,886,Kent,Burham Church of England Primary School,http://www.burham.kent.sch.uk,Rochester,ME1 3SY,South East,yes
118616,886,Kent,Churchill Church of England Voluntary Controlled Primary School,www.churchill.kent.sch.uk,Westerham,TN16 1EZ,South East,yes
118716,886,Kent,Colliers Green Church of England Primary School,www.colliers-green.kent.sch.uk/,Cranbrook,TN17 2LR,South East,yes
118615,886,Kent,Crockham Hill Church of England Voluntary Controlled Primary School,http://www.crockhamhill.kent.sch.uk,Edenbridge,TN8 6RP,South East,yes
118785,886,Kent,Dartford Science & Technology College,http://www.dstc.kent.sch.uk,Dartford,DA1 2LY,South East,yes
118858,886,Kent,Ditton Infant School,www.ditton-inf.kent.sch.uk/,Aylesford,ME20 6EB,South East,yes
118806,886,Kent,Dover Grammar School for Girls,http://dggs.kent.sch.uk/,Dover,CT16 2PZ,South East,yes
134515,886,Kent,Downsview Community Primary School,www.downsview-primary.kent.sch.uk,Swanley,BR8 8AU,South East,yes
119046,886,Kent,Elms School,http://www.elmsschool.org,Dover,CT17 9PS,South East,yes
119055,886,Kent,Five Acre Wood School,http://www.fiveacrewood.co.uk,Maidstone,ME15 9QF,South East,yes
119041,886,Kent,Foreland Fields School,www.foreland.kent.sch.uk,Ramsgate,CT12 6RH,South East,yes
119042,886,Kent,Goldwyn School,www.goldwyn.kent.sch.uk,Ashford,TN23 3BT,South East,yes
119051,886,Kent,Grange Park School,www.grange-park-school-kent.co.uk/,Sevenoaks,TN15 7RD,South East,yes
118864,886,Kent,Greatstone Primary School,www.greatstoneschool.co.uk,New Romney,TN28 8SY,South East,yes
135197,886,Kent,Green Park Community Primary School,www.greenparkcps.co.uk/,Dover,CT16 2BN,South East,yes
118622,886,Kent,Harrietsham Church of England Primary School,www.harrietsham.kent.sch.uk,Maidstone,ME17 1JZ,South East,yes
118734,886,Kent,Hartlip Endowed Church of England Primary School,www.hartlip.kent.sch.uk,Sittingbourne,ME9 7TL,South East,yes
118852,886,Kent,Herne Bay Junior School,http://www.hernebay-jun.kent.sch.uk/,Herne Bay,CT6 5DA,South East,yes
118647,886,Kent,Hernhill Church of England Primary School,www.hernhill.kent.sch.uk,Faversham,ME13 9JG,South East,yes
135118,886,Kent,Hextable Primary School,www.hextable-primary.kent.sch.uk/,Swanley,BR8 7RL,South East,yes
118859,886,Kent,"Holy Trinity Church of England Primary School, Dartford",http://www.holytrinitydartford.co.uk,Dartford,DA1 5AF,South East,yes
131020,886,Kent,Hythe Bay CofE Primary School,www.hythebay.kent.sch.uk,Hythe,CT21 6HS,South East,yes
118722,886,Kent,Ide Hill Church of England Primary School,https://idehill.eschools.co.uk/,Sevenoaks,TN14 6JT,South East,yes
119040,886,Kent,Ifield School,http://www.ifieldschool.com,Gravesend,DA12 5JT,South East,yes
135130,886,Kent,Joy Lane Primary Foundation School,www.joylane.kent.sch.uk/,Whitstable,CT5 4LT,South East,yes
118637,886,Kent,Laddingford St Mary's Church of England Voluntary Controlled Primary School,http://www.laddingford.kent.sch.uk,Maidstone,ME18 6BL,South East,yes
118604,886,Kent,Lamberhurst St Mary's CofE (Voluntary Controlled) Primary School,www.lamberhurst.kent.sch.uk,Tunbridge Wells,TN3 8EJ,South East,yes
118623,886,Kent,Leeds and Broomfield Church of England Primary School,www.leedsandbroomfieldkentsch.co.uk,Maidstone,ME17 1RL,South East,yes
118400,886,Kent,Lydden Primary School,http://www.lydden.kent.sch.uk,Dover,CT15 7LA,South East,yes
118835,886,Kent,Maidstone Grammar School,www.mgs.kent.sch.uk,Maidstone,ME15 7BT,South East,yes
118836,886,Kent,Maidstone Grammar School for Girls,http://www.mggs.org/,Maidstone,ME16 0SF,South East,yes
118625,886,Kent,"Maidstone, St Michael's Church of England Junior School",www.st-michaels-junior.kent.sch.uk,Maidstone,ME16 8ER,South East,yes
134783,886,Kent,Meadowfield School,www.meadowfield.kent.sch.uk,SITTINGBOURNE,ME10 4NL,South East,yes
130938,886,Kent,New Ash Green Primary School,http://www.new-ash.kent.sch.uk,Longfield,DA3 8JT,South East,yes
118649,886,Kent,Newington Church of England Primary School,www.newington.kent.sch.uk,Sittingbourne,ME9 7LB,South East,yes
118928,886,Kent,Northfleet Technology College,http://www.ntc.kent.sch.uk/,Gravesend,DA11 8BG,South East,yes
132148,886,Kent,Oakley School,http://www.oakleyschool.co.uk,Tunbridge Wells,TN2 4NE,South East,yes
118768,886,Kent,"Our Lady's Catholic Primary School, Dartford",http://www.our-ladys.kent.sch.uk,Dartford,DA1 2HX,South East,yes
118720,886,Kent,Penshurst Church of England Voluntary Aided Primary School,www.penshurstschool.org.uk,Tonbridge,TN11 8BX,South East,yes
118728,886,Kent,Platt Church of England Voluntary Aided Primary School,http://www.platt.kent.sch.uk,Sevenoaks,TN15 8FH,South East,yes
118751,886,Kent,"Ramsgate, Holy Trinity Church of England Primary School",www.ramsgateholytrinity.co.uk,Broadstairs,CT10 1RR,South East,yes
118849,886,Kent,Roseacre Junior School,http://www.roseacre.kent.sch.uk,Maidstone,ME14 4BL,South East,yes
118744,886,Kent,Saltwood CofE Primary School,http://www.saltwood.kent.sch.uk,Hythe,CT21 4QS,South East,yes
118436,886,Kent,Shears Green Junior School,www.shearsgreenjuniorschool.co.uk,Gravesend,DA11 7JB,South East,yes
118884,886,Kent,Simon Langton Grammar School for Boys,http://www.thelangton.org.uk/,Canterbury,CT4 7AS,South East,yes
135297,886,Kent,Sir Geoffrey Leigh Academy,http://www.sirgeoffreyleighacademy.org.uk/,Dartford,DA1 1QE,South East,yes
118717,886,Kent,Sissinghurst Voluntary Aided Church of England Primary School,www.sissinghurst.kent.sch.uk/,Cranbrook,TN17 2BH,South East,yes
118846,886,Kent,Snodland CofE Primary School,www.snodland.kent.sch.uk,Snodland,ME6 5HL,South East,yes
135305,886,Kent,Spires Academy,http://www.spiresacademy.com/,Canterbury,CT2 0HD,South East,yes
119037,886,Kent,St Anthony's School,http://www.st-anthonys.kent.sch.uk,Margate,CT9 3RA,South East,yes
118635,886,Kent,St George's Church of England Voluntary Controlled Primary School,http://www.st-georges-wrotham.kent.sch.uk/,Sevenoaks,TN15 7DL,South East,yes
118725,886,Kent,St James' Church of England Voluntary Aided Primary School,https://st-james.kent.sch.uk,Tunbridge Wells,TN2 3PR,South East,yes
118933,886,Kent,St John's Catholic Comprehensive,http://www.stjohnscs.com,Gravesend,DA12 2JW,South East,yes
118606,886,Kent,"St John's Church of England Primary School, Sevenoaks",www.stjohnssevenoaks.co.uk,Sevenoaks,TN13 3XD,South East,yes
118713,886,Kent,St Katharine's Knockholt Church of England Voluntary Aided Primary School,www.knockholt.kent.sch.uk/,Sevenoaks,TN14 7LS,South East,yes
118636,886,Kent,"St Margaret's, Collier Street Church of England Voluntary Controlled School",www.collier-street.kent.sch.uk/,Tonbridge,TN12 9RR,South East,yes
118754,886,Kent,St Mary's Church of England Voluntary Aided Primary School,http://www.st-marys-swanley.kent.sch.uk,Swanley,BR8 7BU,South East,yes
118709,886,Kent,St Matthew's High Brooms Church of England Voluntary Controlled Primary School,www.st-matthews-school.org,Tunbridge Wells,TN4 9DY,South East,yes
118626,886,Kent,St Michael's Church of England Infant School Maidstone,http://www.st-michaels-infant.kent.sch.uk,Maidstone,ME16 8ER,South East,yes
118614,886,Kent,St Peter's Church of England Primary School,http://www.st-peters.kent.sch.uk,Tunbridge Wells,TN2 5BW,South East,yes
118617,886,Kent,St Peter's Church of England Primary School,www.stpetersaylesford.kent.sch.uk,Aylesford,ME20 7BE,South East,yes
118750,886,Kent,St Peter-in-Thanet CofE Junior School,www.stpetersthanet.co.uk,Broadstairs,CT10 3EP,South East,yes
119056,886,Kent,Stone Bay School,http://stone-bay.kent.sch.uk/,Broadstairs,CT10 1EB,South East,yes
118608,886,Kent,Sundridge and Brasted Church of England Voluntary Controlled Primary School,http://www.sundridge.kent.sch.uk,Sevenoaks,TN14 6EA,South East,yes
118651,886,Kent,Teynham Parochial Church of England Primary School,www.teynham.kent.sch.uk,Sittingbourne,ME9 9BQ,South East,yes
118898,886,Kent,The Archbishop's School,http://www.archbishops-school.co.uk/,Canterbury,CT2 7AP,South East,yes
119044,886,Kent,The Beacon Folkestone,www.thebeacon.kent.sch.uk,Folkestone,CT19 5DN,South East,yes
134057,886,Kent,The Discovery School,www.discovery.kent.sch.uk,West Malling,ME19 4GJ,South East,yes
133627,886,Kent,The John Wesley Church of England Methodist Voluntary Aided Primary School,www.john-wesley.org.uk,Ashford,TN23 5LW,South East,yes
118843,886,Kent,The Judd School,http://judd.online,Tonbridge,TN9 2PN,South East,yes
118630,886,Kent,Trottiscliffe Church of England Primary School,http://www.trottiscliffe.kent.sch.uk/,West Malling,ME19 5EB,South East,yes
118789,886,Kent,Tunbridge Wells Girls' Grammar School,http://www.twggs.kent.sch.uk/,Tunbridge Wells,TN4 9UJ,South East,yes
118735,886,Kent,Tunstall Church of England (Aided) Primary School,http://www.tunstall.kent.sch.uk/,Sittingbourne,ME10 1YG,South East,yes
118631,886,Kent,Ulcombe Church of England Primary School,https://ulcombekentsch.co.uk/,Maidstone,ME17 1DU,South East,yes
118438,886,Kent,West Minster Primary School,www.swfed.co.uk,Sheerness,ME12 1ET,South East,yes
118737,886,Kent,Whitstable and Seasalter Endowed Church of England Junior School,http://www.whitstable-endowed.kent.sch.uk,Whitstable,CT5 1AY,South East,yes
118638,886,Kent,"Yalding, St Peter and St Paul Church of England Voluntary Controlled Primary School",http://www.yalding.kent.sch.uk,Maidstone,ME18 6DP,South East,yes
