urn,district_code,district_name,school_name,website,town,postcode,region,has_email_collected
119307,888,Lancashire,Abbey Village Primary School,www.abbeyvillage.lancs.sch.uk,Chorley,PR6 8DD,North West,yes
139290,888,Lancashire,Academy@Worden,http://www.academyatworden.co.uk,Leyland,PR25 1RN,North West,yes
135649,888,Lancashire,Accrington Academy,http://www.accrington-academy.org/,Accrington,BB5 4FF,North West,yes
151164,888,Lancashire,Accrington Benjamin Hargreaves Church of England Primary School,,Accrington,BB5 2AQ,North West,yes
148919,888,Lancashire,Accrington Huncoat Primary School,www.huncoat.lancs.sch.uk/,Accrington,BB5 6LR,North West,yes
119183,888,Lancashire,Accrington Hyndburn Park Primary School,www.hyndburnpark.lancs.sch.uk,Accrington,BB5 1ST,North West,yes
119184,888,Lancashire,Accrington Peel Park Primary School,www.peelpark.lancs.sch.uk,Accrington,BB5 6QR,North West,yes
119185,888,Lancashire,Accrington Spring Hill Community Primary School,www.springhillschool.co.uk/,Accrington,BB5 0JD,North West,yes
137421,888,Lancashire,Accrington St Christopher's Church of England High School,http://www.st-christophers.org/,Accrington,BB5 4AY,North West,yes
119445,888,Lancashire,Accrington St John with St Augustine Church of England Primary School,http://www.st-john-augustine.lancs.sch.uk,Accrington,BB5 6AD,North West,yes
119446,888,Lancashire,Accrington St Mary Magdalen's Church of England Primary School,www.st-marymagdalens.lancs.sch.uk/,Accrington,BB5 1DW,North West,yes
119341,888,Lancashire,Accrington Woodnook Primary School,www.woodnookschool.co.uk/,Accrington,BB5 2HS,North West,no
135347,888,Lancashire,Acorns Primary School,www.acorns.lancs.sch.uk,Preston,PR1 6AU,North West,yes
119330,888,Lancashire,Adlington Primary School,http://www.adlingtonprimaryschool.co.uk,Chorley,PR7 4JA,North West,yes
146755,888,Lancashire,Adlington St Paul's Church of England Primary School,,Chorley,PR6 9QZ,North West,yes
138544,888,Lancashire,Albany Academy,http://www.albanyacademy.co.uk,Chorley,PR7 3AY,North West,yes
119722,888,Lancashire,Alder Grange School,http://www.aldergrange.com,Rossendale,BB4 8HW,North West,yes
119802,888,Lancashire,All Hallows Catholic High School,http://www.allhallows.lancs.sch.uk,Preston,PR1 0LN,North West,yes
147565,888,Lancashire,"All Saints' Roman Catholic High School, a Voluntary Academy",http://www.allsaintshigh.lancs.sch.uk/,Rossendale,BB4 6SJ,North West,yes
151005,888,Lancashire,"Alston Lane Catholic Primary School, Longridge",www.alstonlane.lancs.sch.uk,Preston,PR3 3BJ,North West,no
119202,888,Lancashire,Anderton Primary School,www.andertonprimaryschool.co.uk/,Adlington,PR6 9NN,North West,yes
119146,888,Lancashire,Ansdell Primary School,www.ansdellprimary.co.uk/,Lytham St Annes,FY8 4DR,North West,no
119880,888,Lancashire,Applebee Wood Community Specialist School,www.applebeewood.co.uk,Preston,PR5 5SS,North West,yes
134991,888,Lancashire,Appletree Nursery School,,Lancaster,LA1 5QB,North West,yes
149981,888,Lancashire,Appley Bridge All Saints Church of England Primary Academy,www.appleybridgeallsaints.lancs.sch.uk/,Wigan,WN6 9DT,North West,no
119814,888,Lancashire,Archbishop Temple Church of England High School,http://www.archbishoptemple.com,Preston,PR2 8RA,North West,no
119523,888,Lancashire,Arkholme Church of England Primary School,http://www.arkholme.lancs.sch.uk,Carnforth,LA6 1AU,North West,yes
119707,888,Lancashire,Ashton Community Science College,http://www.ashtoncsc.lancs.sch.uk/,Preston,PR2 1SL,North West,yes
119238,888,Lancashire,Ashton Primary School,www.ashton.lancs.sch.uk/,Preston,PR2 1TU,North West,yes
119602,888,Lancashire,Ashton-on-Ribble St Andrew's Church of England Primary School,http://www.standrewscofe.net,Preston,PR2 1EQ,North West,no
119370,888,Lancashire,Aughton Christ Church Church of England Voluntary Controlled Primary School,http://www.aughtonchristchurch.lancs.sch.uk,Ormskirk,L39 5AS,North West,yes
119388,888,Lancashire,Aughton St Michael's Church of England Primary School,www.aughtonstmichaels.co.uk/,Ormskirk,L39 5DG,North West,yes
119287,888,Lancashire,Aughton Town Green Primary School,www.towngreen.lancsngfl.ac.uk/,Ormskirk,L39 6SF,North West,no
119414,888,Lancashire,Bacup Holy Trinity Stacksteads Church of England Primary School,www.stacksteads.lancs.sch.uk,Bacup,OL13 0QW,North West,yes
119097,888,Lancashire,Bacup Nursery School,www.bacup.lancs.sch.uk,Bacup,OL13 8EF,North West,yes
119191,888,Lancashire,Bacup St Saviour's Community Primary School,www.bacupstsavioursprimary.co.uk/,Bacup,OL13 9RR,North West,yes
119193,888,Lancashire,Bacup Thorn Primary School,www.thorn.lancs.sch.uk/,Bacup,OL13 8EF,North West,yes
150261,888,Lancashire,Bacup and Rawtenstall Grammar School,https://www.brgs.org.uk/,Rossendale,BB4 7BJ,North West,yes
119813,888,Lancashire,Baines School,http://baines.lancs.sch.uk/,Poulton-le-Fylde,FY6 8BE,North West,yes
119415,888,Lancashire,Balderstone St Leonard's Church of England Voluntary Aided Primary School,http://www.balderstoneschool.co.uk,Blackburn,BB2 7LL,North West,yes
150117,888,Lancashire,Balshaw Lane Community Primary School,http://www.balshawlane.co.uk,Chorley,PR7 6NS,North West,yes
119775,888,Lancashire,Balshaw's Church of England High School,www.balshaws.org.uk,Leyland,PR25 3AH,North West,yes
119380,888,Lancashire,Bamber Bridge St Aidan's Church of England Primary School,www.staidansprimaryschool.co.uk,Preston,PR5 6GX,North West,yes
119405,888,Lancashire,Banks Methodist School,http://www.banks.lancsngfl.ac.uk,Southport,PR9 8EY,North West,yes
119384,888,Lancashire,Banks St Stephen's CofE School,www.bank-st-stephens.lancs.sch.uk,Southport,PR9 8BL,North West,no
119260,888,Lancashire,Barden Primary School,www.barden.lancs.sch.uk,Burnley,BB10 1JD,North West,no
150407,888,Lancashire,Barnacre Road Primary School,,Longridge,PR3 2PD,North West,no
119360,888,Lancashire,Barnoldswick Church of England Controlled Primary School,www.barnoldswick.lancs.sch.uk,Barnoldswick,BB18 5TB,North West,no
119397,888,Lancashire,Barrow URC Primary School,www.barrow.lancsngfl.ac.uk/,Clitheroe,BB7 9AZ,North West,no
119166,888,Lancashire,Barrowford School,http://www.barrowford.lancs.sch.uk,Nelson,BB9 6EA,North West,no
119431,888,Lancashire,Barrowford St Thomas Church of England Primary School,http://www.st-thomas-ce12.lancsngfl.ac.uk,Nelson,BB9 6QT,North West,no
119562,888,Lancashire,Barton St Lawrence Church of England Primary School,www.st-lawrence.lancs.sch.uk,Preston,PR3 5AS,North West,no
119101,888,Lancashire,Basnett Street Nursery School,http://www.basnettstreet.lancs.sch.uk,Burnley,BB10 3ES,North West,no
119440,888,Lancashire,Baxenden St John's Church of England Primary School,www.baxenden.lancs.sch.uk/,Accrington,BB5 2RQ,North West,no
144646,888,Lancashire,Bay Leadership Academy,www.bayleadershipacademy.com,Morecambe,LA3 1AB,North West,no
137512,888,Lancashire,Belthorn Academy Primary School,www.belthornacademy.co.uk,Blackburn,BB1 2NY,North West,no
119381,888,Lancashire,Bickerstaffe CofE Primary School and Nursery,http://www.bickerstaffe.lancsngfl.ac.uk/,Ormskirk,L39 0EH,North West,no
119519,888,Lancashire,Bilsborrow John Cross Church of England Primary School,www.johncross.lancs.sch.uk,Preston,PR3 0RE,North West,no
149982,888,Lancashire,Bishop Martin Church of England Primary School,www.bishopmartin.lancs.sch.uk/,Skelmersdale,WN8 9BN,North West,no
137296,888,Lancashire,Bishop Rawstorne Church of England Academy,www.bishopr.co.uk,Leyland,PR26 9HH,North West,no
145816,888,Lancashire,Blacko Primary School,www.blacko.lancs.sch.uk,Nelson,BB9 6LS,North West,no
119861,888,Lancashire,Bleasdale School,http://www.bleasdaleschool.lancs.sch.uk,Carnforth,LA5 0RG,North West,no
147581,888,Lancashire,"Blessed Trinity Roman Catholic College, A Voluntary Academy",http://www.btrcc.lancs.sch.uk/,Burnley,BB10 3AA,North West,no
119521,888,Lancashire,Bolton-le-Sands Church of England Primary School,www.blsschool.co.uk,Carnforth,LA5 8DT,North West,no
119129,888,Lancashire,Bowerham Primary & Nursery School,www.bowerham.lancs.sch.uk,Lancaster,LA1 4BS,North West,no
136997,888,Lancashire,Bowland High,https://bowland.atctrust.org.uk/,Clitheroe,BB7 4QS,North West,no
119395,888,Lancashire,Brabins Endowed School,https://www.brabinsendowed.co.uk/,Preston,PR3 2QD,North West,no
119078,888,Lancashire,Bradley Nursery School,www.bradleynursery.co.uk,Nelson,BB9 7QH,North West,no
119168,888,Lancashire,Briercliffe Primary School,www.briercliffeprimary.co.uk/,Burnley,BB10 2JU,North West,no
151150,888,Lancashire,Brindle Gregson Lane Primary School,www.bgl.lancs.sch.uk,Preston,PR5 0DR,North West,no
119462,888,Lancashire,Brindle St James' Church of England Voluntary Aided Primary School,www.brindle-st-james.lancs.sch.uk,Chorley,PR6 8NH,North West,no
119705,888,Lancashire,Brinscall St John's CofE and Methodist Primary School,www.brinscall.lancs.sch.uk,Chorley,PR6 8PT,North West,no
119189,888,Lancashire,Britannia Community Primary School,www.britanniaprimary.co.uk,Bacup,OL13 9TS,North West,no
119883,888,Lancashire,Broadfield Specialist School,www.broadfield.lancs.sch.uk,Burnley,BB11 5BT,North West,no
119230,888,Lancashire,Brockholes Wood Community Primary School and Nursery,http://www.brockholeswood.lancs.sch.uk,Preston,PR1 5TU,North West,no
119226,888,Lancashire,Brookfield Community Primary School,www.brookfield.lancs.sch.uk/,Preston,PR2 6TU,North West,no
119895,888,Lancashire,Brookfield School,www.brookfieldschool.co.uk,Poulton-le-Fylde,FY6 7HE,North West,no
119759,888,Lancashire,Broughton High School,http://www.broughtonhigh.co.uk,Preston,PR3 5JJ,North West,no
119563,888,Lancashire,Broughton-in-Amounderness Church of England Primary School,http://www.broughtonprimary.co.uk/,Preston,PR3 5JB,North West,no
119784,888,Lancashire,Brownedge St Mary's Catholic High School,http://www.st-maryshigh.lancs.sch.uk/,Preston,PR5 6PB,North West,no
119205,888,Lancashire,Buckshaw Primary School,www.buckshaw.lancs.sch.uk/,Chorley,PR7 1XP,North West,no
119217,888,Lancashire,Burnley Brunshaw Primary School,http://www.brunshaw23.lancsngfl.ac.uk,Burnley,BB10 4PB,North West,no
141028,888,Lancashire,Burnley High School,http://burnleyhighschool.co.uk/,Burnley,BB12 6NX,North West,no
119264,888,Lancashire,Burnley Ightenhill Primary School,www.ightenhill.lancs.sch.uk/,Burnley,BB12 6ED,North West,no
119215,888,Lancashire,Burnley Lowerhouse Junior School,www.lowerhousejuniorschool.co.uk,Burnley,BB12 6LN,North West,no
133546,888,Lancashire,Burnley Springfield Community Primary School,www.springfieldcps.lancs.sch.uk,Burnley,BB11 3HP,North West,no
119484,888,Lancashire,Burnley St Peter's Church of England Primary School,www.st-peters-burnley.lancs.sch.uk/,Burnley,BB11 2DL,North West,no
119402,888,Lancashire,Burscough Bridge Methodist School,www.burscoughbridge.lancs.sch.uk/,Ormskirk,L40 0SG,North West,no
119376,888,Lancashire,Burscough Bridge St John's Church of England Primary School,www.stjohnsburscough.co.uk,Ormskirk,L40 4AE,North West,no
119481,888,Lancashire,Burscough Lordsgate Township Church of England Primary School,www.lordsgateschool.co.uk/,Ormskirk,L40 7RS,North West,no
146282,888,Lancashire,Burscough Priory Academy,https://www.burscoughprioryacademy.org/,Ormskirk,L40 7RZ,North West,no
119518,888,Lancashire,Calder Vale St John Church of England Primary School,www.caldervale.lancsngfl.ac.uk/,Preston,PR3 1SR,North West,no
119799,888,Lancashire,"Cardinal Allen Catholic High School, Fleetwood",http://www.cardinalallen.co.uk/,Fleetwood,FY7 8AY,North West,no
119557,888,Lancashire,Carleton St Hilda's Church of England Primary School,http://www.sthildas-carleton.lancs.sch.uk/,Poulton-le-Fylde,FY6 7PE,North West,no
119522,888,Lancashire,"Carnforth Christ Church, Church of England, Voluntary Aided Primary School",www.christchurch-carnforth.lancs.sch.uk,Carnforth,LA5 9LJ,North West,no
119126,888,Lancashire,Carnforth Community Primary School,https://www.carnforthprimary.lancs.sch.uk/,Carnforth,LA5 9LQ,North West,no
145082,888,Lancashire,Carnforth High School,http://www.carnforthhigh.co.uk,Carnforth,LA5 9LS,North West,no
150966,888,Lancashire,Carr Hill High School,,Preston,PR4 2ST,North West,no
119392,888,Lancashire,"Carter's Charity Voluntary Controlled Primary School, Preesall",www.carters.lancs.sch.uk,Poulton-Le-Fylde,FY6 0HH,North West,no
142055,888,Lancashire,Castercliff Primary School,www.castercliffprimaryacademy.co.uk,Nelson,BB9 8JJ,North West,no
145978,888,Lancashire,Casterton Primary Academy,https://www.castertonprimaryacademy.co.uk/,Burnley,BB10 2PZ,North West,no
148231,888,Lancashire,Castle View Primary Academy,https://castleview.school,Lancaster,LA1 3LE,North West,no
119160,888,Lancashire,Catforth Primary School,www.catforthprimary.co.uk,Preston,PR4 0HL,North West,no
119322,888,Lancashire,Caton Primary School,catonprimary.school,Lancaster,LA2 9NH,North West,no
119524,888,Lancashire,Caton St Paul's Church of England Primary School,https://catonstpauls.com/,Lancaster,LA2 9PJ,North West,no
119540,888,Lancashire,Cawthorne's Endowed School,http://www.abbeystead.co.uk,Lancaster,LA2 9BQ,North West,no
147260,888,Lancashire,Central Lancaster High School,http://www.lancasterhigh.lancs.sch.uk,Lancaster,LA1 3LS,North West,no
133398,888,Lancashire,Chadwick High School,,Lancaster,LA1 2AY,North West,no
119277,888,Lancashire,Charles Saer Community Primary School,www.charlessaer.lancs.sch.uk,Fleetwood,FY7 8DD,North West,no
119418,888,Lancashire,Chatburn Church of England Primary School,www.chatburn.lancsngfl.ac.uk,Clitheroe,BB7 4AS,North West,no
119877,888,Lancashire,Chorley Astley Park School,www.astleypark.lancs.sch.uk,Chorley,PR7 1JZ,North West,no
119467,888,Lancashire,Chorley St James' Church of England Primary School,https://chorleystjamesblogs.net,Chorley,PR6 0TE,North West,no
119463,888,Lancashire,Christ Church Charnock Richard CofE Primary School,http://www.charnockrichard.lancs.sch.uk,Chorley,PR7 5NA,North West,no
150615,888,Lancashire,Christ The King Catholic High School,,Preston,PR1 4PR,North West,no
149124,888,Lancashire,"Christ The King Roman Catholic Primary School, a Voluntary Academy",www.king-pri.lancs.sch.uk/,Burnley,BB11 4RB,North West,no
119331,888,Lancashire,Clayton Brook Primary School,www.claytonbrook.lancs.sch.uk,Preston,PR5 8HL,North West,no
137641,888,Lancashire,Clayton-le-Moors All Saints' Church of England Primary School,http://www.allsaints-clm.lancs.sch.uk,Accrington,BB5 5HT,North West,no
119186,888,Lancashire,Clayton-le-Moors Mount Pleasant Primary School,www.mountpleasant.lancs.sch.uk/,Accrington,BB5 5NH,North West,no
119318,888,Lancashire,Clayton-le-Woods Manor Road Primary School,www.manor-road.lancsngfl.ac.uk/,Chorley,PR6 7JR,North West,no
119291,888,Lancashire,Clifton Primary School,http://www.clifton-pri.lancs.sch.uk,Lytham St Annes,FY8 3PY,North West,no
119321,888,Lancashire,Clitheroe Brookside Primary School,http://www.brookside.lancs.sch.uk,Clitheroe,BB7 1NW,North West,no
119161,888,Lancashire,Clitheroe Pendle Primary School,www.pendle.lancs.sch.uk,Clitheroe,BB7 2AL,North West,no
136390,888,Lancashire,Clitheroe Royal Grammar School,http://www.crgs.org.uk,Clitheroe,BB7 2DJ,North West,no
142054,888,Lancashire,Coal Clough Academy,coalclough.org,Burnley,BB11 4PF,North West,no
119335,888,Lancashire,Coates Lane Primary School,http://www.coateslane.lancs.sch.uk,BARNOLDSWICK,BB18 6EZ,North West,no
119525,888,Lancashire,Cockerham Parochial CofE Primary School,http://www.cockerham.lancs.sch.uk,"Cockerham, Lancaster",LA2 0EF,North West,no
119433,888,Lancashire,Colne Christ Church Church of England Voluntary Aided Primary School,www.colnechristchurch.co.uk,Colne,BB8 7AA,North West,no
145818,888,Lancashire,Colne Lord Street School,http://www.lordstreetprimary.com,Colne,BB8 9AR,North West,no
146228,888,Lancashire,Colne Park High School,http://www.park-high.co.uk/,Colne,BB8 7DP,North West,no
139130,888,Lancashire,Colne Primet Academy,www.colneprimet.co.uk,Colne,BB8 8JF,North West,no
119173,888,Lancashire,Colne Primet Primary School,http://www.primet.lancsngfl.ac.uk/,Colne,BB8 8JE,North West,no
119363,888,Lancashire,"Cop Lane Church of England Primary School, Penwortham",https://www.coplaneprimary.co.uk,Preston,PR1 9AE,North West,no
119470,888,Lancashire,Coppull Parish Church of England Primary School,http://www.coppullparish.lancs.sch.uk/,Chorley,PR7 4PU,North West,no
119206,888,Lancashire,Coppull Primary School and Nursery,www.coppullprimary.com/,Chorley,PR7 5AH,North West,no
119469,888,Lancashire,Coppull St John's Church of England Voluntary Aided Primary School,http://www.st-johns-coppull.lancs.sch.uk,Chorley,PR7 5DU,North West,no
119780,888,Lancashire,Corpus Christi Catholic High School,http://www.ccc.lancs.sch.uk,Preston,PR2 8QY,North West,no
131720,888,Lancashire,Cottam Primary School,www.cottam.lancs.sch.uk,Preston,PR4 0NY,North West,no
119224,888,Lancashire,Crawford Village Primary School,www.crawfordvillageprimary.uk,Skelmersdale,WN8 9QP,North West,no
119228,888,Lancashire,Deepdale Community Primary School,www.deepdalecommunityprimaryschool.lancs.sch.uk,Preston,PR1 6TD,North West,no
119304,888,Lancashire,Delph Side Community Primary School,http://www.delph.lancsngfl.ac.uk,Skelmersdale,WN8 6ED,North West,no
119526,888,Lancashire,Dolphinholme Church of England Primary School,http://www.dolphinholme.lancs.sch.uk,Lancaster,LA2 9AN,North West,no
119479,888,Lancashire,Downholland-Haskayne Voluntary Aided Church of England Primary School,www.haskayne.lancs.sch.uk,Ormskirk,L39 7HX,North West,no
119352,888,Lancashire,Duke Street Primary School,http://www.dukestreet-pri.lancs.sch.uk,Chorley,PR7 3DU,North West,no
119310,888,Lancashire,Eccleston Primary School,http://www.ecclestonprimary.co.uk,Chorley,PR7 5RA,North West,no
141971,888,Lancashire,"Eden Boys' School, Preston",www.edenboyspreston.com,Preston,PR1 4BD,North West,no
119385,888,Lancashire,Edenfield Church of England Primary School,http://www.edenfieldprimary.co.uk,Bury,BL0 0HL,North West,no
119275,888,Lancashire,Edisford Primary School,http://www.edisford.lancsngfl.ac.uk,Clitheroe,BB7 2LN,North West,no
119229,888,Lancashire,Eldon Primary School,www.eldon-pri.lancs.sch.uk,Preston,PR1 7YE,North West,no
119527,888,Lancashire,Ellel St John the Evangelist Church of England Primary School,www.ellelstjohns.net/,Lancaster,LA2 0JS,North West,no
119605,888,Lancashire,"English Martyrs Catholic Primary School, Preston",www.englishmartyrs.lancs.sch.uk/,Preston,PR1 7DR,North West,no
119309,888,Lancashire,Euxton Primrose Hill Primary School,www.primrosehillschool.org.uk/,Chorley,PR7 6BA,North West,no
119086,888,Lancashire,Fairfield Nursery School,www.fairfield.lancs.sch.uk,Accrington,BB5 0LD,North West,no
119612,888,Lancashire,Farington Moss St. Paul's C.E. Primary School,www.stpaulsprimaryschoolfarington.co.uk,Leyland,PR26 6PR,North West,no
148387,888,Lancashire,Farington Primary School,www.faringtonprimaryschool.co.uk,Leyland,PR25 4GH,North West,no
119343,888,Lancashire,Fleetwood Chaucer Community Primary School,http://www.chaucer.lancs.sch.uk,Fleetwood,FY7 6QN,North West,no
130336,888,Lancashire,Fleetwood Flakefleet Primary School,http://www.flakefleet.lancs.sch.uk,Fleetwood,FY7 7ND,North West,no
119771,888,Lancashire,Fleetwood High School,http://www.fleetwoodhs.org.uk,FLEETWOOD,FY7 8HE,North West,no
119128,888,Lancashire,Forton Primary School,www.fortonschool.co.uk,Preston,PR3 0AS,North West,no
119434,888,Lancashire,Foulridge Saint Michael and All Angels CofE Voluntary Aided Primary School,https://www.st-michaelangels.lancs.sch.uk/,Colne,BB8 7NN,North West,no
119288,888,Lancashire,Freckleton Strike Lane Primary School,https://strikelane.lancs.sch.uk/,Preston,PR4 1HR,North West,no
119231,888,Lancashire,Frenchwood Community Primary School,www.frenchwood.lancs.sch.uk,Preston,PR1 4LE,North West,no
119151,888,Lancashire,Fulwood and Cadley Primary School,www.fulwoodandcadleyprimaryschool.com,Preston,PR2 3QT,North West,no
119416,888,Lancashire,"Fulwood, St Peter's Church of England Primary School and Nursery",http://www.fulwoodstpeters.co.uk/,Preston,PR2 9RE,North West,no
137342,888,Lancashire,Garstang Community Academy,http://garstangcommunityacademy.com/,Preston,PR3 1YE,North West,no
119300,888,Lancashire,Garstang Community Primary School,www.garstangcommunityprimary.co.uk,Preston,PR3 1HT,North West,no
119528,888,Lancashire,Garstang St Thomas' Church of England Primary School,www.garstangstthomas.com,Preston,PR3 1PB,North West,no
150234,888,Lancashire,Gillibrand Primary School,http://www.gillibrand.lancsngfl.ac.uk,Chorley,PR7 2PJ,North West,no
119270,888,Lancashire,Gisburn Primary School,www.gisburn.lancsngfl.ac.uk/,Clitheroe,BB7 4ET,North West,no
119106,888,Lancashire,Golden Hill Pupil Referral Unit,www.goldenhill.lancs.sch.uk,Leyland,PR25 1QS,North West,no
119564,888,Lancashire,Goosnargh Oliverson's Church of England Primary School,https://www.oliversons.co.uk,Preston,PR3 2BN,North West,no
119154,888,Lancashire,Goosnargh Whitechapel Primary School,www.whitechapel.lancsngfl.ac.uk/,Preston,PR3 2EP,North West,no
119878,888,Lancashire,Great Arley School,http://www.great-arley.lancsngfl.ac.uk,Thornton-Cleveleys,FY5 4HH,North West,no
119162,888,Lancashire,Great Harwood Primary School,http://www.greatharwood.lancs.sch.uk,Blackburn,BB6 7JQ,North West,no
119420,888,Lancashire,Great Harwood St Bartholomew's Parish Church of England Voluntary Aided Primary School,stbartholomewsceprimary.com/,Blackburn,BB6 7QA,North West,no
119421,888,Lancashire,Great Harwood St John's Church of England Primary School,https://www.greatharwoodstjohnscofeprimary.com/,Blackburn,BB6 7ES,North West,no
141981,888,Lancashire,Great Marsden St John's Primary School A Church of England Academy,www.stjohnsnelson.co.uk,Nelson,BB9 0NX,North West,no
119442,888,Lancashire,Green Haworth Church of England Primary School,www.greenhaworth.co.uk/,Accrington,BB5 3SQ,North West,no
119565,888,Lancashire,Grimsargh St Michael's Church of England Primary School,www.grimsargh-st-michaels.lancs.sch.uk/,Preston,PR2 5SD,North West,no
119686,888,Lancashire,Grindleton Church of England Voluntary Aided Primary School,www.grindleton.lancs.sch.uk,Clitheroe,BB7 4QS,North West,no
136365,888,Lancashire,Hambleton Primary Academy,www.hambletonprimaryacademy.co.uk,Poulton-le-Fylde,FY6 9BZ,North West,no
119407,888,Lancashire,Hapton Church of England/Methodist Primary School,www.hapton.lancs.sch.uk,Burnley,BB11 5RF,North West,no
119152,888,Lancashire,Harris Primary School,www.harris.lancs.sch.uk,Preston,PR2 7EE,North West,no
119767,888,Lancashire,Haslingden High School and Sixth Form,http://www.haslingdenhigh.com/,Rossendale,BB4 4EY,North West,no
119194,888,Lancashire,Haslingden Primary School,www.haslingdenprimary.com,Rossendale,BB4 4BJ,North West,no
119452,888,Lancashire,Haslingden St James Church of England Primary School,www.haslingden-st-james.lancs.sch.uk/,Haslingden,BB4 5HQ,North West,no
119195,888,Lancashire,Helmshore Primary School,www.helmshoreprimaryschool.co.uk,Rossendale,BB4 4JW,North West,no
150290,888,Lancashire,Hesketh-With-Becconsall All Saints CofE School,https://www.allsaintshwb.co.uk/,Preston,PR4 6RD,North West,no
119475,888,Lancashire,Heskin Pemberton's Church of England VA Primary School,www.heskinpembertons.co.uk,Chorley,PR7 5LU,North West,no
119537,888,Lancashire,Heysham St Peter's Church of England Primary School,www.stpetersheysham.lancs.sch.uk,Morecambe,LA3 2RF,North West,no
119387,888,Lancashire,Higham St John's Church of England Primary School,www.higham.lancs.sch.uk,Burnley,BB12 9EU,North West,no
119393,888,Lancashire,Higher Walton Church of England Primary School,http://www.walton.lancs.sch.uk,Preston,PR5 4FE,North West,no
150034,888,Lancashire,Highfield Community Primary School,http://www.highfield-pri.lancs.sch.uk,Chorley,PR6 0SP,North West,no
119298,888,Lancashire,Hillside Community Primary School,www.hillside-pri.lancs.sch.uk,Skelmersdale,WN8 6DE,North West,no
119093,888,Lancashire,Hillside Nursery School,http://www.haslingdenhillsidenurseryschool.org.uk,Rossendale,BB4 5NH,North West,no
131479,888,Lancashire,Hillside Specialist School and College,http://www.hillside.lancs.sch.uk,Preston,PR3 3XB,North West,no
136717,888,Lancashire,Hodgson Academy,http://www.hodgson.lancs.sch.uk/,Poulton-Le-Fylde,FY6 7EU,North West,no
119323,888,Lancashire,Holland Moor Primary School,www.holland.lancsngfl.ac.uk/,Skelmersdale,WN8 9AG,North West,no
119234,888,Lancashire,Holme Slack Community Primary School,www.holmeslackprimary.co.uk,Preston,PR1 6HP,North West,no
119403,888,Lancashire,Holmeswood Methodist School,http://www.holmeswood.lancs.sch.uk,Ormskirk,L40 1UD,North West,no
119803,888,Lancashire,Holy Cross Catholic High School,http://www.holycross.lancs.sch.uk,Chorley,PR7 3LS,North West,no
119611,888,Lancashire,"Holy Family Catholic Primary School, Ingol, Preston",http://www.holy-family.lancs.sch.uk,Preston,PR2 3YP,North West,no
151083,888,Lancashire,"Holy Family Catholic Primary School, Warton",www.family.lancs.sch.uk,Preston,PR4 1AD,North West,no
119654,888,Lancashire,"Holy Saviour Roman Catholic Primary School, Nelson",http://www.holy-saviour.lancsngfl.ac.uk,Nelson,BB9 8HD,North West,no
149125,888,Lancashire,"Holy Trinity Roman Catholic Primary School, a Voluntary Academy",http://www.holy-trinity34.lancsngfl.ac.uk,Nelson,BB9 5BL,North West,no
119898,888,Lancashire,Hope High School,http://www.hopehighschool.co.uk,Skelmersdale,WN8 9DP,North West,no
119530,888,Lancashire,Hornby St Margaret's Church of England Primary School,http://www.hornby.lancs.sch.uk,Lancaster,LA2 8JY,North West,no
119364,888,Lancashire,Howick Church Endowed Primary School,http://www.howick.lancs.sch.uk,Preston,PR1 0NB,North West,no
119794,888,Lancashire,Hutton Church of England Grammar School,http://www.huttongrammar.org/,Preston,PR4 5SN,North West,no
119239,888,Lancashire,Ingol Community Primary School,www.ingol.lancsngfl.ac.uk/,PRESTON,PR2 3YP,North West,no
119531,888,Lancashire,Inskip St Peter's Church of England Voluntary Aided School,,Preston,PR4 0TT,North West,no
119250,888,Lancashire,Kelbrook Primary School,http://www.kelbrookprimaryschool.uk,Barnoldswick,BB18 6UD,North West,no
119153,888,Lancashire,Kennington Primary School,www.kennington.lancs.sch.uk/,Preston,PR2 8ER,North West,no
131259,888,Lancashire,Kingsbury Primary Special School,http://www.kingsburyprimaryschool.co.uk/,Skelmersdale,WN8 8EH,North West,no
119278,888,Lancashire,Kingsfold Primary School,http://www.kingsfoldprimary.com,PRESTON,PR1 9HJ,North West,no
119887,888,Lancashire,Kirkham Pear Tree School,www.peartreeschool.co.uk,Preston,PR4 2HA,North West,no
119550,888,Lancashire,Kirkham St Michael's Church of England Primary School,stmichaelscofe.net,Preston,PR4 2SL,North West,no
119145,888,Lancashire,Kirkham and Wesham Primary School,http://www.kirkhamwesham.lancs.sch.uk,Preston,PR4 2JP,North West,no
119361,888,Lancashire,Kirkland and Catterall St Helen's Church of England Voluntary Aided Primary School,www.sthelens.lancs.sch.uk,Preston,PR3 0HS,North West,no
149624,888,Lancashire,Knuzden St Oswald's Church of England Primary Academy,www.st-oswaldscofe.lancs.sch.uk/,Blackburn,BB1 2DR,North West,no
119532,888,Lancashire,Lancaster Christ Church Church of England Primary School,www.christchurch-lancaster.lancs.sch.uk,Lancaster,LA1 3ES,North West,no
119130,888,Lancashire,Lancaster Dallas Road Community Primary School,www.dallasroad.lancs.sch.uk/,Lancaster,LA1 1LD,North West,no
136381,888,Lancashire,Lancaster Girls' Grammar School,http://www.lggs.org.uk,Lancaster,LA1 1SF,North West,no
119137,888,Lancashire,Lancaster Road Primary School,www.lancasterroad.co.uk,Morecambe,LA4 5TH,North West,no
136742,888,Lancashire,Lancaster Royal Grammar School,http://www.lrgs.org.uk,Lancaster,LA1 3EF,North West,no
119132,888,Lancashire,Lancaster Ryelands Primary School,www.ryelands.lancs.sch.uk,Lancaster,LA1 2RJ,North West,no
149099,888,Lancashire,Lancaster University School of Mathematics,https://lusom.ac.uk/,Preston,PR1 4BA,North West,no
145817,888,Lancashire,Laneshaw Bridge Primary,www.laneshawbridgeschool.org.uk/,Colne,BB8 7JE,North West,no
119417,888,Lancashire,Langho and Billington St Leonards Church of England Primary School,http://www.langho-st-leonards.lancs.sch.uk,Blackburn,BB6 8AB,North West,no
119112,888,Lancashire,Larches High School,http://www.larcheshigh.co.uk,Preston,PR1 6AA,North West,no
119299,888,Lancashire,Larkholme Primary School,http://www.larkholme.lancs.sch.uk,Fleetwood,FY7 8QB,North West,no
119774,888,Lancashire,Lathom High School : A Technology College,http://lathomhighschool.org/,Skelmersdale,WN8 6JN,North West,no
119155,888,Lancashire,Lea Community Primary School,www.leacp.lancs.sch.uk,Preston,PR2 1PD,North West,no
119535,888,Lancashire,Leck St Peter's Church of England Primary School,www.leck-st-peters.lancs.sch.uk,Via Carnforth,LA6 2JD,North West,no
150578,888,Lancashire,Leyland Methodist Infant School,www.lmjs.lancs.sch.uk,Leyland,PR25 3ET,North West,no
150577,888,Lancashire,Leyland Methodist Junior School,www.lmjs.lancs.sch.uk,Leyland,PR25 3ET,North West,no
119369,888,Lancashire,Leyland St Andrew's Church of England Infant School,http://www.standrewsinfants.co.uk,Preston,PR25 1JL,North West,no
119677,888,Lancashire,Leyland St Mary's Roman Catholic Primary School,www.st-marys-leyland.lancs.sch.uk,Leyland,PR25 2QA,North West,no
119297,888,Lancashire,Little Digmoor Primary School,www.littledigmoor.lancs.sch.uk,Skelmersdale,WN8 9NF,North West,no
119156,888,Lancashire,Little Hoole Primary School,https://www.littlehoole.lancs.sch.uk,Preston,PR4 5QL,North West,no
119177,888,Lancashire,Lomeshaye Junior School,www.lomeshaye.lancs.sch.uk,Nelson,BB9 7SY,North West,no
150092,888,Lancashire,Longridge High School,lhs.lancs.sch.uk/,Preston,PR3 3AR,North West,no
119636,888,Lancashire,Longridge St Wilfrid's Roman Catholic Primary School,www.stwilfridsrcprimary.co.uk/,Preston,PR3 3WQ,North West,no
130261,888,Lancashire,Longsands Community Primary School,http://www.longsandscp.org.uk,Preston,PR2 9PS,North West,no
119350,888,Lancashire,Longton Primary School,www.longton.lancs.sch.uk/,Preston,PR4 5YA,North West,no
137111,888,Lancashire,Lostock Hall Academy,http://www.lostockhallacademy.org/,Preston,PR5 5UR,North West,no
119159,888,Lancashire,Lostock Hall Community Primary School,www.lostockhallcps.co.uk,Preston,PR5 5AS,North West,no
119551,888,Lancashire,Lytham Church of England Voluntary Aided Primary School,https://www.lytham.lancs.sch.uk/,Lytham St. Annes,FY8 4HA,North West,no
150607,888,Lancashire,Lytham St Annes High School,http://www.lythamhigh.lancs.sch.uk,Lytham St. Annes,FY8 4GW,North West,no
119284,888,Lancashire,Lytham St Annes Mayfield Primary School,http://www.mayfield12.lancsngfl.ac.uk/,Lytham St Annes,FY8 2HQ,North West,no
137498,888,Lancashire,Maharishi Free School,www.maharishischool.com,Ormskirk,L40 6JJ,North West,no
119176,888,Lancashire,Marsden Community Primary School,www.marsdenschool.co.uk,Nelson,BB9 0BE,North West,no
146276,888,Lancashire,Marsden Heights Community College,https://www.marsdenheights.co.uk/,Nelson,BB9 0PR,North West,no
119889,888,Lancashire,Mayfield School,https://www.chorleymayfield.lancs.sch.uk/,Chorley,PR7 3HN,North West,no
134367,888,Lancashire,McKee College House,www.mckee.lancs.sch.uk,Poulton,FY6 7AQ,North West,no
119095,888,Lancashire,McMillan Nursery School,www.mcmillanlancsngfl.ac.uk,Nelson,BB9 9AG,North West,no
119553,888,Lancashire,Medlar-with-Wesham Church of England Primary School,www.medlar-wesham.lancsngfl.ac.uk,Preston,PR4 3DE,North West,no
119536,888,Lancashire,Melling St Wilfrid Church of England Primary School,http://www.melling.lancs.sch.uk,Carnforth,LA6 2RE,North West,no
119424,888,Lancashire,Mellor St Mary Church of England Primary School,www.mellor.lancs.sch.uk,Blackburn,BB2 7JT,North West,no
119714,888,Lancashire,Millfield Science & Performing Arts College,http://www.millfield.lancs.sch.uk/,Thornton-Cleveleys,FY5 5DG,North West,no
119236,888,Lancashire,Moor Nook Community Primary School,www.moornook.co.uk/,Preston,PR2 6EE,North West,no
119773,888,Lancashire,Moor Park High School and Sixth Form,http://www.moorpark.mp/,Preston,PR1 6DT,North West,no
139495,888,Lancashire,Moorside Community Primary Academy School,www.moorside-academy.co.uk,Skelmersdale,WN8 9EA,North West,no
119273,888,Lancashire,Moorside Primary School,www.moorside-pri.lancs.sch.uk,Lancaster,LA1 4HT,North West,no
147115,888,Lancashire,Morecambe Bay Academy,www.morecambebayacademy.co.uk,Morecambe,LA4 5BG,North West,no
119135,888,Lancashire,Morecambe Bay Community Primary School,www.morecambebay.lancs.sch.uk/,Morecambe,LA4 5JL,North West,no
119876,888,Lancashire,Morecambe Road School,http://www.morecambe.lancsngfl.ac.uk/,Morecambe,LA3 3AB,North West,no
119351,888,Lancashire,Morecambe and Heysham Grosvenor Park Primary School,www.grosvenorpark.lancs.sch.uk/,Morecambe,LA3 3RY,North West,no
119138,888,Lancashire,Morecambe and Heysham Sandylands Community Primary School,www.sandylands.lancs.sch.uk,Morecambe,LA3 1EJ,North West,no
119283,888,Lancashire,Morecambe and Heysham Torrisholme Community Primary School,www.torrisholme.lancs.sch.uk,Morecambe,LA4 6PN,North West,no
119347,888,Lancashire,Morecambe and Heysham Westgate Primary School,www.westgatesch.com/,Morecambe,LA4 4XF,North West,no
119336,888,Lancashire,Moss Side Primary School,www.mossside.lancs.sch.uk,Leyland,PR26 7ST,North West,no
130262,888,Lancashire,Mossgate Primary School,http://www.mossgate.lancs.sch.uk,Morecambe,LA3 2EE,North West,no
119804,888,Lancashire,"Mount Carmel Roman Catholic High School, Hyndburn",http://www.mountcarmelhigh.lancs.sch.uk/,Accrington,BB5 0LU,North West,no
119140,888,Lancashire,Nateby Primary School,www.nateby.lancsngfl.ac.uk/,Preston,PR3 0JH,North West,no
119438,888,Lancashire,Nelson St Paul's Church of England Primary School,www.stpaulsnelson.co.uk/,Nelson,BB9 0PY,North West,no
119437,888,Lancashire,Nelson St Philip's Church of England Primary School,www.st-philips.lancs.sch.uk,Nelson,BB9 9TQ,North West,no
119141,888,Lancashire,Nether Kellet Community Primary School,http://www.netherkellet.lancs.sch.uk,Carnforth,LA6 1HH,North West,no
144474,888,Lancashire,Newchurch-In-Pendle St Mary's Church of England Primary School,www.stmarysnewchurch.co.uk,Burnley,BB12 9JP,North West,no
119805,888,Lancashire,Newton Bluecoat Church of England Primary School,www.newton.lancsngfl.ac.uk/,Preston,PR4 3RT,North West,no
148039,888,Lancashire,Northbrook Primary Academy,www.Northbrookpa.org,Leyland,PR25 2GB,North West,no
119190,888,Lancashire,Northern Primary School,www.northern.lancs.sch.uk,Bacup,OL13 8PH,North West,no
119290,888,Lancashire,Northfold Community Primary School,www.northfold.lancs.sch.uk,Thornton-Cleveleys,FY5 2NL,North West,no
119372,888,Lancashire,Ormskirk Church of England Primary School,www.ormskirk-ce.lancs.sch.uk,Ormskirk,L39 2DP,North West,no
119371,888,Lancashire,Ormskirk Lathom Park Church of England Primary School,www.lathompark.org,Ormskirk,L40 5UG,North West,no
148254,888,Lancashire,Ormskirk School,https://www.ormskirk.lancs.sch.uk/,Ormskirk,L39 2AT,North West,no
119682,888,Lancashire,Ormskirk St Anne's Catholic Primary School,www.st-annesrc.lancs.sch.uk,Ormskirk,L39 3LQ,North West,no
119282,888,Lancashire,Ormskirk West End School,www.ormskirkwestend.lancs.sch.uk/,Ormskirk,L39 1PA,North West,no
119398,888,Lancashire,Oswaldtwistle Hippings Methodist Voluntary Controlled Primary School,www.hippings.lancs.sch.uk,Accrington,BB5 3BT,North West,no
119187,888,Lancashire,Oswaldtwistle Moor End Primary School,https://www.moor-end.lancs.sch.uk/,Accrington,BB5 3JG,North West,no
134127,888,Lancashire,Oswaldtwistle School,http://www.oswaldtwistle.org/,Accrington,BB5 3DA,North West,no
119413,888,Lancashire,Oswaldtwistle St Andrew's Church of England Primary School,www.standrewsprimary.com/,Accrington,BB5 3LG,North West,no
119451,888,Lancashire,Oswaldtwistle St Paul's Church of England Primary School,www.st-pauls.lancs.sch.uk,Accrington,BB5 3DD,North West,no
148920,888,Lancashire,Oswaldtwistle West End Primary School,www.westendprimaryschool.co.uk,Oswaldtwistle,BB5 4QA,North West,no
119894,888,Lancashire,Oswaldtwistle White Ash School,http://www.whiteash.lancs.sch.uk,Accrington,BB5 4QG,North West,no
119782,888,Lancashire,Our Lady Queen of Peace Catholic Engineering College,http://www.olqp.org.uk/,Skelmersdale,WN8 6JW,North West,no
119627,888,Lancashire,Our Lady Star of the Sea Catholic Primary School,www.ourladystarofthesea.lancs.sch.uk/,Lytham St Annes,FY8 1LB,North West,no
119694,888,Lancashire,"Our Lady and All Saints Roman Catholic Primary School, Parbold",www.ourladyallsaints.lancs.sch.uk,Wigan,WN8 7HD,North West,no
149307,888,Lancashire,"Our Lady and St Edward's Catholic Primary School, Preston",http://www.ourlady-st-edwards.lancs.sch.uk,Preston,PR2 3LP,North West,no
119639,888,Lancashire,"Our Lady and St Gerard's Roman Catholic Primary School, Lostock Hall",www.ourlady-st-gerards.lancs.sch.uk/,Preston,PR5 5TB,North West,no
151085,888,Lancashire,"Our Lady of Lourdes Catholic Primary School, Carnforth",www.olol.lancs.sch.uk/,Carnforth,LA5 9LS,North West,no
119798,888,Lancashire,Our Lady's Catholic College,www.olcc.lancs.sch.uk,Lancaster,LA1 2RX,North West,no
119779,888,Lancashire,Our Lady's Catholic High School,http://www.olchs.lancs.sch.uk/,Preston,PR2 3SQ,North West,no
119614,888,Lancashire,Over Kellet Wilson's Endowed Church of England Primary School,http://www.wilsonsprimary.org.uk,Carnforth,LA6 1BN,North West,no
119539,888,Lancashire,Overton St Helen's Church of England Primary School,http://www.st-helens.lancsngfl.ac.uk,Morecambe,LA3 3EZ,North West,no
119366,888,Lancashire,Padiham Green Church of England Primary School,www.padihamgreen.lancs.sch.uk,Padiham,BB12 7AX,North West,no
119164,888,Lancashire,Padiham Primary School,http://www.padiham.lancs.sch.uk,Burnley,BB12 8SJ,North West,no
119425,888,Lancashire,Padiham St Leonard's Voluntary Aided Church of England Primary School,http://www.st-leonards.lancs.sch.uk,"Padiham, Burnley",BB12 8HT,North West,no
137127,888,Lancashire,Parbold Douglas Church of England Academy,www.pda.lancs.sch.uk,Nr Wigan,WN8 7HS,North West,no
119172,888,Lancashire,Park Primary School,www.colnepark.lancs.sch.uk/,Colne,BB8 0QJ,North West,yes
138647,888,Lancashire,Parklands High School,http://www.parklandsacademy.co.uk,Chorley,PR7 1LL,North West,no
139053,888,Lancashire,Pendle Primary Academy,www.pendleprimaryacademy.co.uk,Nelson,BB9 5AW,North West,no
134989,888,Lancashire,Pendle Vale College,http://www.pendlevale.lancs.sch.uk/,Nelson,BB9 8LF,North West,no
119765,888,Lancashire,Penwortham Girls' High School,http://www.penworthamgirls.lancs.sch.uk/,Preston,PR1 0SR,North West,no
119382,888,Lancashire,Penwortham Middleforth Church of England Primary School,http://www.middleforth.lancs.sch.uk,Preston,PR1 9YE,North West,no
119157,888,Lancashire,Penwortham Primary School,http://www.penworthamprimary.co.uk,Preston,PR1 0HU,North West,no
138948,888,Lancashire,Penwortham Priory Academy,http://www.priory.lancs.sch.uk,Preston,PR1 0JE,North West,no
119699,888,Lancashire,"Penwortham, St Teresa's Catholic Primary School",www.st-teresas-penwortham.lancs.sch.uk,Preston,PR1 0JH,North West,no
119555,888,Lancashire,Pilling St John's Church of England Voluntary Aided Primary School,http://www.pilling-st-johns.lancs.sch.uk/,Preston,PR3 6HA,North West,no
119332,888,Lancashire,Pool House Community Primary School,www.poolhouse.lancs.sch.uk,Preston,PR2 7BX,North West,no
119276,888,Lancashire,Poulton-le-Fylde Carr Head Primary School,http://www.carrhead.lancs.sch.uk,Poulton-le-Fylde,FY6 8JB,North West,no
119556,888,Lancashire,Poulton-le-Fylde St Chad's CofE Primary School,www.poultonstchadsce.lancs.sch.uk,Poulton-le-Fylde,FY6 7SR,North West,no
119301,888,Lancashire,Poulton-le-Fylde the Breck Primary School,www.breckschool.co.uk,Poulton-le-Fylde,FY6 7HE,North West,no
119538,888,Lancashire,Poulton-le-Sands Church of England Primary School,http://www.poulton-le-sands.lancs.sch.uk,Morecambe,LA4 5QA,North West,no
119558,888,Lancashire,Preesall Fleetwood's Charity Church of England Primary School,www.fleetwoods.lancs.sch.uk/,Poulton-le-Fylde,FY6 0NN,North West,no
119232,888,Lancashire,Preston Grange Primary School,www.grange.lancs.sch.uk/,Preston,PR2 6PS,North West,no
119233,888,Lancashire,Preston Greenlands Community Primary School,www.greenlands.lancsngfl.ac.uk/,Preston,PR2 6BB,North West,no
136801,888,Lancashire,Preston Muslim Girls High School,www.pmghs.com,Preston,PR1 5BY,North West,no
119292,888,Lancashire,Queen's Drive Primary School,www.queensdriveschool.co.uk,Preston,PR2 3LA,North West,no
119378,888,Lancashire,Quernmore Church of England Voluntary Controlled Primary School,www.quernmore.lancs.sch.uk,Lancaster,LA2 9EL,North West,no
119196,888,Lancashire,Ramsbottom Stubbins Primary School,https://www.stubbins.lancsngfl.ac.uk,Bury,BL0 0NA,North West,no
119280,888,Lancashire,Rawtenstall Balladen Community Primary School,www.balladen.org.uk,Rossendale,BB4 6DX,North West,no
119879,888,Lancashire,Rawtenstall Cribden House Community Special School,http://www.cribdenhouse.lancs.sch.uk,Rossendale,BB4 6RX,North West,no
119390,888,Lancashire,Rawtenstall Newchurch Church of England Primary School,newchurchcofe.lancs.sch.uk,Rossendale,BB4 7UA,North West,no
119367,888,Lancashire,Rawtenstall St Paul's Church of England Primary School,www.stpaulsrawtenstall.co.uk/,Rawtenstall,BB4 8HW,North West,no
119389,888,Lancashire,Read St John's CofE Primary School,www.read.lancs.sch.uk/,Burnley,BB12 7PE,North West,no
133060,888,Lancashire,Reedley Hallows Nursery School,www.reedleyhallows.lancs.sch.uk,Burnley,BB10 1JD,North West,no
119320,888,Lancashire,Reedley Primary School,www.reedley.lancs.sch.uk,Burnley,BB10 2NE,North West,no
148921,888,Lancashire,Rhyddings,http://www.rhyddings.co.uk/,Accrington,BB5 3EA,North West,no
119716,888,Lancashire,Ribblesdale School,http://www.ribblesdale.org,Clitheroe,BB7 1EJ,North West,no
119235,888,Lancashire,Ribbleton Avenue Infant School,www.ribbleton.lancsngfl.ac.uk/,Preston,PR1 5RU,North West,no
119354,888,Lancashire,Ribbleton Avenue Methodist Junior School,www.ramjs.lancs.sch.uk/,PRESTON,PR1 5SN,North West,no
119559,888,Lancashire,Ribby with Wrea Endowed CofE Primary School,www.ribby.lancsngfl.ac.uk/,Preston,PR4 2WQ,North West,no
119409,888,Lancashire,Richard Durning's Endowed Primary School,www.richarddurnings.lancs.sch.uk,Ormskirk,L40 3SL,North West,no
136731,888,Lancashire,Ripley St Thomas Church of England Academy,http://ripleystthomas.com/,Lancaster,LA1 4RS,North West,no
119396,888,Lancashire,Rishton Methodist Primary School,www.rishton.lancsngfl.ac.uk/,Blackburn,BB1 4JF,North West,no
119427,888,Lancashire,Rishton St Peter and St Paul's Church of England Primary School,www.st-peter-st-pauls.lancs.sch.uk/,Blackburn,BB1 4DT,North West,no
119509,888,Lancashire,Rivington Foundation Primary School,www.rivingtonprimaryschool.co.uk,Bolton,BL6 7SE,North West,no
119258,888,Lancashire,Rosegrove Infant School,www.rosegrove.lancs.sch.uk/,Burnley,BB12 6HW,North West,no
119383,888,Lancashire,Roughlee Church of England Primary School,www.roughlee.lancs.sch.uk,Nelson,BB9 6NX,North West,no
119483,888,Lancashire,Rufford CofE School,www.rufford.lancs.sch.uk,Ormskirk,L40 1SN,North West,no
119165,888,Lancashire,Sabden Primary School,www.sabdenprimary.co.uk,Sabden,BB7 9DZ,North West,no
119670,888,Lancashire,"Sacred Heart Catholic Primary School, Chorley",www.sacredheart-chorley.lancs.sch.uk/,Chorley,PR6 0LB,North West,no
151084,888,Lancashire,"Sacred Heart Catholic Primary School, Preston",www.sacredheart.lancs.sch.uk,Preston,PR2 2SA,North West,no
149265,888,Lancashire,"Sacred Heart Catholic Primary School, Thornton Cleveleys",www.sacredheart-primary.co.uk,Thornton-Cleveleys,FY5 4HL,North West,no
119658,888,Lancashire,"Sacred Heart Roman Catholic Primary School, Church",www.sacredheartschoolchurch.co.uk,Accrington,BB5 4HG,North West,no
149126,888,Lancashire,"Sacred Heart Roman Catholic Primary School, a Voluntary Academy",www.sacredheartschoolcolne.co.uk/,Colne,BB8 7JR,North West,no
119789,888,Lancashire,Saint Aidan's Church of England High School,http://www.st-aidans.lancs.sch.uk,Poulton-le-Fylde,FY6 0NP,North West,no
119410,888,Lancashire,Scarisbrick St Mark's Church of England Primary School,www.st-marks.lancs.sch.uk,Ormskirk,L40 9RE,North West,no
119613,888,Lancashire,Scorton Church of England Primary School,www.scorton.lancs.sch.uk,Preston,PR3 1AY,North West,no
119533,888,Lancashire,Scotforth St Paul's Church of England Primary and Nursery School,www.scotforth-st-pauls.lancs.sch.uk,Lancaster,LA1 4SE,North West,no
119285,888,Lancashire,Seven Stars Primary School,http://www.seven-stars.lancsngfl.ac.uk,Leyland,PR25 1TD,North West,no
134130,888,Lancashire,Shaftesbury High School,www.shaftesbury.lancs.sch.uk,Chorley,PR7 3NQ,North West,no
119342,888,Lancashire,Shakespeare Primary School,www.shakespeare.lancsngfl.ac.uk/,Fleetwood,FY7 7LL,North West,no
119192,888,Lancashire,Sharneyford Primary School,www.sharneyford.lancsngfl.ac.uk/,Bacup,OL13 9UQ,North West,no
134994,888,Lancashire,Shuttleworth College,https://www.shuttleworthcollege.org/,Burnley,BB12 8ST,North West,no
119541,888,Lancashire,Silverdale St John's Church of England Voluntary Aided Primary School,http://www.silverdale.lancsngfl.ac.uk,Carnforth,LA5 0RF,North West,no
119428,888,Lancashire,Simonstone St Peter's Church of England Primary School,www.simonstonest-peters-ce.co.uk,Burnley,BB12 7HR,North West,no
119560,888,Lancashire,Singleton Church of England Voluntary Aided Primary School,http://www.singleton.lancs.sch.uk/,Poulton-le-Fylde,FY6 8LN,North West,no
135346,888,Lancashire,Sir Tom Finney Community High School,www.stfch.lancs.sch.uk,Preston,PR2 6EE,North West,no
119534,888,Lancashire,Skerton St Luke's Church of England Primary School,www.skertonstlukes.lancs.sch.uk/,Lancaster,LA1 2JH,North West,no
119542,888,Lancashire,"Slyne-with-Hest, St Luke's, Church of England Primary School",https://www.slyne-with-hest.lancs.sch.uk/,Lancaster,LA2 6JL,North West,no
143794,888,Lancashire,Southlands High School,https://www.southlandshs.org.uk/,Chorley,PR7 2NJ,North West,no
119785,888,Lancashire,Ss John Fisher and Thomas More Roman Catholic High School,http://www.fishermore.lancs.sch.uk,Colne,BB8 8JT,North West,no
119578,888,Lancashire,St Anne's Catholic Primary School,www.st-annes-lancs.co.uk/,Leyland,PR25 1TL,North West,no
119454,888,Lancashire,St Anne's Church of England Primary School,www.st-anne-edgeside.lancs.sch.uk,Rossendale,BB4 9JE,North West,no
150307,888,Lancashire,"St Anne's and St Joseph's RC Primary School, A Voluntary Academy",,Accrington,BB5 2AN,North West,no
147564,888,Lancashire,"St Augustine of Canterbury RC Primary School, A Voluntary Academy",http://www.st-augustines.lancs.sch.uk,Burnley,BB12 6HZ,North West,no
149311,888,Lancashire,"St Augustine's Catholic Primary School, Preston",www.staugustinespreston.co.uk/,Preston,PR1 3YJ,North West,no
149457,888,Lancashire,"St Augustine's Roman Catholic High School, a Voluntary Academy",http://www.sarchs.com,Clitheroe,BB7 9JA,North West,no
119374,888,Lancashire,St Bartholomew's Church of England Primary School,http://www.st-bartholomews.lancs.sch.uk,Rochdale,OL12 8TL,North West,no
119792,888,Lancashire,St Bede's Catholic High School,http://www.sbchs.co.uk/,Ormskirk,L39 4TA,North West,no
119788,888,Lancashire,"St Bede's Catholic High School, Lytham",http://www.stbedeslytham.lancs.sch.uk,Lytham St Annes,FY8 4JL,North West,no
119674,888,Lancashire,St Bede's Catholic Primary School,www.st-bedes.lancs.sch.uk,Chorley,PR6 7EB,North West,no
119584,888,Lancashire,"St Bernadette's Catholic Primary School, Lancaster",www.st-bernadettes.org.uk/,Lancaster,LA1 4HT,North West,no
149312,888,Lancashire,"St Bernard's Catholic Primary School, Preston",www.st-bernards.lancs.sch.uk,Preston,PR2 1RP,North West,no
119585,888,Lancashire,St Catherine's RC Primary School,www.st-catherines.lancs.sch.uk/,Leyland,PR25 4SJ,North West,no
119800,888,Lancashire,St Cecilia's RC High School,http://www.st-cecilias.co.uk/,Preston,PR3 2XA,North West,no
119679,888,Lancashire,St Chad's Catholic Primary School,http://www.st-chads.lancs.sch.uk,Chorley,PR6 8LL,North West,no
119650,888,Lancashire,St Charles' RC School,http://www.st-charles.lancs.sch.uk,Blackburn,BB1 4HT,North West,no
149313,888,Lancashire,"St Clare's Catholic Primary School, Preston",www.st-clares.lancs.sch.uk/,Preston,PR2 9HH,North West,no
119592,888,Lancashire,St Edmund's Catholic Primary School,http://www.stedmundswestlancs.co.uk,Skelmersdale,WN8 8NP,North West,no
119633,888,Lancashire,"St Francis Catholic Primary School, Goosnargh",www.stfranciscatholicprimaryschool.co.uk,Preston,PR3 2FJ,North West,no
134598,888,Lancashire,St Francis of Assisi Catholic Primary School,www.sfoa.lancs.sch.uk/,Skelmersdale,WN8 9AZ,North West,no
119466,888,Lancashire,"St George's Church of England Primary School, Chorley",www.st-georges.lancs.sch.uk,Chorley,PR7 3JU,North West,no
119673,888,Lancashire,"St Gregory's Catholic Primary School, Chorley",www.st-gregorys-pri.lancs.sch.uk/,Chorley,PR7 3QG,North West,no
119609,888,Lancashire,"St Gregory's Catholic Primary School, Preston",www.st-gregorysps.co.uk/,Preston,PR1 6HQ,North West,no
119645,888,Lancashire,"St Hubert's Roman Catholic Primary School, Great Harwood",www.sthuberts.org.uk,Blackburn,BB6 7SN,North West,no
119610,888,Lancashire,St Ignatius' Catholic Primary School,www.saint-ignatius.com,Preston,PR1 1TT,North West,no
119588,888,Lancashire,"St James' Catholic Primary School, Skelmersdale",www.st-james-pri.lancs.sch.uk,Skelmersdale,WN8 6TN,North West,no
119419,888,Lancashire,"St James' Church of England Primary School, Clitheroe",http://www.stjames-clitheroe.co.uk,CLITHEROE,BB7 1ED,North West,no
119665,888,Lancashire,"St James-the-Less Roman Catholic Primary School, Rawtenstall",www.stjamesthelessschool.co.uk,Rossendale,BB4 8SU,North West,no
149849,888,Lancashire,"St John Southworth RC Primary School, A Voluntary Academy",http://www.st-johnsouthworth.lancs.sch.uk,Nelson,BB9 0DQ,North West,no
148745,888,Lancashire,St John With St Michael Church of England Primary School,http://www.sjsm.lancs.sch.uk,Rochdale,OL12 8EP,North West,no
147578,888,Lancashire,"St John the Baptist RC Primary School, a Voluntary Academy",www.stjohnsrcprimary.co.uk/,Burnley,BB10 2PZ,North West,no
119648,888,Lancashire,"St John the Baptist Roman Catholic Primary School, Padiham",www.st-john.lancs.sch.uk/,Burnley,BB12 7BN,North West,no
119681,888,Lancashire,"St John's Catholic Primary School, Burscough",www.burscough.lancs.sch.uk/,Burscough,L40 7RA,North West,no
119631,888,Lancashire,"St John's Catholic Primary School, Poulton-le-Fylde",https://www.stjohnscatholicprimarypoulton.co.uk/,Poulton-le-Fylde,FY6 7HT,North West,no
119432,888,Lancashire,"St John's CofE Primary School, Cliviger",http://www.stjohnscliviger.co.uk,Burnley,BB10 4SU,North West,no
119453,888,Lancashire,St John's Stonefold CofE Primary School,www.stonefoldschool.org.uk,Accrington,BB5 2SW,North West,no
119668,888,Lancashire,"St Joseph's Catholic Primary School, Anderton",www.st-josephs-anderton.lancs.sch.uk/,Chorley,PR6 9LZ,North West,no
119669,888,Lancashire,"St Joseph's Catholic Primary School, Brindle",www.stjosephsbrindle.com/,Preston,PR5 0DQ,North West,no
119671,888,Lancashire,"St Joseph's Catholic Primary School, Chorley",www.stjosephschorley.co.uk/,Chorley,PR6 0JF,North West,no
151087,888,Lancashire,"St Joseph's Catholic Primary School, Medlar-with-Wesham",www.st-josephs-kirkham.lancs.sch.uk,Preston,PR4 3HA,North West,no
149314,888,Lancashire,"St Joseph's Catholic Primary School, Preston",www.sjps.lancs.sch.uk,preston,PR1 5XL,North West,no
119680,888,Lancashire,"St Joseph's Catholic Primary School, Withnell",www.stjosephswithnell.co.uk,Chorley,PR6 8SD,North West,no
150299,888,Lancashire,"St Joseph's Catholic primary School, a Voluntary Academy",http://www.st-josephs-barlick.lancs.sch.uk,Barnoldswick,BB18 5EN,North West,no
119641,888,Lancashire,"St Joseph's Roman Catholic Primary School, Hurst Green",http://www.st-josephs-hurstgreen.lancs.sch.uk,Clitheroe,BB7 9QJ,North West,no
119661,888,Lancashire,"St Joseph's Roman Catholic Primary School, Stacksteads, Bacup",http://www.stjosephsbacup.co.uk,Bacup,OL13 8LD,North West,no
148770,888,Lancashire,"St Josephs Catholic Primary School, Lancaster",,Lancaster,LA1 2DU,North West,no
119608,888,Lancashire,"St Maria Goretti Catholic Primary School, Preston",www.smgprimary.co.uk,Preston,PR2 6SJ,North West,no
119638,888,Lancashire,St Mary Magdalen's Catholic Primary School,www.st-marymagdalen.lancs.sch.uk/,Preston,PR1 9QQ,North West,no
148993,888,Lancashire,"St Mary Magdalene Catholic Primary School, a Voluntary Academy",http://www.st-marymagdalenesrc.lancs.sch.uk,Burnley,BB12 0JD,North West,no
119617,888,Lancashire,St Mary and Michael Catholic Primary School,www.st-mary-st-michael.lancs.sch.uk/,Preston,PR3 1RB,North West,no
119444,888,Lancashire,"St Mary and St Andrew's Catholic Primary School, Barton Newsham",http://www.st-mary-st-andrews.lancs.sch.uk,Preston,PR3 5DY,North West,no
119634,888,Lancashire,St Mary's Catholic Primary School,www.lea-st-marys.lancs.sch.uk,Preston,PR4 0RJ,North West,no
119672,888,Lancashire,"St Mary's Catholic Primary School and Nursery, Chorley",www.chorleystmarys.lancs.sch.uk/,Chorley,PR7 2RJ,North West,no
119619,888,Lancashire,"St Mary's Catholic Primary School, Claughton-on-Brock",www.claughtonprimary.co.uk,Preston,PR3 0PN,North West,no
149264,888,Lancashire,"St Mary's Catholic Primary School, Great Eccleston",www.st-marysgreateccleston.lancs.sch.uk,Preston,PR3 0ZJ,North West,no
119622,888,Lancashire,"St Mary's Catholic Primary School, Morecambe",www.st-marys-morecambe.lancs.sch.uk/,Morecambe,LA4 5PS,North West,no
119683,888,Lancashire,"St Mary's Catholic Primary School, Scarisbrick",www.stmaryscps.co.uk/,Ormskirk,L40 9QE,North West,no
119368,888,Lancashire,St Mary's CofE Primary School Rawtenstall,http://www.stmaryscep.org.uk,ROSSENDALE,BB4 8RZ,North West,no
150081,888,Lancashire,"St Mary's RC Primary School, a Voluntary Academy",www.st-marys-burnley.lancs.sch.uk/,Burnley,BB10 4BH,North West,no
119643,888,Lancashire,"St Mary's Roman Catholic Primary School, Chipping",www.st-marys-chipping.lancs.sch.uk,Preston,PR3 2QH,North West,no
119659,888,Lancashire,"St Mary's Roman Catholic Primary School, Clayton-le-Moors",www.st-marys-clayton-le-moors.lancs.sch.uk/,Accrington,BB5 5RJ,North West,no
119663,888,Lancashire,"St Mary's Roman Catholic Primary School, Haslingden",www.st-marys-haslingden.lancs.sch.uk,Rossendale,BB4 5NP,North West,no
119642,888,Lancashire,"St Mary's Roman Catholic Primary School, Langho",www.stmaryslangho.co.uk/,Blackburn,BB6 8EQ,North West,no
119647,888,Lancashire,"St Mary's Roman Catholic Primary School, Osbaldeston",www.smrc.lancs.sch.uk,Blackburn,BB2 7HX,North West,no
119660,888,Lancashire,"St Mary's Roman Catholic Primary School, Oswaldtwistle",www.stmarysoswaldtwistle.co.uk,Accrington,BB5 3AA,North West,no
119651,888,Lancashire,"St Mary's Roman Catholic Primary School, Sabden",http://www.stmaryssabden.co.uk/,Clitheroe,BB7 9ED,North West,no
147592,888,Lancashire,"St Mary's Roman Catholic Primary School, a Voluntary Academy",stmarysbacup.org,Bacup,OL13 9LJ,North West,no
119704,888,Lancashire,St Mary's and St Benedict's Roman Catholic Primary School,www.smsb.lancs.sch.uk/,Preston,PR5 6TA,North West,no
148904,888,Lancashire,St Matthew's Church of England Primary Academy,https://www.st-matthewscofe.lancs.sch.uk/,Preston,PR1 5XB,North West,no
119644,888,Lancashire,"St Michael and St John's Roman Catholic Primary School, Clitheroe",www.ssmj.lancs.sch.uk,Clitheroe,BB7 1AG,North West,no
136893,888,Lancashire,St Michael's Church of England High School,http://www.saint-michaels.com,Chorley,PR7 1RS,North West,no
119447,888,Lancashire,St Nicholas Church of England Primary School,www.st-nicholas.lancs.sch.uk,Accrington,BB5 4DN,North West,no
119675,888,Lancashire,"St Oswald's Catholic Primary School, Coppull",http://www.st-oswalds.lancs.sch.uk,Chorley,PR7 5DH,North West,no
119637,888,Lancashire,"St Oswald's Catholic Primary School, Longton",www.longton-st-oswalds.lancs.sch.uk/,Preston,PR4 5EB,North West,no
119657,888,Lancashire,"St Oswald's Roman Catholic Primary School, Accrington",www.stoswaldsromancatholicprimaryschool.com,Accrington,BB5 0NN,North West,no
119640,888,Lancashire,"St Patrick's Roman Catholic Primary School, Walton-le-Dale",http://www.st-patricks.lancs.sch.uk,Preston,PR5 4HD,North West,no
119628,888,Lancashire,"St Peter's Catholic Primary School, Lytham",www.st-peters-pri.lancs.sch.uk/,Lytham St Annes,FY8 4JG,North West,no
119386,888,Lancashire,St Peter's CofE Primary School,www.st-peters.lancs.sch.uk/,Accrington,BB5 0NW,North West,no
119664,888,Lancashire,"St Peter's Roman Catholic Primary School, Newchurch",www.stpetersrc.com/,Rossendale,BB4 9EZ,North West,no
119684,888,Lancashire,"St Richard's Catholic Primary School, Skelmersdale",www.st-richards.lancs.sch.uk/,Skelmersdale,WN8 8LQ,North West,no
119358,888,Lancashire,St Stephen's CofE School,www.st-stephens.lancs.sch.uk/,PRESTON,PR1 8JN,North West,no
149317,888,Lancashire,"St Teresa's Catholic Primary School, Preston",www.st-teresas-pri.lancs.sch.uk/,Preston,PR1 4RH,North West,no
119495,888,Lancashire,St Thomas the Martyr Voluntary Aided Church of England Primary School,www.stthomasthemartyr.org,Skelmersdale,WN8 0HX,North West,no
119529,888,Lancashire,St Wilfrid's Cof E Primary School,www.stwilfrids-halton.co.uk,Lancaster,LA2 6QE,North West,no
150580,888,Lancashire,"St William's Catholic Primary School, Pilling",www.st-williams.lancs.sch.uk,Preston,PR3 6AL,North West,no
119646,888,Lancashire,"St Wulstan's Catholic Primary School, Great Harwood",www.stwulstans.co.uk,Great Harwood,BB6 7JQ,North West,no
149263,888,Lancashire,St Wulstan's and St Edmund's Catholic Academy,http://www.st-wulstans-rc12.lancsngfl.ac.uk,Fleetwood,FY7 7JY,North West,no
119676,888,Lancashire,St. Mary's Catholic Primary School Euxton,www.euxton-st-marys.lancs.sch.uk,Chorley,PR7 6JW,North West,no
151272,888,Lancashire,"St. Mary's Catholic Primary School, Fleetwood",http://www.st-marys-fleetwood.lancs.sch.uk,Fleetwood,FY7 6EU,North West,no
119100,888,Lancashire,Staghills Nursery School,,Rossendale,BB4 7UE,North West,no
119375,888,Lancashire,Staining Church of England Voluntary Controlled Primary School,www.staining.lancs.sch.uk,Blackpool,FY3 0BW,North West,no
119147,888,Lancashire,Stalmine Primary School,http://www.stalmineprimary.co.uk,Poulton-le-Fylde,FY6 0LR,North West,no
119296,888,Lancashire,Stanah Primary School,www.stanah.co.uk,Thornton-Cleveleys,FY5 5JR,North West,no
119103,888,Lancashire,Stepping Stones School,www.steppingstones.lancs.sch.uk,Lancaster,LA1 4HT,North West,no
119074,888,Lancashire,Stoneyholme Nursery School,www.stoneyholmenurseryschool.co.uk,BURNLEY,BB12 0BU,North West,no
137768,888,Lancashire,Tarleton Academy,http://www.tarletonacademy.org/,Preston,PR4 6AQ,North West,no
119158,888,Lancashire,Tarleton Community Primary School,http://www.tarletoncommunityprimary.co.uk,Preston,PR4 6AT,North West,no
119573,888,Lancashire,Tarleton Holy Trinity CofE Primary School,www.tarletonholytrinity.org,Preston,PR4 6UP,North West,no
119574,888,Lancashire,Tarleton Mere Brow Church of England Primary School,www.merebrow.lancs.sch.uk/,Preston,PR4 6JX,North West,no
119379,888,Lancashire,Tatham Fells Church of England Voluntary Controlled Primary School,www.tathamfells.lancs.sch.uk/,Lancaster,LA2 8RA,North West,no
133372,888,Lancashire,Taywood Nursery School,www.taywood.lancs.sch.uk,Burnley,BB11 5AE,North West,no
134872,888,Lancashire,The Acorns School,www.theacornsschool.co.uk,Ormskirk,L39 4QX,North West,no
149414,888,Lancashire,"The Blessed Sacrament Catholic Primary School, Preston",https://www.blessedsacrament.lancs.sch.uk/,Preston,PR2 6LX,North West,no
119621,888,Lancashire,"The Cathedral Catholic Primary School, Lancaster",www.cathedral.lancs.sch.uk,Lancaster,LA1 3BT,North West,no
119893,888,Lancashire,The Coppice School,www.coppice.lancs.sch.uk,Preston,PR5 6GY,North West,no
145918,888,Lancashire,The Heights Burnley,www.theheightsburnley.com,Burnley,BB12 0DU,North West,no
148922,888,Lancashire,The Hollins,http://www.thehollins.com,Accrington,BB5 2QY,North West,no
144356,888,Lancashire,The Hyndburn Academy,www.hyndburnacademy.org.uk,Blackburn,BB1 4ED,North West,no
119892,888,Lancashire,The Loyne Specialist School,http://www.loyneschool.org.uk,Lancaster,LA1 2QD,North West,no
142866,888,Lancashire,"The Olive School, Preston",,Preston,PR2 8DW,North West,no
119237,888,Lancashire,The Roebuck School,www.roebuck.lancs.sch.uk,Preston,PR2 2BN,North West,no
134625,888,Lancashire,The Rose School,www.theroseschoolburnley.co.uk,Burnley,BB11 4DT,North West,no
147018,888,Lancashire,The Valley Leadership Academy,https://www.thevalleyleadershipacademy.com/,Bacup,OL13 0TG,North West,no
151086,888,Lancashire,"The Willows Catholic Primary School, Kirkham",www.willows.lancs.sch.uk,Preston,PR4 2BT,North West,no
119391,888,Lancashire,Thornton Cleveleys Baines Endowed Voluntary Controlled Primary School,http://www.bainesend.lancsngfl.ac.uk,Thornton-Cleveleys,FY5 5HY,North West,no
119346,888,Lancashire,Thornton Cleveleys Manor Beach Primary School,www.manor-beach.lancsngfl.ac.uk/,Thornton-Cleveleys,FY5 1EU,North West,no
119149,888,Lancashire,Thornton Cleveleys Royles Brook Primary School,https://www.roylesbrookprimaryschool.co.uk/,Thornton-Cleveleys,FY5 2TY,North West,no
119148,888,Lancashire,Thornton Primary School,http://www.thorntonprimary.lancs.sch.uk,Thornton-Cleveleys,FY5 4JP,North West,no
119897,888,Lancashire,Thornton-Cleveleys Red Marsh School,,Blackpool,FY5 4HH,North West,no
119543,888,Lancashire,"Thurnham Glasson Christ Church, Church of England Primary School",www.thurnhamglasson.lancs.sch.uk,Lancaster,LA2 0AR,North West,no
119271,888,Lancashire,Tonacliffe Primary School,www.tonacliffe.lancs.sch.uk/,ROCHDALE,OL12 8SS,North West,no
143879,888,Lancashire,Tor View School,http://torview.org/,Rossendale,BB4 6LR,North West,no
119180,888,Lancashire,Trawden Forest Primary School,www.trawden.lancs.sch.uk,Colne,BB8 8RN,North West,no
119701,888,Lancashire,Treales Church of England Primary School,http://www.treales.lancsngfl.ac.uk,Preston,PR4 3SH,North West,no
135860,888,Lancashire,"Trinity Church of England/Methodist Primary School, Buckshaw Village",www.trinitybuckshaw.lancs.sch.uk,Chorley,PR7 7HZ,North West,no
119406,888,Lancashire,Trinity Church of England/Methodist School,www.trinity.lancs.sch.uk/,Skelmersdale,WN8 8PW,North West,no
131309,888,Lancashire,Trinity and St Michael's VA CofE/Methodist Primary School,trinitystmichaelscroston.co.uk,Leyland,PR26 9HJ,North West,no
119272,888,Lancashire,Trumacar Nursery and Community Primary School,www.trumacar.lancs.sch.uk,Morecambe,LA3 2ST,North West,no
135003,888,Lancashire,Unity College,http://www.unity-college.com/,Burnley,BB11 3DF,North West,no
149983,888,Lancashire,Up Holland High School,http://uhhs.uk,Wigan,WN5 7AL,North West,no
119496,888,Lancashire,Upholland Roby Mill CofE Voluntary Aided Primary School,https://www.robymill.lancs.sch.uk,Skelmersdale,WN8 0QR,North West,no
150510,888,Lancashire,Walton-Le-Dale High School,,Preston,PR5 6RN,North West,no
119178,888,Lancashire,Walverden Primary School,http://www.walverdenprimaryschool.uk/,Nelson,BB9 0TL,North West,no
119404,888,Lancashire,Warton Archbishop Hutton's VC Primary School,www.archbishophuttons.lancs.sch.uk,Nr Carnforth,LA5 9QU,North West,no
148158,888,Lancashire,Warton St Paul's Church of England Primary Academy,www.wartonstpauls.co.uk,Preston,PR4 1AH,North West,no
119198,888,Lancashire,Water Primary School,www.water.lancs.sch.uk,Rossendale,BB4 9PX,North West,no
119199,888,Lancashire,Waterfoot Primary School,http://www.waterfoot.lancs.sch.uk,Rossendale,BB4 9DA,North West,no
119279,888,Lancashire,Weeton Primary School,www.weeton.lancs.sch.uk,Preston,PR4 3HX,North West,no
119561,888,Lancashire,Weeton St Michael's Church of England Voluntary Aided Primary School,https://www.st-michaels-ce12.lancsngfl.ac.uk/,Preston,PR4 3WD,North West,no
150434,888,Lancashire,Wellfield Academy,https://wellfieldacademy.org/,Leyland,PR25 2TP,North West,no
142856,888,Lancashire,West Craven High School,http://www.westcraven.co.uk,Barnoldswick,BB18 5TB,North West,no
119139,888,Lancashire,West End Primary School,www.westend.lancs.sch.uk/,Morecambe,LA3 1BW,North West,no
131258,888,Lancashire,West Lancashire Community High School,http://www.westlancs.lancs.sch.uk,Skelmersdale,WN8 8EH,North West,no
119377,888,Lancashire,Westhead Lathom St James' Church of England Primary School,http://www.wlsj.lancs.sch.uk,Ormskirk,L40 6HL,North West,no
119429,888,Lancashire,Whalley Church of England Primary School,http://www.whalleyceprimary.co.uk,Clitheroe,BB7 9SY,North West,no
150581,888,Lancashire,Wheatley Lane Methodist Primary School,www.wheatleylane.lancs.sch.uk/,Burnley,BB12 9ED,North West,no
119179,888,Lancashire,Whitefield Infant School and Nursery,www.whitefield-inf.lancs.sch.uk,Nelson,BB9 7HF,North West,no
119293,888,Lancashire,Whitefield Primary School,http://www.whitefield-pri.lancs.sch.uk,Preston,PR1 0RH,North West,no
119096,888,Lancashire,Whitegate Nursery School,www.whitegate.org,Burnley,BB12 8TG,North West,no
119753,888,Lancashire,Whitworth Community High School,http://www.wchs.co,ROCHDALE,OL12 8TS,North West,no
119134,888,Lancashire,Willow Lane Community Primary School,www.willow.lancs.sch.uk,Lancaster,LA1 5PR,North West,no
119545,888,Lancashire,Winmarleigh Church of England Primary School,www.winmarleigh.lancs.sch.uk,Preston,PR3 0LA,North West,no
119306,888,Lancashire,Withnell Fold Primary School,http://www.withnell.lancsngfl.ac.uk,Chorley,PR6 8BA,North West,no
119208,888,Lancashire,Woodlea Junior School,www.woodleajuniors.co.uk,Leyland,PR25 1JL,North West,no
119576,888,Lancashire,Woodplumpton St Anne's CofE Primary School,http://www.woodplumpton-st-annes.lancs.sch.uk,Preston,PR4 0NE,North West,no
119181,888,Lancashire,Worsthorne Primary School,www.worsthorne.lancs.sch.uk,Burnley,BB10 3LR,North West,no
119362,888,Lancashire,Wray with Botton Endowed Primary School,www.wrayendowed-school.co.uk,Lancaster,LA2 8QE,North West,no
119225,888,Lancashire,Wrightington Mossy Lea Primary School,http://www.mossylea.lancs.sch.uk,Wigan,WN6 9RN,North West,no
119577,888,Lancashire,Altham St James Church of England Primary School,http://www.altham.lancs.sch.uk,Accrington,BB5 5UH,North West,yes
119688,888,Lancashire,Bolton by Bowland Church of England Voluntary Aided Primary School,www.bolton-by-bowland.lancs.sch.uk,Clitheroe,BB7 4NP,North West,yes
119175,888,Lancashire,Bradley Primary School,www.bradleyprimaryschool.org,Nelson,BB9 7RF,North West,yes
119461,888,Lancashire,Bretherton Endowed Church of England Voluntary Aided Primary School,www.brethertonschool.org.uk,Leyland,PR26 9AH,North West,yes
134603,888,Lancashire,Brookfield Park Primary School,www.brookfieldparkprimary.co.uk,Skelmersdale,WN8 8EH,North West,yes
119485,888,Lancashire,Burnley Holy Trinity Church of England Primary School,www.holytrinitycofe.lancs.sch.uk,Burnley,BB11 4LB,North West,yes
119486,888,Lancashire,Burnley St Stephen's Church of England Voluntary Aided Primary School,www.ststephensburnley.com,Burnley,BB11 3EJ,North West,yes
119257,888,Lancashire,Burnley Stoneyholme Community Primary School,http://www.stoneyholme.lancsngfl.ac.uk,Burnley,BB12 0BN,North West,yes
119328,888,Lancashire,Burscough Village Primary School,www.burscough.lancsngfl.ac.uk/,Ormskirk,L40 4LB,North West,yes
119316,888,Lancashire,Carleton Green Community Primary School,www.carletongreen.lancs.sch.uk/,Poulton-le-Fylde,FY6 7TF,North West,yes
133622,888,Lancashire,Cherry Fold Community Primary School,www.cherryfold.lancs.sch.uk,Burnley,BB11 5JS,North West,yes
119464,888,Lancashire,Chorley All Saints Church of England Primary School and Nursery Unit,http://www.allsaintscofe.lancs.sch.uk,Chorley,PR7 2LR,North West,yes
119465,888,Lancashire,"Chorley, the Parish of St Laurence Church of England Primary School",www.st-laurence.lancs.sch.uk/,Chorley,PR7 1RB,North West,yes
119468,888,Lancashire,Clayton-le-Woods Church of England Primary School,www.clayton-le-woods.lancs.sch.uk/,Chorley,PR6 7EU,North West,yes
119329,888,Lancashire,Cobbs Brow School,www.cobbsbrowschool.co.uk,Skelmersdale,WN8 6SU,North West,yes
119319,888,Lancashire,Coupe Green Primary School,http://www.coupegreen.co.uk,Preston,PR5 0JR,North West,yes
119313,888,Lancashire,Crawshawbooth Primary School,http://www.crawshawboothprimary.co.uk,Rossendale,BB4 8AN,North West,yes
119334,888,Lancashire,Crow Orchard Primary School,www.croworchard.lancs.sch.uk/,Skelmersdale,WN8 8QG,North West,yes
133645,888,Lancashire,"Cuerden Church School, Bamber Bridge",www.cuerden.lancs.sch.uk,Preston,PR5 6ED,North West,yes
119493,888,Lancashire,Dalton St Michael's Church of England Primary School,http://dalton-stmichaels.co.uk/,Wigan,WN8 7RP,North West,yes
119066,888,Lancashire,Duke Street Nursery School,www.dukestreet-nur.lancs.sch.uk,Chorley,PR7 3DU,North West,yes
119251,888,Lancashire,Earby Springfield Primary School,www.earby.lancs.sch.uk/,Barnoldswick,BB18 6SJ,North West,yes
119472,888,Lancashire,Eccleston St Mary's Church of England Primary School,www.ecclestonstmarysceprimary.com,Chorley,PR7 5TE,North West,yes
135457,888,Lancashire,Elm Tree Community Primary School,https://www.elmtree.lancs.sch.uk/,Skelmersdale,WN8 6SA,North West,yes
119473,888,Lancashire,Euxton Church of England Voluntary Aided Primary School,www.euxtonceprimary.co.uk,Chorley,PR7 6JW,North West,yes
119333,888,Lancashire,Fishwick Primary School,https://fishwick.lancs.sch.uk,Preston,PR1 4RH,North West,yes
119548,888,Lancashire,Freckleton Church of England Primary School,www.freckleton.lancs.sch.uk/,Preston,PR4 1PJ,North West,yes
135936,888,Lancashire,Fulwood Academy,http://www.fulwoodacademy.co.uk/,Preston,PR2 9YR,North West,yes
119265,888,Lancashire,Gisburn Road Community Primary School,www.gisburnroad.com,Barnoldswick,BB18 5LS,North West,yes
119549,888,Lancashire,Great Eccleston Copp CofE Primary School,www.coppschool.lancs.sch.uk,Preston,PR3 0ZN,North West,yes
119311,888,Lancashire,Great Wood Primary School,www.greatwood.lancs.sch.uk/,Morecambe,LA4 6UB,North West,yes
119480,888,Lancashire,Halsall St Cuthbert's Church of England Primary School,www.halsall.lancs.sch.uk/,Ormskirk,L39 8RR,North West,yes
119326,888,Lancashire,Haslingden Broadway Primary School,https://www.broadway.lancs.sch.uk/,Rossendale,BB4 4EH,North West,yes
119261,888,Lancashire,Heasandford Primary School,www.heasandford.co.uk,Burnley,BB10 3DA,North West,yes
119693,888,Lancashire,Heyhouses Endowed Church of England Primary School,www.heyhouses.lancs.sch.uk/,Lytham St Annes,FY8 3EE,North West,yes
119067,888,Lancashire,Highfield Nursery School,http://highfieldnurseryschoolchorley.co.uk/,Chorley,PR6 0SL,North West,yes
135014,888,Lancashire,Holly Grove School,www.holly-grove.lancs.sch.uk,Burnley,BB10 1JD,North West,yes
119570,888,Lancashire,Hoole St Michael CofE Primary School,http://www.hoolesmprimary.co.uk,Preston,PR4 5JQ,North West,yes
119071,888,Lancashire,Ightenhill Nursery School,www.ightenhill-nur.lancs.sch.uk,Burnley,BB12 6DY,North West,yes
119325,888,Lancashire,Lancaster Lane Primary and Pre-School,https://lancasterlane.lancs.sch.uk,Leyland,PR25 5TT,North West,yes
119567,888,Lancashire,Lea Neeld's Endowed Church of England Primary School,http://www.leacofe.lancs.sch.uk,Preston,PR4 0RA,North West,yes
119064,888,Lancashire,Lee Royd Nursery School,www.leeroydnursery.co.uk,Accrington,BB5 2LH,North West,yes
119305,888,Lancashire,Lever House Primary School,www.leverhouse.net,Leyland,PR25 4YR,North West,yes
119476,888,Lancashire,Leyland St James Church of England Primary School,http://www.leyland-st-james.lancs.sch.uk,Leyland,PR26 7SH,North West,yes
119568,888,Lancashire,Longridge Church of England Primary School,http://www.longridge-cofe.lancs.sch.uk,Preston,PR3 3JA,North West,yes
119315,888,Lancashire,Lytham Hall Park Primary School,www.hallpark.lancs.sch.uk,Lytham St Annes,FY8 4QU,North West,yes
119477,888,Lancashire,Mawdesley St Peter's Church of England Primary School,www.mawdesleystpeters.co.uk/,Ormskirk,L40 2QT,North West,yes
119866,888,Lancashire,Moorbrook School,www.moorbrook.lancsngfl.ac.uk,Preston,PR2 3DB,North West,yes
119080,888,Lancashire,Moorgate Nursery School,http://www.moorgatenurseryschool.co.uk,Ormskirk,L39 4RY,North West,yes
119569,888,Lancashire,New Longton All Saints CofE Primary School,www.newlongtonprimary.school,Preston,PR4 4XA,North West,yes
119482,888,Lancashire,Newburgh Church of England Primary School,www.newburgh.lancs.sch.uk,Wigan,WN8 7XB,North West,yes
119090,888,Lancashire,Newtown Nursery School,www.newtownnursery.co.uk,Colne,BB8 0HP,North West,yes
119314,888,Lancashire,Ormskirk Asmall Primary School,www.asmall.lancs.sch.uk,Ormskirk,L39 3PJ,North West,yes
119697,888,Lancashire,"Our Lady and St Anselm's Roman Catholic Primary School, Whitworth",www.olsa.lancs.sch.uk/,Rochdale,OL12 8DB,North West,yes
135015,888,Lancashire,Pendle Community High School & College,www.pchs.lancs.sch.uk,Nelson,BB9 8LF,North West,yes
135012,888,Lancashire,Pendle View Primary School,www.pendleview.lancs.sch.uk,Colne,BB8 8JT,North West,yes
119337,888,Lancashire,Penwortham Broad Oak Primary School,http://www.broadoak.lancs.sch.uk/,Preston,PR1 9DE,North West,yes
119089,888,Lancashire,Ribblesdale Nursery School,www.ribblesdale-nur.lancs.sch.uk,Clitheroe,BB7 1EL,North West,yes
119571,888,Lancashire,Ribchester St Wilfrid's Church of England Voluntary Aided Primary School,www.ribchester-st-wilfrids.lancs.sch.uk,Preston,PR3 3XP,North West,yes
135013,888,Lancashire,Ridgewood Community High School,www.ridgewood.lancs.sch.uk,Burnley,BB10 2AT,North West,yes
119065,888,Lancashire,Rockwood Nursery School,www.rockwoodnursery.com,Burnley,BB11 3PU,North West,yes
119070,888,Lancashire,Rosegrove Nursery School,www.rosegrove-nur.lancs.sch.uk,Burnley,BB12 6AJ,North West,yes
133437,888,Lancashire,Rosewood Primary School,http://www.rosewood.lancs.sch.uk,Burnley,BB11 2PH,North West,yes
133688,888,Lancashire,Royal Cross Primary School,http://www.royalcross.lancs.sch.uk,Preston,PR2 1NT,North West,yes
119807,888,Lancashire,Salesbury Church of England Primary School,www.salesbury.lancs.sch.uk,Blackburn,BB1 9EQ,North West,yes
119267,888,Lancashire,Salterforth Primary School,www.salterforthprimary.co.uk,Barnoldswick,BB18 5UD,North West,yes
119572,888,Lancashire,Samlesbury Church of England School,www.samlesburyceprimary.co.uk,Preston,PR5 0UE,North West,yes
119339,888,Lancashire,Sherwood Primary School,www.sherwood.lancs.sch.uk,Preston,PR2 9GA,North West,yes
134996,888,Lancashire,Sir John Thursby Community College,http://www.sirjohnthursby.lancs.sch.uk/,Burnley,BB10 2AT,North West,yes
119474,888,Lancashire,Slaidburn Brennands Endowed Primary School,http://www.brennands.lancs.sch.uk,Clitheroe,BB7 3ER,North West,yes
119552,888,Lancashire,St Annes on Sea St Thomas' Church of England Primary School,www.st-thomas.lancs.sch.uk,Lytham St Annes,FY8 1JN,North West,yes
119698,888,Lancashire,St Anthony's Catholic Primary School,www.st-anthonys.lancs.sch.uk/,Preston,PR2 3SQ,North West,yes
119487,888,Lancashire,St James' Lanehead Church of England Primary School,www.st-jameslanehead.lancs.sch.uk/,Burnley,BB10 2NH,North West,yes
119586,888,Lancashire,"St John's Catholic Primary School, Skelmersdale",www.st-johnsrc.com,Skelmersdale,WN8 6PF,North West,yes
119696,888,Lancashire,"St Joseph's Catholic Primary School, Wrightington",https://www.st-josephs-wrightington.lancs.sch.uk,Wigan,WN6 9RE,North West,yes
119816,888,Lancashire,St Mary's Catholic High School,http://lsmchs.com/,Leyland,PR25 1BS,North West,yes
119544,888,Lancashire,St Michael's-On-Wyre Church of England Primary School & Nursery,www.stmichaelsonwyreprimary.co.uk,"St Michael's-on-Wyre, Preston",PR3 0UA,North West,yes
119583,888,Lancashire,St Patrick's Catholic Primary School,http://www.stpatricksheysham.com,Morecambe,LA3 2ER,North West,yes
119678,888,Lancashire,"St Peter and Paul Catholic Primary School, Mawdesley",www.sspeterandpaulsschoolmawdesley.co.uk,Nr Ormskirk,L40 3PP,North West,yes
119806,888,Lancashire,St Peter's CofE Primary School Chorley,www.stpeters.lancs.sch.uk,Chorley,PR6 0DX,North West,yes
119695,888,Lancashire,St Teresa's Catholic Primary School,http://www.st-teresas-upholland.lancs.sch.uk,Upholland,WN8 0PY,North West,yes
119589,888,Lancashire,"St Veronica's Roman Catholic Primary School, Helmshore",www.st-veronicas.lancsngfl.ac.uk/,,BB4 4EZ,North West,yes
119083,888,Lancashire,Stoneygate Nursery School,www.stoneygate-nursery.co.uk,Preston,PR1 3XU,North West,yes
119689,888,Lancashire,"Thorneyholme Roman Catholic Primary School, Dunsop Bridge",www.thorneyholme.lancs.sch.uk,Clitheroe,BB7 3BG,North West,yes
119687,888,Lancashire,Waddington and West Bradford Church of England Voluntary Aided Primary School,www.wwb.lancs.sch.uk,Clitheroe,BB7 3JE,North West,yes
119079,888,Lancashire,Walton Lane Nursery School,https://www.waltonlane.co.uk/,Nelson,BB9 8BP,North West,yes
119286,888,Lancashire,Walton-le-Dale Community Primary School,www.wldps.com/,Preston,PR5 4TD,North West,yes
119575,888,Lancashire,"Walton-le-Dale, St Leonard's Church of England Primary School",www.st-leonards-pri.lancs.sch.uk/,Preston,PR5 4JL,North West,yes
119492,888,Lancashire,Wellfield Methodist and Anglican Church School,www.wellfield.lancs.sch.uk,Burnley,BB12 0JD,North West,yes
119174,888,Lancashire,West Street Community Primary School,www.west-street.org,Colne,BB8 0HW,North West,yes
119338,888,Lancashire,Westwood Primary School,westwoodprimaryschool.co.uk,Chorley,PR5 8LS,North West,yes
119478,888,Lancashire,Whittle-le-Woods Church of England Primary School,https://whittleprimary.com/,CHORLEY,PR6 7PS,North West,yes
119262,888,Lancashire,Whittlefield Primary School,www.whittlefield.lancs.sch.uk,Burnley,BB12 0HL,North West,yes
119088,888,Lancashire,Woodfield Nursery School,www.woodfield.lancs.sch.uk,Nelson,BB9 5BE,North West,yes
134599,888,Lancashire,Woodland Community Primary School,www.woodlandschool.co.uk/,Skelmersdale,WN8 6QH,North West,yes
119546,888,Lancashire,Yealand Church of England Primary School,http://www.yealand.lancs.sch.uk,Carnforth,LA5 9SU,North West,yes
