urn,district_code,district_name,school_name,website,town,postcode,region,has_email_collected
143159,895,Cheshire East,Acton Church of England Primary Academy,www.actonceacademy.org.uk,Nantwich,CW5 8LG,North West,no
148641,895,Cheshire East,Adelaide Heath Academy,www.adelaideheathacademy.net,Knutsford,WA16 8PA,North West,no
140457,895,Cheshire East,Adelaide School,http://www.adelaideschool.net,Crewe,CW1 3DT,North West,no
143154,895,Cheshire East,Adlington Primary School,http://www.adlington.cheshire.sch.uk,Macclesfield,SK10 4JX,North West,no
139139,895,Cheshire East,All Hallows Catholic College,http://www.allhallows.org.uk/,Macclesfield,SK11 8LB,North West,no
148136,895,Cheshire East,Alsager Highfields Community Primary School,www.alsagerhighfields.com,Stoke-on-Trent,ST7 2NW,North West,no
140108,895,Cheshire East,Alsager School,http://www.alsagerschool.org/,Stoke-on-Trent,ST7 2HR,North West,no
140444,895,Cheshire East,Ash Grove Academy,http://www.ashgrove.cheshire.sch.uk,Macclesfield,SK11 7TF,North West,no
111227,895,Cheshire East,Ashdene Primary School,www.ashdene.cheshire.sch.uk,Wilmslow,SK9 6LJ,North West,no
145720,895,Cheshire East,Astbury St Mary's CofE Primary School,https://www.astburyschool.org.uk/,Congleton,CW12 4RG,North West,no
148489,895,Cheshire East,Audlem St James' CofE Primary School,www.audlemstjames.org.uk/,Crewe,CW3 0HH,North West,no
111211,895,Cheshire East,Beechwood Primary School and Nursery,www.beechwoodprimary.org.uk,Crewe,CW1 2PH,North West,no
147133,895,Cheshire East,Bexton Primary School,http://www.bexton.cheshire.sch.uk,Knutsford,WA16 9DB,North West,no
140981,895,Cheshire East,Black Firs Primary School,http://www.black-firs.co.uk,Congleton,CW12 4QJ,North West,no
111360,895,Cheshire East,Bollinbrook CofE (A) Primary School,bollinbrook.school,Macclesfield,SK10 3AT,North West,no
111324,895,Cheshire East,Bollington St John's CofE Primary School,www.bollingtonstjohns.co.uk,Macclesfield,SK10 5LY,North West,no
148660,895,Cheshire East,Bosley St Mary's CofE Primary School,www.bosleyschool.co.uk/,Macclesfield,SK11 0NX,North West,no
144832,895,Cheshire East,Brereton CofE Primary School,www.breretonprimaryschool.org.uk,Sandbach,CW11 1RN,North West,no
111343,895,Cheshire East,Bridgemere CofE Primary School,www.bridgemereschool.co.uk,Nantwich,CW5 7PX,North West,no
111061,895,Cheshire East,Brierley Primary School,www.brierley.cheshire.sch.uk,Crewe,CW1 2AZ,North West,no
136279,895,Cheshire East,Brine Leas School,http://brineleas.co.uk/,Nantwich,CW5 7DY,North West,no
141193,895,Cheshire East,Broken Cross Primary Academy and Nursery,www.brokencross.ft.school,Macclesfield,SK11 8UD,North West,no
143155,895,Cheshire East,Bunbury Aldersey CofE Primary School,http://www.bunburyaldersey.cheshire.sch.uk,Tarporley,CW6 9NR,North West,no
143157,895,Cheshire East,Calveley Primary Academy,www.calveleyprimary.cheshire.sch.uk,,CW6 9LE,North West,no
140813,895,Cheshire East,Cheshire Studio School,http://www.knutsfordacademy.org.uk/,Knutsford,WA16 0EA,North West,no
148727,895,Cheshire East,Christ The King Catholic and Church of England Primary School,https://www.christtheking.cheshire.sch.uk/,Macclesfield,SK11 7SF,North West,no
141559,895,Cheshire East,Church Lawton School,https://www.churchlawtonschool.org.uk/,Stoke-on-Trent,ST7 3EL,North West,no
150654,895,Cheshire East,Cledford Primary School,www.cledford.cheshire.sch.uk,Middlewich,CW10 0DD,North West,no
136655,895,Cheshire East,Congleton High School,tlptrust.com,Congleton,CW12 4NS,North West,no
139910,895,Cheshire East,Cranberry Academy,www.cranberryacademy.co.uk,,ST7 2LE,North West,no
142890,895,Cheshire East,Crewe Engineering and Design UTC,https://www.utccrewe.co.uk/,Crewe,CW1 2PZ,North West,no
146995,895,Cheshire East,Daven Primary School,www.daven.cheshire.sch.uk/,Congleton,CW12 3AH,North West,no
111147,895,Cheshire East,Dean Valley Community Primary School,http://www.deanvalley.cheshire.sch.uk,Macclesfield,SK10 5HS,North West,no
147877,895,Cheshire East,Disley Primary School,disleyprimary.org.uk,Stockport,SK12 2BD,North West,no
138662,895,Cheshire East,Eaton Bank Academy,http://www.eatonbankacademy.org/,Congleton,CW12 1NT,North West,no
111170,895,Cheshire East,Edleston Primary School,http://www.edleston.cheshire.sch.uk,Crewe,CW2 7PX,North West,no
145981,895,Cheshire East,Egerton Primary School,http://www.egerton.cheshire.sch.uk,Knutsford,WA16 0EE,North West,no
148985,895,Cheshire East,Elworth Hall Primary School,www.elworthhall.cheshire.sch.uk,Sandbach,CW11 1TE,North West,no
145035,895,Cheshire East,Excalibur Primary School,http://www.excalibur.cheshire.sch.uk,Stoke-on-Trent,ST7 2RQ,North West,no
150726,895,Cheshire East,Gainsborough Primary and Nursery School,www.gainsboroughschool.co.uk/,Crewe,CW2 7NH,North West,no
144833,895,Cheshire East,Gawsworth Primary School,http://www.gawsworth.cheshire.sch.uk,Macclesfield,SK11 9QU,North West,no
111171,895,Cheshire East,Goostrey Community Primary School,http://www.goostrey.cheshire.sch.uk,Near Crewe,CW4 8PE,North West,no
143011,895,Cheshire East,Gorsey Bank Primary School,gorseybank.org.uk,Wilmslow,SK9 5NQ,North West,no
146615,895,Cheshire East,Handforth Grange Primary School,https://handforthgrange.com/,Wilmslow,SK9 3NG,North West,no
148487,895,Cheshire East,Haslington Primary Academy,www.haslington.cheshire.sch.uk,Crewe,CW1 5SL,North West,no
140724,895,Cheshire East,Hermitage Primary School,http://www.hermitage.cheshire.sch.uk/,Crewe,CW4 7NP,North West,no
111096,895,Cheshire East,High Legh Primary School,http://www.highlegh.cheshire.sch.uk,Knutsford,WA16 6NW,North West,no
143160,895,Cheshire East,Highfields Academy,http://www.highfieldsacademy.co.uk,Nantwich,CW5 6HA,North West,no
146430,895,Cheshire East,Hollinhey Primary School,http://www.hollinhey.cheshire.sch.uk,Macclesfield,SK11 0EE,North West,no
137449,895,Cheshire East,Holmes Chapel Comprehensive School,https://www.hccs1978.co.uk/,Crewe,CW4 7DX,North West,no
140083,895,Cheshire East,Holmes Chapel Primary School,http://www.holmeschapelprimary.org.uk,Crewe,CW4 7EB,North West,no
146382,895,Cheshire East,Hungerford Primary Academy,www.hungerfordacademy.org,Crewe,CW1 5HA,North West,no
111233,895,Cheshire East,Hurdsfield Community Primary School,www.hurdsfieldprimaryschool.com,Macclesfield,SK10 2LW,North West,no
141792,895,Cheshire East,Ivy Bank Primary School,www.ivybank.cheshire.sch.uk/,Macclesfield,SK11 8PB,North West,no
111459,895,Cheshire East,Kettleshulme St James CofE (VA) Primary School,www.kettleshulmestjames.cheshire.sch.uk,Kettleshulme. High Peak,SK23 7QU,North West,no
138002,895,Cheshire East,Knutsford Academy,http://www.knutsfordacademy.org.uk/,Knutsford,WA16 0EA,North West,no
137450,895,Cheshire East,Lacey Green Primary Academy,http://www.laceygreen.cheshire.sch.uk,Wilmslow,SK9 4DP,North West,no
139752,895,Cheshire East,Leighton Academy,www.leightonacademy.com,Crewe,CW1 3PP,North West,no
111031,895,Cheshire East,Lindow Community Primary School,www.lindow.cheshire.sch.uk/,Wilmslow,SK9 6EH,North West,no
147810,895,Cheshire East,Little Bollington CofE Primary School,www.littlebollington.cheshire.sch.uk/,Altrincham,WA14 4SZ,North West,no
146402,895,Cheshire East,Lostock Hall Primary School,http://www.lostockhall.com,Stockport,SK12 1XG,North West,no
151153,895,Cheshire East,Lower Park School,www.lowerpark.cheshire.sch.uk/,Stockport,SK12 1HE,North West,no
111216,895,Cheshire East,Mablins Lane Community Primary School,http://www.mablinslaneschool.co.uk,Crewe,CW1 3YR,North West,no
111419,895,Cheshire East,Malbank School and Sixth Form College,http://www.malbank.com,Nantwich,CW5 5HD,North West,no
148278,895,Cheshire East,Manor Park Primary School and Nursery,http://www.manorpark.cheshire.sch.uk,Knutsford,WA16 8DB,North West,no
142561,895,Cheshire East,Marlborough Primary School,www.marlborough.ft.school,Macclesfield,SK10 2HJ,North West,no
140895,895,Cheshire East,Marlfields Primary School,www.marlfieldsprimary.co.uk/,Congleton,CW12 4BT,North West,no
111329,895,Cheshire East,Marton and District CofE Aided Primary School,www.marton.cheshire.sch.uk/,Macclesfield,SK11 9HD,North West,no
148693,895,Cheshire East,Middlewich High School,https://mhs.school,Middlewich,CW10 9BU,North West,no
150231,895,Cheshire East,Millfields Primary Academy,www.millfieldsprimary.org.uk/,Nantwich,CW5 5HP,North West,no
142714,895,Cheshire East,Monks Coppenhall Academy,www.monkscoppenhall.cheshire.sch.uk,Crewe,CW1 4LY,North West,no
141152,895,Cheshire East,Mossley CofE Primary School,http://www.mossleyce.cheshire.sch.uk,Congleton,CW12 3JA,North West,no
136518,895,Cheshire East,Mottram St Andrew Primary Academy,http://www.mottramacademy.org.uk,Macclesfield,SK10 4QL,North West,no
142037,895,Cheshire East,Nantwich Primary Academy,nantwichprimaryacademy.co.uk,Nantwich,CW5 5LX,North West,no
141306,895,Cheshire East,Nether Alderley Primary School,http://www.netheralderley.ft.school,Macclesfield,SK10 4TR,North West,no
148886,895,Cheshire East,Oakfield Lodge School,www.oakfieldlodge.cheshire.sch.uk,Crewe,CW1 4PP,North West,no
144056,895,Cheshire East,Offley Primary Academy,www.offley.cheshire.sch.uk/,Sandbach,CW11 1GY,North West,no
140438,895,Cheshire East,Parkroyal Community School,www.parkroyalcs.org,Macclesfield,SK11 6QX,North West,no
140740,895,Cheshire East,Pear Tree Primary School,www.peartreeprimary.co.uk/,NANTWICH,CW5 7GZ,North West,no
111219,895,Cheshire East,Pebble Brook Primary School,www.pebblebrookprimary.net/,Crewe,CW2 6PL,North West,no
141653,895,Cheshire East,Peover Superior Endowed Primary School,www.peoversuperior.cheshire.sch.uk/,Knutsford,WA16 8TU,North West,no
145036,895,Cheshire East,Pikemere School,www.pikemereschool.com/,Alsager,ST7 2SW,North West,no
111462,895,Cheshire East,Pott Shrigley CofE Primary School,www.pottshrigleycs.co.uk,Macclesfield,SK10 5RT,North West,no
146387,895,Cheshire East,Poynton High School,www.poyntonhigh.org.uk,Stockport,SK12 1PU,North West,no
111325,895,Cheshire East,Prestbury CofE Primary School,http://prestbury.school,Macclesfield,SK10 4JJ,North West,no
145248,895,Cheshire East,Puss Bank School and Nursery,http://www.pussbank.cheshire.sch.uk,Macclesfield,SK10 1QJ,North West,no
111203,895,Cheshire East,Rainow Primary School,http://www.rainowpri.cheshire.sch.uk,Macclesfield,SK10 5UB,North West,no
111159,895,Cheshire East,Rode Heath Primary School,www.rodeheath.cheshire.sch.uk/,Stoke-on-Trent,ST7 3RY,North West,no
111417,895,Cheshire East,Ruskin Community High School,http://www.ruskinhighschool.co.uk/,Crewe,CW2 7JT,North West,no
141826,895,Cheshire East,Saint Mary's Catholic Primary School,www.saintmaryscongleton.co.uk,Congleton,CW12 1HT,North West,no
136340,895,Cheshire East,Sandbach High School and Sixth Form College,http://www.sandbachhigh.co.uk,Sandbach,CW11 3NT,North West,no
141809,895,Cheshire East,Sandbach Primary Academy,www.sandbach-pri.cheshire.sch.uk,Sandbach,CW11 4NS,North West,no
137491,895,Cheshire East,Sandbach School,http://sandbachschool.org/,Sandbach,CW11 3NS,North West,no
142237,895,Cheshire East,Shavington Academy,http://www.shavington.academy,Shavington,CW2 5DH,North West,no
142441,895,Cheshire East,Shavington Primary School,www.shavingtonprimary.co.uk,Crewe,CW2 5BP,North West,no
139953,895,Cheshire East,Sir William Stanier School,https://www.sirwilliamstanier.co.uk/,Crewe,CW1 4EB,North West,no
140894,895,Cheshire East,Smallwood CofE Primary School,http://www.smallwood.cheshire.sch.uk,Sandbach,CW11 2UR,North West,no
141811,895,Cheshire East,"St Alban's Catholic Primary School, A Voluntary Academy",www.stalbansprimarymacclesfield.co.uk/,Macclesfield,SK10 3HJ,North West,no
111323,895,Cheshire East,St Benedict's Catholic Primary School,https://stbenedicts.cheshire.sch.uk/,Wilmslow,SK9 3AE,North West,no
111331,895,Cheshire East,St John the Evangelist CofE Primary School Macclesfield,https://www.stjohnsschoolmacclesfield.org/,Macclesfield,SK11 8QN,North West,no
151487,895,Cheshire East,St John's CofE Academy,,Sandbach,CW11 2LE,North West,no
111340,895,Cheshire East,St Mary's Catholic Primary School,http://www.stmarysmiddlewich.cheshire.sch.uk/,Middlewich,CW10 9DH,North West,no
140175,895,Cheshire East,St Michael's Community Academy,www.smcacademy.co.uk,Crewe,CW1 3SL,North West,no
143158,895,Cheshire East,St Oswald's Worleston CofE Primary School,http://www.stoswald-worl.cheshire.sch.uk,Nantwich,CW5 6DP,North West,no
141831,895,Cheshire East,"St Paul's Catholic Primary School, A Voluntary Academy",http://www.stpauls.cheshire.sch.uk,Stockport,SK12 1LY,North West,no
139764,895,Cheshire East,St Thomas More Catholic High School,http://www.st-thomasmore.cheshire.sch.uk,Crewe,CW2 8AE,North West,no
111358,895,Cheshire East,St Vincent De Paul Catholic Primary School,www.stvincentsknutsford.co.uk,Knutsford,WA16 8AL,North West,no
139539,895,Cheshire East,Stapeley Broad Lane CofE Primary School,www.stapeleybl.cheshire.sch.uk/,Nantwich,CW5 7QL,North West,no
147854,895,Cheshire East,The Axis Academy,www.theaxisacademy.org,Crewe,CW2 8TU,North West,no
142235,895,Cheshire East,The Berkeley Academy,www.theberkeleycheshire.co.uk,Crewe,CW2 6RU,North West,no
136278,895,Cheshire East,The Fallibroome Academy,http://fallibroome.academy/,Macclesfield,SK10 4AF,North West,no
141935,895,Cheshire East,The Fermain Academy,www.thefermainacademy.org,Macclesfield,SK11 8JF,North West,no
150483,895,Cheshire East,The Macclesfield Academy,https://www.macclesfieldacademy.org,Macclesfield,SK11 8JR,North West,no
147654,895,Cheshire East,The Oaks Academy,http://www.theoaksacademy.co.uk/,Crewe,CW2 7NQ,North West,no
140501,895,Cheshire East,The Quinta Primary School,www.thequinta.cheshire.sch.uk,Congleton,CW12 4LX,North West,no
143156,895,Cheshire East,The Wilmslow Academy,www.thewilmslowacademy.co.uk,Wilmslow,SK9 2LX,North West,no
140791,895,Cheshire East,Tytherington School,http://www.tytheringtonschool.co.uk/,Macclesfield,SK10 2EE,North West,no
143153,895,Cheshire East,Underwood West Academy,https://www.underwoodwest.cheshire.sch.uk/,Crewe,CW1 3LF,North West,no
142513,895,Cheshire East,Upton Priory School,www.uptonpriory.ft.school,Macclesfield,SK10 3ED,North West,no
111143,895,Cheshire East,Vine Tree Primary School,www.vinetree.cheshire.sch.uk/,Crewe,CW2 8AD,North West,no
143872,895,Cheshire East,Warmingham CofE Primary School,www.warminghamce.cheshire.sch.uk/,Sandbach,CW11 3QN,North West,no
145587,895,Cheshire East,Weston Village Primary School,http://www.weston.cheshire.sch.uk,Crewe,CW2 5LZ,North West,no
142756,895,Cheshire East,Wheelock Primary School,,Sandbach,CW11 4PY,North West,no
140598,895,Cheshire East,Whirley Primary School,http://www.whirley.cheshire.sch.uk,Macclesfield,SK10 3JL,North West,no
142236,895,Cheshire East,Willaston Primary Academy,http://www.willastonprimaryacademy.co.uk,Nantwich,CW5 6QQ,North West,no
111443,895,Cheshire East,Wilmslow High School,http://www.wilmslowhigh.com/,Wilmslow,SK9 1LZ,North West,no
111326,895,Cheshire East,Wincle CofE Primary School,http://www.wincleprimaryschool.org,Macclesfield,SK11 0QH,North West,no
140647,895,Cheshire East,Wistaston Academy,www.wistastonacademytrust.co.uk/,Crewe,CW2 8QS,North West,no
141568,895,Cheshire East,Wistaston Church Lane Academy,www.wclacademy.co.uk,Crewe,CW2 8EZ,North West,no
139459,895,Cheshire East,Worth Primary School,www.worthprimaryschool.com/,Poynton,SK12 1QA,North West,no
144381,895,Cheshire East,Wybunbury Delves CofE Primary School,http://www.wybunburydelves.co.uk,Nantwich,CW5 7NE,North West,no
111008,895,Cheshire East,Alderley Edge Community Primary School,http://www.aecps.org,Alderley Edge,SK9 7UZ,North West,yes
111268,895,Cheshire East,Bickerton Holy Trinity CofE Primary School,www.bickertonprimaryschool.net/,Malpas,SY14 8AP,North West,yes
111252,895,Cheshire East,Bollington Cross CofE Primary School,http://www.bollingtoncross.cheshire.sch.uk,Macclesfield,SK10 5EG,North West,yes
111033,895,Cheshire East,Buglawton Primary School,http://www.buglawtonprimaryschool.org,Congleton,CW12 2EL,North West,yes
111254,895,Cheshire East,Chelford CofE Primary School,www.chelford.cheshire.sch.uk,Macclesfield,SK11 9AY,North West,yes
111256,895,Cheshire East,Elworth CofE Primary School,www.elworthce.cheshire.sch.uk,Sandbach,CW11 3HU,North West,yes
111044,895,Cheshire East,Havannah Primary School,www.havannah.cheshire.sch.uk,Congleton,CW12 2DF,North West,yes
131727,895,Cheshire East,Middlewich Primary School,www.middlewichprimary.org/,Middlewich,CW10 9BS,North West,yes
111277,895,Cheshire East,Mobberley CofE Primary School,www.mobberley.cheshire.sch.uk,Knutsford,WA16 7RA,North West,yes
111508,895,Cheshire East,Park Lane School,parklaneschool.co.uk,Macclesfield,SK11 8JR,North West,yes
111039,895,Cheshire East,Scholar Green Primary School,www.scholargreen.cheshire.sch.uk/,Stoke-on-Trent,ST7 3HF,North West,yes
111074,895,Cheshire East,Sound and District Primary School,http://www.soundprimary.co.uk,Nantwich,CW5 8AE,North West,yes
111507,895,Cheshire East,Springfield School,http://www.springfield.cheshire.sch.uk,Crewe,CW1 5HS,North West,yes
111347,895,Cheshire East,St Anne's Catholic Primary School,www.stannes.cheshire.sch.uk/,Nantwich,CW5 7DA,North West,yes
111287,895,Cheshire East,St Anne's Fulshaw C of E Primary School,www.stannesfulshaw.net/,Wilmslow,SK9 5JQ,North West,yes
111339,895,Cheshire East,St Gabriel's Catholic Primary School,http://www.stgabriels.cheshire.sch.uk,Stoke-on-Trent,ST7 2PG,North West,yes
111342,895,Cheshire East,"St Mary's Catholic Primary School, Crewe",www.stmaryscrewe.co.uk,Crewe,CW2 8AD,North West,yes
111009,895,Cheshire East,Styal Primary School,www.styal.cheshire.sch.uk,Wilmslow,SK9 4JE,North West,yes
111080,895,Cheshire East,The Dingle Primary School,http://www.dingle.cheshire.sch.uk,Crewe,CW1 5SD,North West,yes
135327,895,Cheshire East,Vernon Primary School,www.vernonprimaryschool.com,Poynton,SK12 1NW,North West,yes
111167,895,Cheshire East,Weaver Primary School,www.weaver.cheshire.sch.uk/,Nantwich,CW5 7AJ,North West,yes
110953,895,Cheshire East,Westminster Nursery School,www.westminsternurseryschool.net,Crewe,CW2 7LJ,North West,yes
111255,895,Cheshire East,Woodcocks' Well CofE Primary School,www.woodcockswell.cheshire.sch.uk,Stoke-on-Trent,ST7 3NQ,North West,yes
111078,895,Cheshire East,Wrenbury Primary School,www.wrenburyschool.org.uk/,Nantwich,CW5 8EN,North West,yes
