urn,district_code,district_name,school_name,website,town,postcode,region,has_email_collected
147489,896,Cheshire West and Chester,Acresfield Academy,http://www.acresfield.cheshire.sch.uk,Chester,CH2 1LJ,North West,no
134766,896,Cheshire West and Chester,Ancora House School,http://ancorahouseschool.co.uk,Chester,CH2 1BQ,North West,no
111246,896,Cheshire West and Chester,Antrobus St Mark's CofE Primary School,www.antrobusandbudworthprimaryschools.co.uk,Northwich,CW9 6LB,North West,no
111517,896,Cheshire West and Chester,Archers Brook SEMH Residential School,http://www.archersbrook.cheshire.sch.uk,Ellesmere Port,CH66 2NA,North West,no
144058,896,Cheshire West and Chester,Barnton Community Nursery and Primary School,http://www.barnton.cheshire.sch.uk,Northwich,CW8 4QL,North West,no
148455,896,Cheshire West and Chester,Belgrave Primary School,http://www.belgrave.cheshire.sch.uk,Chester,CH4 7QS,North West,no
111424,896,Cheshire West and Chester,Bishop Heber High School,http://www.bishopheber.cheshire.sch.uk,Malpas,SY14 8JD,North West,no
111312,896,Cheshire West and Chester,Bishop Wilson Church of England Primary School,www.bishopwilson.cheshire.sch.uk/,Neston,CH64 5SE,North West,no
111396,896,Cheshire West and Chester,"Blacon High School, A Specialist Sports College",http://www.blaconhighschool.net/,Chester,CH1 5JH,North West,no
141614,896,Cheshire West and Chester,Boughton Heath Academy,www.boughtonheath.cheshire.sch.uk/,Chester,CH3 5RW,North West,no
131956,896,Cheshire West and Chester,Brookside Primary School,www.brookside.cheshire.sch.uk/,Ellesmere Port,CH66 2EE,North West,no
111084,896,Cheshire West and Chester,Cambridge Road Community Primary and Nursery School,http://www.cambridgeroad.school.cheshire.org.uk/,Ellesmere Port,CH65 4AQ,North West,no
111209,896,Cheshire West and Chester,Cherry Grove Primary School,www.cherrygrove.cheshire.sch.uk/,Chester,CH3 5EG,North West,no
136806,896,Cheshire West and Chester,Chester Blue Coat Church of England Primary School,www.chesterbluecoatce.cheshire.sch.uk/,Chester,CH1 4HG,North West,no
144742,896,Cheshire West and Chester,Chester International School,https://www.chesterinternational.co.uk/,Chester,CH4 7AE,North West,no
144529,896,Cheshire West and Chester,Childer Thornton Primary School,http://www.childerthorntonprimary.com,Ellesmere Port,CH66 1QY,North West,no
136645,896,Cheshire West and Chester,Christleton High School,http://www.christletonhigh.co.uk/,Chester,CH3 7AD,North West,no
111149,896,Cheshire West and Chester,Christleton Primary School,www.christletonprimaryschool.co.uk/,Chester,CH3 7AY,North West,no
140093,896,Cheshire West and Chester,Cloughwood Academy,www.cloughwood.com,Northwich,CW8 1NU,North West,no
145076,896,Cheshire West and Chester,Clutton Church of England Primary School,www.cluttonprimary.co.uk/,Chester,CH3 9ER,North West,no
147809,896,Cheshire West and Chester,Comberbach Nursery and Primary School,http://www.comberbach.cheshire.sch.uk,Northwich,CW9 6BG,North West,no
146622,896,Cheshire West and Chester,Cuddington Primary School,http://www.cuddington.cheshire.sch.uk,Northwich,CW8 2NY,North West,no
111133,896,Cheshire West and Chester,Darnhall Primary School,www.darnhall.cheshire.sch.uk,Winsford,CW7 1JL,North West,no
111387,896,Cheshire West and Chester,Davenham CofE Primary School,www.davenhamcofeprimary.com/,Northwich,CW9 8JW,North West,no
111494,896,Cheshire West and Chester,Dee Banks School,,Chester,CH3 5UX,North West,no
111218,896,Cheshire West and Chester,Dee Point Primary School,www.deepointprimary.cheshire.sch.uk,Chester,CH1 5NF,North West,no
136553,896,Cheshire West and Chester,Delamere CofE Primary Academy,www.delamereacademy.co.uk/,Tarporley,CW6 0ST,North West,no
150464,896,Cheshire West and Chester,Dodleston CofE Primary School,https://www.dodlestonceprimary.co.uk/,Chester,CH4 9NG,North West,no
147638,896,Cheshire West and Chester,Eaton Primary School,,Tarporley,CW6 9AN,North West,no
149631,896,Cheshire West and Chester,"Ellesmere Port Catholic High School, a Voluntary Academy",,Ellesmere Port,CH65 7AQ,North West,no
111351,896,Cheshire West and Chester,Ellesmere Port Christ Church CofE Primary School,www.christchurch-primary.org/,Ellesmere Port,CH65 6TQ,North West,no
146742,896,Cheshire West and Chester,Ellesmere Port Church of England College,https://epcollege.org/,Ellesmere Port,CH65 6EA,North West,no
111225,896,Cheshire West and Chester,Elton Primary School,http://www.elton.cheshire.sch.uk/,Chester,CH2 4LT,North West,no
111236,896,Cheshire West and Chester,Frodsham Manor House Primary School,www.manorhouse.cheshire.sch.uk,Frodsham,WA6 7LE,North West,no
149077,896,Cheshire West and Chester,Frodsham Primary Academy,,Frodsham,WA6 7PZ,North West,no
146538,896,Cheshire West and Chester,Grange Community Nursery and Primary School,grange-pri.cheshire.sch.uk,Winsford,CW7 2EG,North West,no
111248,896,Cheshire West and Chester,Great Budworth CofE Primary School,www.greatbudworth.cheshire.sch.uk/,Northwich,CW9 6HQ,North West,no
138148,896,Cheshire West and Chester,Hartford Church of England High School,http://www.hartfordhigh.org.uk/,Northwich,CW8 1LH,North West,no
111144,896,Cheshire West and Chester,Hartford Manor Primary School & Nursery,www.hartfordmanorcpschool.co.uk/,Northwich,CW8 1NU,North West,no
149663,896,Cheshire West and Chester,Hartford Primary School,www.hartfordprimaryschool.com,Northwich,CW8 1NA,North West,no
111440,896,Cheshire West and Chester,Helsby High School,www.helsbyhigh.org.uk,Frodsham,WA6 0HY,North West,no
131421,896,Cheshire West and Chester,Highfield Community Primary School,www.highfield-blacon.cheshire.sch.uk,Chester,CH1 5LD,North West,no
134248,896,Cheshire West and Chester,Hoole Church of England Primary School,www.hooleceprimary.co.uk,Chester,CH2 3HB,North West,no
111129,896,Cheshire West and Chester,Horn's Mill Primary School,http://www.hornsmill.cheshire.sch.uk/,Frodsham,WA6 0ED,North West,no
150475,896,Cheshire West and Chester,Huxley CofE Primary School,https://www.huxleyprimary.cheshire.sch.uk/,Chester,CH3 9BH,North West,no
110983,896,Cheshire West and Chester,J H Godwin Primary School,www.jhgodwin.cheshire.sch.uk/,Chester,CH1 5JG,North West,no
138742,896,Cheshire West and Chester,Kelsall Primary and Nursery School,http://www.kelsall.cheshire.sch.uk,Tarporley,CW6 0PU,North West,no
111317,896,Cheshire West and Chester,Kingsley St John's CofE (VA) Primary School,www.kingsley-st-johns.cheshire.sch.uk,Frodsham,WA6 8EF,North West,no
134336,896,Cheshire West and Chester,Kingsmead Primary School,www.kingsmead.cheshire.sch.uk/,Northwich,CW9 8WA,North West,no
150470,896,Cheshire West and Chester,Lache Primary School,www.lache.cheshire.sch.uk/,Chester,CH4 8HX,North West,no
148459,896,Cheshire West and Chester,Leftwich Community Primary School,www.leftwichprimary.co.uk/,Northwich,CW9 8DH,North West,no
146202,896,Cheshire West and Chester,Little Leigh Primary School,www.littleleighprimary.cheshire.sch.uk/,Northwich,CW8 4RN,North West,no
145075,896,Cheshire West and Chester,Little Sutton C of E Primary School,https://www.littlesuttonceprimary.co.uk,Ellesmere Port,CH66 4PP,North West,no
151417,896,Cheshire West and Chester,Meadow Primary School,www.meadow.cheshire.sch.uk/,Ellesmere Port,CH66 4SZ,North West,no
141621,896,Cheshire West and Chester,Mill View Primary School,www.millviewschool.co.uk/,Chester,CH2 1HB,North West,no
138318,896,Cheshire West and Chester,Neston High School,http://www.nestonhigh.com,Neston,CH64 9NH,North West,no
110987,896,Cheshire West and Chester,Neston Primary School,www.nestonprimaryschool.co.uk/,Neston,CH64 9RE,North West,no
110976,896,Cheshire West and Chester,Newton Primary School,https://www.newtonprimary.cheshire.sch.uk/,Chester,CH2 2LA,North West,no
150463,896,Cheshire West and Chester,Norley Church of England Primary School,www.norleyce.cheshire.sch.uk,Frodsham,WA6 8JZ,North West,no
111504,896,Cheshire West and Chester,Oaklands School,www.oaklandsschool.org.uk,Winsford,CW7 1NU,North West,no
151416,896,Cheshire West and Chester,Oldfield Primary School,http://www.oldfield.cheshire.sch.uk,Chester,CH3 5LB,North West,no
135246,896,Cheshire West and Chester,Our Lady Star of the Sea Catholic Primary School,www.ourladystar.cheshire.sch.uk,ELLESMERE PORT,CH65 7AQ,North West,no
140097,896,Cheshire West and Chester,Over Hall Community School,www.overhall.cheshire.sch.uk/,Winsford,CW7 1LX,North West,no
111126,896,Cheshire West and Chester,Parkgate Primary School,www.parkgateprimary.org.uk/,Neston,CH64 6SW,North West,no
144541,896,Cheshire West and Chester,Parklands Community Primary and Nursery School,www.parklands.cheshire.sch.uk/,Ellesmere Port,CH66 3RL,North West,no
143817,896,Cheshire West and Chester,Queen's Park High School,www.qphs.co.uk,Chester,CH4 7AE,North West,no
130270,896,Cheshire West and Chester,Rivacre Valley Primary School,www.rivacrevalleyprimary.co.uk/,Ellesmere Port,CH66 1LE,North West,no
111513,896,Cheshire West and Chester,Rosebank School,www.rosebank.cheshire.sch.uk,Northwich,CW8 4QP,North West,no
139379,896,Cheshire West and Chester,Rudheath Primary Academy and Nursery,www.rudheathprimaryacademy.co.uk,Northwich,CW9 7JL,North West,no
146131,896,Cheshire West and Chester,Sandiway Primary School,www.sandiway.cheshire.sch.uk,Northwich,CW8 2ND,North West,no
135736,896,Cheshire West and Chester,Saughall All Saints Church of England Primary School,,Chester,CH1 6EP,North West,no
145748,896,Cheshire West and Chester,Sir John Deane's Sixth Form College,www.sjd.ac.uk,Northwich,CW9 8AF,North West,no
140896,896,Cheshire West and Chester,St Bernard's Roman Catholic Primary School,www.stbernardsrc.co.uk/,Ellesmere Port,CH65 5EW,North West,no
111311,896,Cheshire West and Chester,St Clare's Catholic Primary School,http://www.stclares.cheshire.sch.uk,Chester,CH4 8HX,North West,no
150173,896,Cheshire West and Chester,"St Joseph's Catholic Primary School, a Voluntary Academy",www.stjosephs.cheshire.sch.uk/,Winsford,CW7 2JS,North West,no
111379,896,Cheshire West and Chester,St Luke's Catholic Primary School,www.stlukesfrodsham.org.uk/,Frodsham,WA6 7QP,North West,no
139377,896,Cheshire West and Chester,St Martin's Academy Chester,https://stmartinsacademychester.co.uk/,Chester,CH2 3NG,North West,no
111357,896,Cheshire West and Chester,St Mary of the Angels Catholic Primary School,www.stmaryoftheangels.co.uk,Ellesmere Port,CH66 1NN,North West,no
111450,896,Cheshire West and Chester,St Nicholas Catholic High School,st-nicholas.cheshire.sch.uk,Northwich,CW8 1JW,North West,no
149628,896,Cheshire West and Chester,St Oswald's CofE Primary School,http://www.stoswalds.com,Chester,CH1 6LG,North West,no
135505,896,Cheshire West and Chester,St Saviour's Catholic Primary and Nursery School,https://www.stsaviourscatholicprimary.co.uk,Ellesmere Port,CH66 2BD,North West,no
111388,896,Cheshire West and Chester,St Theresa's Catholic Primary School,www.st-theresas.cheshire.sch.uk,Chester,CH1 5UU,North West,no
111384,896,Cheshire West and Chester,St Werburgh's and St Columba's Catholic Primary School,www.lovelearnlaugh.org.uk,Chester,CH2 3AD,North West,no
111461,896,Cheshire West and Chester,St Wilfrid's Catholic Primary School,http://www.st-wilfrids.cheshire.sch.uk,Northwich,CW8 1JW,North West,no
111313,896,Cheshire West and Chester,St Winefride's Catholic Primary School,www.stwinefrides.cheshire.sch.uk,Neston,CH64 9RW,North West,no
138483,896,Cheshire West and Chester,Tarporley High School and Sixth Form College,http://www.tarporleyhigh.co.uk/,Tarporley,CW6 0BL,North West,no
147995,896,Cheshire West and Chester,Tarvin Primary School,http://www.tarvin.cheshire.sch.uk,Chester,CH3 8LS,North West,no
149092,896,Cheshire West and Chester,The Acorns Primary and Nursery School,www.theacornsprimary.co.uk,Ellesmere Port,CH65 7ED,North West,no
136543,896,Cheshire West and Chester,The Bishops' Blue Coat Church of England High School,http://www.bishopschester.co.uk,Chester,CH3 5XF,North West,no
138450,896,Cheshire West and Chester,The Bridge Short Stay School,www.thebridge.cheshire.sch.uk,Ellesmere Port,CH65 7EP,North West,no
139343,896,Cheshire West and Chester,"The Catholic High School, Chester",http://www.christofidelis.org.uk,Chester,CH4 7HS,North West,no
138743,896,Cheshire West and Chester,"The County High School, Leftwich",http://www.leftwichhigh.com,Northwich,CW9 8EZ,North West,no
146779,896,Cheshire West and Chester,The Grosvenor Park Church of England Academy,www.grosvenorparkacademy.org.uk,Chester,CH1 1QP,North West,no
140664,896,Cheshire West and Chester,The Oak View Academy,www.oak-view-academy.co.uk/,Winsford,CW7 2LZ,North West,no
134249,896,Cheshire West and Chester,The Oaks Community Primary School,www.theoaks.cheshire.sch.uk,Ellesmere Port,CH65 9EX,North West,no
137582,896,Cheshire West and Chester,The Rudheath Senior Academy,https://rudheathsenioracademy.org.uk/,Northwich,CW9 7DT,North West,no
142302,896,Cheshire West and Chester,The Russett School,https://www.therussettlearningtrust.co.uk/cheshire/primary/russett,Northwich,CW8 3BW,North West,no
111429,896,Cheshire West and Chester,The Whitby High School,www.whitbyhigh.org,Ellesmere Port,CH66 2NU,North West,no
136184,896,Cheshire West and Chester,The Winsford Academy,http://winsford.academy/,Winsford,CW7 2BT,North West,no
145074,896,Cheshire West and Chester,Upton Heath CofE Primary School,www.uptonheath.cheshire.sch.uk,Chester,CH2 1ED,North West,no
111422,896,Cheshire West and Chester,Upton-by-Chester High School,http://www.uptonhigh.co.uk,Chester,CH2 1NN,North West,no
143164,896,Cheshire West and Chester,Victoria Road Primary School,https://www.victoriaroad.cheshire.sch.uk,Northwich,CW9 5RE,North West,no
149614,896,Cheshire West and Chester,Weaverham High School,http://www.weaverhamhighschool.com,Northwich,CW8 3HT,North West,no
146642,896,Cheshire West and Chester,Weaverham Primary Academy,www.weaverhamacademy.org.uk,Northwich,CW8 3BD,North West,no
148984,896,Cheshire West and Chester,Westminster Community Primary School,www.westminsterprimary.cheshire.sch.uk/,Ellesmere Port,CH65 2ED,North West,no
135635,896,Cheshire West and Chester,Wharton CofE Primary School,www.wharton.cheshire.sch.uk/,Winsford,CW7 3EP,North West,no
149089,896,Cheshire West and Chester,Whitley Village School,www.whitleyprimary.co.uk,Warrington,WA4 4QH,North West,no
111245,896,Cheshire West and Chester,Willaston CofE Primary School,www.willastonceprimaryschool.co.uk/,Neston,CH64 2TN,North West,no
149675,896,Cheshire West and Chester,William Stockton Community Primary School,www.williamstockton.com,Ellesmere Port,CH65 8DH,North West,no
150472,896,Cheshire West and Chester,Willow Wood Community Nursery and Primary School,www.willowwoodprimaryschool.co.uk/,Winsford,CW7 3HN,North West,no
149674,896,Cheshire West and Chester,Wimboldsley Community Primary School,www.wimboldsleyprimaryschool.co.uk/,Middlewich,CW10 0LN,North West,no
111160,896,Cheshire West and Chester,Wincham Community Primary School,http://www.winchamcp.cheshire.sch.uk,Northwich,CW9 6EP,North West,no
111212,896,Cheshire West and Chester,Winnington Park Community Primary and Nursery School,www.winningtonpark.cheshire.sch.uk/,Northwich,CW8 4AZ,North West,no
111057,896,Cheshire West and Chester,Winsford High Street Community Primary School,http://www.highstreet.cheshire.sch.uk,Winsford,CW7 2AU,North West,no
111389,896,Cheshire West and Chester,Witton Church Walk CofE Aided Nursery and Primary School,www.wittonchurchwalk.co.uk,Northwich,CW9 5QQ,North West,no
144562,896,Cheshire West and Chester,Wolverham Primary and Nursery School,http://www.wolverham.cheshire.sch.uk,Ellesmere Port,CH65 5AT,North West,no
150118,896,Cheshire West and Chester,Woodfall Primary and Nursery School,www.woodfall.cheshire.sch.uk,Neston,CH64 4BT,North West,no
135136,896,Cheshire West and Chester,Woodlands Primary School,www.woodlands.cheshire.sch.uk/,Ellesmere Port,CH66 2JT,North West,no
111003,896,Cheshire West and Chester,Alvanley and Manley Village School,www.alvanleyandmanleyvillageschool.co.uk,Frodsham,WA6 9DD,North West,yes
111109,896,Cheshire West and Chester,Ashton Hayes Primary School,http://www.ashtonhayes.cheshire.sch.uk/,Chester,CH3 8AB,North West,yes
110993,896,Cheshire West and Chester,Aston by Sutton Primary School,http://www.aston.cheshire.sch.uk,Runcorn,WA7 3DB,North West,yes
111270,896,Cheshire West and Chester,Barrow CofE Primary School,www.barrowcofeschool.com,Chester,CH3 7HW,North West,yes
111055,896,Cheshire West and Chester,Byley Primary School and Nursery,www.byley.cheshire.sch.uk/,Middlewich,CW10 9NG,North West,yes
111271,896,Cheshire West and Chester,Capenhurst CofE Primary School,www.capenhurstcep.cheshire.sch.uk/,Chester,CH1 6HE,North West,yes
111053,896,Cheshire West and Chester,Charles Darwin Community Primary School,www.charlesdarwin.cheshire.sch.uk/,Northwich,CW8 1BN,North West,yes
111336,896,Cheshire West and Chester,Crowton Christ Church CofE Primary School,http://www.crowton.cheshire.sch.uk/,Northwich,CW8 2RW,North West,yes
111511,896,Cheshire West and Chester,Dorin Park School & Specialist SEN College,http://www.dorinpark.co.uk,Chester,CH2 1HD,North West,yes
111281,896,Cheshire West and Chester,Duddon St Peter's CofE Primary School,http://www.dstp.cheshire.sch.uk,Tarporley,CW6 0EL,North West,yes
111349,896,Cheshire West and Chester,Eccleston CofE Primary School,http://www.ecclestonprimary.cheshire.sch.uk,Chester,CH4 9HD,North West,yes
111107,896,Cheshire West and Chester,Farndon Primary School,http://www.farndon.cheshire.sch.uk,Chester,CH3 6QP,North West,yes
111247,896,Cheshire West and Chester,Frodsham CofE Primary School,http://www.frodshamce.cheshire.sch.uk,Frodsham,WA6 6AF,North West,yes
111503,896,Cheshire West and Chester,Greenbank School,http://www.greenbankschool.org/,Northwich,CW8 1LD,North West,yes
111273,896,Cheshire West and Chester,Guilden Sutton CofE Primary School,www.guildensutton.cheshire.sch.uk,Chester,CH3 7ES,North West,yes
111505,896,Cheshire West and Chester,Hebden Green Community School,http://www.hebdengreen.cheshire.sch.uk,Winsford,CW7 4EJ,North West,yes
111004,896,Cheshire West and Chester,Helsby Hillside Primary School,www.helsbyhillside.co.uk,Frodsham,WA6 9LN,North West,yes
111510,896,Cheshire West and Chester,Hinderton School,www.hinderton.cheshire.sch.uk,Ellesmere Port,CH65 7AQ,North West,yes
111093,896,Cheshire West and Chester,Huntington Community Primary School,http://www.huntington.cheshire.sch.uk,Chester,CH3 6EA,North West,yes
110995,896,Cheshire West and Chester,Kingsley Community Primary School and Nursery,www.kingsleycp.cheshire.sch.uk/,Frodsham,WA6 6TZ,North West,yes
111289,896,Cheshire West and Chester,Lostock Gralam CofE Primary School,http://www.lostockgralam.cheshire.sch.uk,Northwich,CW9 7PT,North West,yes
111337,896,Cheshire West and Chester,Lower Peover CofE Primary School,http://www.lower-peover-school.co.uk,Knutsford,WA16 9PZ,North West,yes
111282,896,Cheshire West and Chester,Malpas Alport Endowed Primary School,www.malpasalportpri.cheshire.sch.uk/,Malpas,SY14 8PY,North West,yes
111082,896,Cheshire West and Chester,Mickle Trafford Village School,www.mickletraffordvillageschool.co.uk,Chester,CH2 4EF,North West,yes
111052,896,Cheshire West and Chester,Moulton School,http://www.moulton.cheshire.sch.uk,Northwich,CW9 8PD,North West,yes
111263,896,Cheshire West and Chester,Over St John's CofE Primary School,http://www.overstjohns.cheshire.sch.uk/,Winsford,CW7 2LU,North West,yes
111290,896,Cheshire West and Chester,Overleigh St Mary's CofE Primary School,http://www.osm.cheshire.sch.uk,Chester,CH4 7HS,North West,yes
111112,896,Cheshire West and Chester,Rossmore School,www.rossmore.cheshire.sch.uk,Ellesmere Port,CH66 1HF,North West,yes
111350,896,Cheshire West and Chester,Saighton Church of England Primary School & Pre-School,www.saightoncofeprimaryschool.co.uk/,Chester,CH3 6EG,North West,yes
111283,896,Cheshire West and Chester,Shocklach Oviatt CofE Primary School,www.shocklachoviatt.cheshire.sch.uk,Malpas,SY14 7BN,North West,yes
111341,896,Cheshire West and Chester,"St Bede's Catholic Primary School, Weaverham",http://www.st-bedes.cheshire.sch.uk,Northwich,CW8 3BY,North West,yes
111262,896,Cheshire West and Chester,St. Chad's Church of England Primary and Nursery School,http://www.stchadsce.cheshire.sch.uk,Winsford,CW7 4AT,North West,yes
111103,896,Cheshire West and Chester,Sutton Green Primary School,www.suttongreen.org,Ellesmere Port,CH66 4NW,North West,yes
111260,896,Cheshire West and Chester,Tarporley CofE Primary School,www.tarporleyce.cheshire.sch.uk,Tarporley,CW6 0AN,North West,yes
111108,896,Cheshire West and Chester,Tattenhall Park Primary School,https://www.tattenhallpark.cheshire.sch.uk/,Select,CH3 9AH,North West,yes
134897,896,Cheshire West and Chester,The Arches Community Primary School,www.thearches.cheshire.sch.uk,Chester,CH1 5EZ,North West,yes
111284,896,Cheshire West and Chester,Tilston Parochial CofE Primary School,www.tilston.cheshire.sch.uk,Malpas,SY14 7HB,North West,yes
111285,896,Cheshire West and Chester,Tushingham With Grindley CofE Primary School,www.tushingham.cheshire.sch.uk,Whitchurch,SY13 4QS,North West,yes
111100,896,Cheshire West and Chester,Upton Westlea Primary School,www.uptonwestleaprimary.co.uk/,Chester,CH2 1QJ,North West,yes
111106,896,Cheshire West and Chester,Waverton Community Primary School,http://www.waverton.cheshire.sch.uk,Chester,CH3 7QT,North West,yes
111054,896,Cheshire West and Chester,Weaverham Forest Primary School,www.weaverhamforest.cheshire.sch.uk/,Northwich,CW8 3EY,North West,yes
111087,896,Cheshire West and Chester,Whitby Heath Primary School,http://www.whitbyheath.cheshire.sch.uk/,Ellesmere Port,CH65 6RJ,North West,yes
111338,896,Cheshire West and Chester,Whitegate CofE Primary School,http://www.whitegate.cheshire.sch.uk,Northwich,CW8 2AY,North West,yes
