urn,district_code,district_name,school_name,website,town,postcode,region,has_email_collected
139660,916,Gloucestershire,Abbey View,www.abbeyviewschool.co.uk,Tewkesbury,GL20 5SW,South West,no
115825,916,Gloucestershire,Alderman Knight School,www.aldermanknight.gloucs.sch.uk,Tewkesbury,GL20 8JJ,South West,no
136016,916,Gloucestershire,"All Saints' Academy, Cheltenham",http://www.asachelt.org/,Cheltenham,GL51 0WH,South West,no
149830,916,Gloucestershire,Amberley Parochial School,https://www.amberleyschool.co.uk/,Stroud,GL5 5JG,South West,no
115735,916,Gloucestershire,Andoversford Primary School,www.andoversford.gloucs.sch.uk/,Cheltenham,GL54 4HR,South West,no
149677,916,Gloucestershire,Ann Cam Church of England Primary School,www.anncam.gloucs.sch.uk/,Dymock,GL18 2BH,South West,no
115650,916,Gloucestershire,Ann Edwards Church of England Primary School,http://www.annedwards.gloucs.sch.uk,Cirencester,GL7 5UW,South West,no
149619,916,Gloucestershire,Avening Primary School,www.avening.gloucs.sch.uk/,Tetbury,GL8 8NF,South West,no
148211,916,Gloucestershire,Aylburton Church of England Primary School,www.aylburtoncofe.co.uk/,Lydney,GL15 6DB,South West,no
136474,916,Gloucestershire,Balcarras School,http://www.balcarras.gloucs.sch.uk/,Cheltenham,GL53 8QF,South West,no
151538,916,Gloucestershire,Barnwood Park School,http://www.barnwoodpark.co.uk,Gloucester,GL4 3QU,South West,no
147562,916,Gloucestershire,Battledown Centre for Children and Families,http://www.battledown.org.uk,Cheltenham,GL52 6PZ,South West,no
147577,916,Gloucestershire,Belmont School,belmont.sandmat.uk,Cheltenham,GL51 3AT,South West,no
143207,916,Gloucestershire,Berkeley Primary School,http://www.berkeleyprimary.org.uk,Berkeley,GL13 9AZ,South West,no
115549,916,Gloucestershire,Berry Hill Primary School,http://www.berryhill.gloucs.sch.uk,Coleford,GL16 7AT,South West,no
115821,916,Gloucestershire,Bettridge School,https://bettridgeschool.co.uk,Cheltenham,GL51 3AT,South West,no
146812,916,Gloucestershire,Bibury Church of England Primary School,http://www.bibury.gloucs.sch.uk,Cirencester,GL7 5NR,South West,no
115515,916,Gloucestershire,Birdlip Primary School,www.birdlipprimary.co.uk,Gloucester,GL4 8JH,South West,no
137271,916,Gloucestershire,Bishops Cleeve Primary Academy,www.bishopscleeve.gloucs.sch.uk/,Cheltenham,GL52 8NN,South West,no
115612,916,Gloucestershire,Bisley Blue Coat Church of England Primary School,http://www.bisleybluecoat.gloucs.sch.uk,Stroud,GL6 7BE,South West,no
115502,916,Gloucestershire,Blakeney Primary School,www.bpwfederation.co.uk,Blakeney,GL15 4EB,South West,no
115505,916,Gloucestershire,Bledington Primary School,www.bledington.gloucs.sch.uk,Chipping Norton,OX7 6US,South West,no
139524,916,Gloucestershire,Blockley Church of England Primary School,www.blockleyprimaryschool.co.uk/,Moreton-in-Marsh,GL56 9BY,South West,no
115734,916,Gloucestershire,Blue Coat CofE Primary School,www.bluecoatprimary.com,Wotton-under-Edge,GL12 7BD,South West,no
139291,916,Gloucestershire,Bourton-on-the-Water Primary School,https://bourton.school,Cheltenham,GL54 2AW,South West,no
148230,916,Gloucestershire,Bream Church of England Primary School,www.breamcofeprimary.co.uk,Lydney,GL15 6JW,South West,no
138674,916,Gloucestershire,Brockworth Primary Academy,https://sites.google.com/aetinet.org/brockworth-primary-academy?pli=1,Gloucester,GL3 4JL,South West,no
151067,916,Gloucestershire,Bromesberrow St Mary's Church of England Primary School,www.bromesberrowschool.co.uk/,Ledbury,HR8 1RT,South West,no
149073,916,Gloucestershire,Brook Academy,https://www.brook.learnmat.uk,Gloucester,GL3 4ZN,South West,no
150052,916,Gloucestershire,Callowell Primary School,www.callowellschool.co.uk,Stroud,GL5 4DG,South West,no
150931,916,Gloucestershire,Calton Primary School,www.caltonprimary.co.uk/,Gloucester,GL1 5ET,South West,no
145729,916,Gloucestershire,Cam Woodfield Junior School,camwoodfield-junior.uk,Dursley,GL11 6JJ,South West,no
150854,916,Gloucestershire,Carrant Brook Junior School,,Tewkesbury,GL20 8RP,South West,no
115509,916,Gloucestershire,Chalford Hill Primary School,www.chalfordhill.gloucs.sch.uk/,Stroud,GL6 8LG,South West,no
136999,916,Gloucestershire,Charlton Kings Infants' School,http://www.ckis.org.uk,Cheltenham,GL53 8AY,South West,no
137266,916,Gloucestershire,Charlton Kings Junior School,http://www.ckjs.org.uk,Cheltenham,GL53 8QE,South West,no
136725,916,Gloucestershire,Cheltenham Bournside School and Sixth Form Centre,http://www.bournside.gloucs.sch.uk/,Cheltenham,GL51 3EF,South West,no
146326,916,Gloucestershire,Chesterton Primary School,www.chestertonprimary.net,Cirencester,GL7 1SS,South West,no
136960,916,Gloucestershire,Chipping Campden School,http://www.campden.school/,Chipping Campden,GL55 6HU,South West,no
136623,916,Gloucestershire,Chosen Hill School,http://www.chosen-hill.gloucs.sch.uk/,Gloucester,GL3 2PL,South West,no
138940,916,Gloucestershire,Christ Church CofE Primary School,http://www.christchurchschool-chelt.co.uk,Cheltenham,GL50 2NR,South West,no
115510,916,Gloucestershire,Churcham Primary School,www.churchamprimaryschool.co.uk/,Gloucester,GL2 8BD,South West,no
115511,916,Gloucestershire,Churchdown Parton Manor Infant School,www.partonmanorfed.co.uk,Gloucester,GL3 2AG,South West,no
137634,916,Gloucestershire,Churchdown School,http://www.churchdownschool.com/,Gloucester,GL3 2RB,South West,no
137173,916,Gloucestershire,Churchdown Village Infant School,www.churchdownvillageinf.co.uk/,Gloucester,GL3 2NB,South West,no
115512,916,Gloucestershire,Churchdown Village Junior School,www.cvjs.org.uk,Gloucester,GL3 2JX,South West,no
136527,916,Gloucestershire,Cirencester Deer Park School,http://www.deerparkschool.net,Cirencester,GL7 1XB,South West,no
137217,916,Gloucestershire,Cirencester Kingshill School,http://www.cirencesterkingshill.gloucs.sch.uk/,Cirencester,GL7 1HS,South West,no
135985,916,Gloucestershire,Cirencester Primary School,http://www.cirencesterprimaryschool.co.uk,Cirencester,GL7 1EX,South West,no
143712,916,Gloucestershire,Clearwater Church of England Primary Academy,http://www.clearwateracademy.co.uk/,Gloucester,GL2 4GH,South West,no
115638,916,Gloucestershire,Clearwell Church of England Primary School,www.clearwellprimaryschool.co.uk,Coleford,GL16 8LG,South West,no
136772,916,Gloucestershire,Cleeve School,http://www.cleeveschool.net,Cheltenham,GL52 8AE,South West,no
145408,916,Gloucestershire,Coaley Church of England Primary Academy,www.coaleyacademy.co.uk,Dursley,GL11 5EB,South West,no
115551,916,Gloucestershire,Coalway Community Infant School,www.coalway-inf.gloucs.sch.uk,Coleford,GL16 7HL,South West,no
115550,916,Gloucestershire,Coalway Junior School,www.coalwayjunior.co.uk/,Coleford,GL16 7HL,South West,no
115617,916,Gloucestershire,Coberley Church of England Primary School,www.coberley.gloucs.sch.uk/,Cheltenham,GL53 9QZ,South West,no
149254,916,Gloucestershire,Cold Aston Church of England Primary School,www.coldastonprimaryschool.co.uk,Cheltenham,GL54 3BN,South West,no
136074,916,Gloucestershire,Coopers Edge School,www.coopersedge.gloucs.sch.uk/,Brockworth,GL3 4DY,South West,no
115619,916,Gloucestershire,Deerhurst and Apperley Church of England Primary School,www.deerhurst.gloucs.sch.uk/,Gloucester,GL19 4DQ,South West,no
137387,916,Gloucestershire,Dene Magna School,http://www.denemagna.gloucs.sch.uk/,Mitcheldean,GL17 0DU,South West,no
136666,916,Gloucestershire,Denmark Road High School,http://www.denmarkroad.org/,Gloucester,GL1 3JN,South West,no
115499,916,Gloucestershire,Dinglewell Infant School,www.dinglewellinfants.org,Gloucester,GL3 3HS,South West,no
115495,916,Gloucestershire,Dinglewell Junior School,dinglewelljuniors.co.uk,Gloucester,GL3 3HS,South West,no
151271,916,Gloucestershire,Down Ampney Church of England Primary School,www.downampney.gloucs.sch.uk/,Cirencester,GL7 5QR,South West,no
147895,916,Gloucestershire,Drybrook Primary School,www.drybrookschool.co.uk,Drybrook,GL17 9JF,South West,no
139337,916,Gloucestershire,Dursley Church of England Primary Academy,www.dursleycofeprimary-dgat.org,Dursley,GL11 4NZ,South West,no
115504,916,Gloucestershire,Eastcombe Primary School,www.eastcombeprimaryschool.co.uk/,Stroud,GL6 7EA,South West,no
115523,916,Gloucestershire,Eastington Primary School,http://www.eastingtonprimary.co.uk,Stonehouse,GL10 3SB,South West,no
115552,916,Gloucestershire,Ellwood Primary School,www.ellwoodschool.co.uk,Coleford,GL16 7LY,South West,no
115487,916,Gloucestershire,Elmbridge Primary School,www.elmbridgeprimaryschool.co.uk/,Gloucester,GL2 0PE,South West,no
148946,916,Gloucestershire,English Bicknor Church of England Primary School,http://www.englishbicknorcofeprimaryschool.co.uk,Coleford,GL16 7PG,South West,no
115622,916,Gloucestershire,Fairford Church of England Primary School,www.fairford.gloucs.sch.uk/,Fairford,GL7 4JQ,South West,no
137097,916,Gloucestershire,Farmor's School,http://www.farmors.gloucs.sch.uk/,Fairford,GL7 4JQ,South West,no
137477,916,Gloucestershire,Field Court Church of England Infant Academy,http://www.fieldcourt-inf.gloucs.sch.uk,Gloucester,GL2 4UF,South West,no
137432,916,Gloucestershire,Field Court Junior School,http://www.fieldcourt-jun.gloucs.sch.uk,Gloucester,GL2 4UF,South West,no
135727,916,Gloucestershire,Finlay Community School,www.finlayschool.co.uk,Gloucester,GL4 6TR,South West,no
144013,916,Gloucestershire,Five Acres High School,www.5acreshighschool.co.uk,Coleford,GL16 7QW,South West,no
139150,916,Gloucestershire,Forest View Primary School,www.forestviewschool.org.uk/,Cinderford,GL14 2QA,South West,no
115572,916,Gloucestershire,Foxmoor Primary School,http://www.foxmoorprimary.co.uk,Stroud,GL5 4UJ,South West,no
131249,916,Gloucestershire,Gardners Lane Primary School,http://www.gardnerslane.org.uk,Cheltenham,GL51 9JW,South West,no
115741,916,Gloucestershire,Glebe Infants' School,www.glebeschool.org.uk,Newent,GL18 1BL,South West,no
148036,916,Gloucestershire,Gloucester Academy,www.gloucesteracademy.co.uk,Gloucester,GL4 6RN,South West,no
131367,916,Gloucestershire,Gloucestershire Hospital Education Service,www.gloucestershire.gov.uk/ghes,Cheltenham,GL50 3EW,South West,no
137207,916,Gloucestershire,Gotherington Primary School,http://www.gotherington.gloucs.sch.uk,Cheltenham,GL52 9QT,South West,no
146311,916,Gloucestershire,Grange Primary Academy,www.grangeprimary.co.uk,,GL4 0RW,South West,no
148595,916,Gloucestershire,Great Oldbury Primary Academy,https://www.greatoldbury.org.uk/,Stonehouse,GL10 3WH,South West,no
115586,916,Gloucestershire,Greatfield Park Primary School,www.greatfieldparkschool.com,Cheltenham,GL51 3FZ,South West,no
137854,916,Gloucestershire,Gretton Primary School,www.gretton.gloucs.sch.uk/,Cheltenham,GL54 5EY,South West,no
141575,916,Gloucestershire,Hardwicke Parochial Primary Academy,www.hardwicke.gloucs.sch.uk/,Gloucester,GL2 4QG,South West,no
115626,916,Gloucestershire,Haresfield Church of England Primary School,http://www.haresfieldschool.co.uk,Stonehouse,GL10 3EF,South West,no
115492,916,Gloucestershire,Harewood Junior School,www.harewoodjunior.co.uk/,Gloucester,GL4 0SS,South West,no
147310,916,Gloucestershire,Hartpury Church of England Primary School,http://www.hartpury.org.uk,Gloucester,GL19 3BJ,South West,no
150837,916,Gloucestershire,Hatherley Infant School,,Gloucester,GL1 4PW,South West,no
115628,916,Gloucestershire,Hatherop Church of England Primary School,http://www.hatherop.gloucs.sch.uk,Nr Cirencester,GL7 3NA,South West,no
134190,916,Gloucestershire,Heart of the Forest Community Special School,www.heartoftheforestschool.co.uk,Coleford,GL16 7EJ,South West,no
115608,916,Gloucestershire,Hempsted Church of England Primary School,www.hempsted.gloucs.sch.uk,Gloucester,GL2 5LH,South West,no
145480,916,Gloucestershire,Henley Bank High School,www.henleybankhighschool.co.uk,Gloucester,GL3 4QF,South West,no
115749,916,Gloucestershire,Heron Primary School,http://www.heronprimaryschool.co.uk,Gloucester,GL4 4BN,South West,no
131250,916,Gloucestershire,Hesters Way Primary School,www.hestersway.gloucs.sch.uk/,Cheltenham,GL51 0ES,South West,no
137102,916,Gloucestershire,Highnam CofE Primary Academy,http://www.highnam.gloucs.sch.uk/,Gloucester,GL2 8LW,South West,no
115716,916,Gloucestershire,Hillesley Church of England Primary School,www.hillesleyprimary.com/,Wotton-under-Edge,GL12 7RH,South West,no
147300,916,Gloucestershire,Holmleigh Park High School,https://www.hphigh.co.uk,Gloucester,GL4 0RT,South West,no
151113,916,Gloucestershire,Hope Brook CofE Primary School,http://www.hopebrook.co.uk,Longhope,GL17 0LA,South West,no
115685,916,Gloucestershire,Horsley Church of England Primary School,www.horsley.gloucs.sch.uk,Stroud,GL6 0PU,South West,no
115686,916,Gloucestershire,Huntley Church of England Primary School,www.huntleyschool.co.uk/,Huntley,GL19 3EX,South West,no
141696,916,Gloucestershire,Hunts Grove Primary Academy,http://huntsgrove.academy,Gloucester,GL2 4EP,South West,no
137033,916,Gloucestershire,Katharine Lady Berkeley's School,http://klbschool.org.uk/,Wotton-under-Edge,GL12 8RB,South West,no
145606,916,Gloucestershire,Kemble Primary School,http://www.kemble.gloucs.sch.uk,Cirencester,GL7 6AG,South West,no
115629,916,Gloucestershire,Kempsford Church of England Primary School,www.kempsfordschool.com,Fairford,GL7 4EY,South West,no
135266,916,Gloucestershire,King's Stanley CofE Primary School,www.kingsstanleyprimaryschool.co.uk/,Stonehouse,GL10 3PN,South West,no
115607,916,Gloucestershire,Kingsholm Church of England Primary School,www.kingsholmprimary.co.uk,Gloucester,GL1 3BN,South West,no
135353,916,Gloucestershire,Kingsway Primary School,www.kingswayprimary.org.uk,Gloucester,GL2 2AR,South West,no
115529,916,Gloucestershire,Kingswood Primary School,http://www.kingswoodprimaryschool.co.uk/,Kingswood,GL12 8RN,South West,no
143208,916,Gloucestershire,Lakefield CofE Primary School,http://www.lakefield.gloucs.sch.uk,Gloucester,GL2 7HG,South West,no
115667,916,Gloucestershire,Leckhampton Church of England Primary School,http://www.leckhampton.gloucs.sch.uk,Cheltenham,GL53 0HP,South West,no
149620,916,Gloucestershire,Leighterton Primary School,www.leighterton.com,Tetbury,GL8 8UH,South West,no
115688,916,Gloucestershire,Leonard Stanley Church of England Primary School,www.leonardstanleycofeprimary.co.uk,Stonehouse,GL10 3LY,South West,no
115631,916,Gloucestershire,Littledean Church of England Primary School,http://www.littledeanprimary.co.uk,Cinderford,GL14 3NL,South West,no
149255,916,Gloucestershire,Longborough Church of England Primary School,https://www.longboroughprimaryschool.co.uk/,Moreton-in-Marsh,GL56 0QD,South West,no
143655,916,Gloucestershire,Longford Park Primary Academy,www.longfordpark.org.uk,Gloucester,GL2 9FP,South West,no
142434,916,Gloucestershire,Longney Church of England Primary Academy,http://www.longney.gloucs.sch.uk,Gloucester,GL2 3SL,South West,no
115531,916,Gloucestershire,Lydbrook Primary School,www.lydbrook.gloucs.sch.uk,Lydbrook,GL17 9PX,South West,no
148212,916,Gloucestershire,Lydney Church of England Community School,www.lydneycofe.co.uk,Lydney,GL15 5JH,South West,no
115775,916,Gloucestershire,Maidenhill School,http://www.maidenhill.gloucs.sch.uk,Stonehouse,GL10 2HA,South West,no
137123,916,Gloucestershire,Marling School,http://www.marling.gloucs.sch.uk/,Stroud,GL5 4HE,South West,no
115636,916,Gloucestershire,Meysey Hampton Church of England Primary School,www.meyseyhamptonprimaryschool.co.uk,Cirencester,GL7 5JS,South West,no
115533,916,Gloucestershire,Mickleton Primary School,www.mickletonschool.com,Chipping Campden,GL55 6SJ,South West,no
141547,916,Gloucestershire,Minchinhampton Primary Academy,www.minchacademy.net/,Stroud,GL6 9BP,South West,no
115692,916,Gloucestershire,Miserden Church of England Primary School,www.miserden.gloucs.sch.uk/,Stroud,GL6 7JA,South West,no
115693,916,Gloucestershire,Mitcheldean Endowed Primary School,www.mitcheldeanschool.co.uk,Mitcheldean,GL17 0BS,South West,no
140511,916,Gloucestershire,Mitton Manor Primary School,http://www.mittonmanor.gloucs.sch.uk,Tewkesbury,GL20 8AR,South West,no
144472,916,Gloucestershire,Moat Primary Academy,moat.academy,Gloucester,GL4 6AP,South West,no
115637,916,Gloucestershire,Nailsworth Church of England Primary School,www.nailsworthschool.org.uk/,STROUD,GL6 0ET,South West,no
138746,916,Gloucestershire,Newent Community School and Sixth Form Centre,http://newent.gloucs.sch.uk/,Newent,GL18 1QF,South West,no
150091,916,Gloucestershire,Newnham St Peter's Church of England Primary School,http://www.newnhamstpetersschool.org.uk,Newnham,GL14 1AT,South West,no
142438,916,Gloucestershire,North Cerney Church of England Primary Academy,www.northcerney.gloucs.sch.uk,Cirencester,GL7 7BZ,South West,no
115695,916,Gloucestershire,North Nibley CofE Primary School,www.northnibley.gloucs.sch.uk,Wotton-Under-Edge,GL11 6DL,South West,no
115641,916,Gloucestershire,Northleach Church of England Primary School,www.northleach.gloucs.sch.uk/,Cheltenham,GL54 3HJ,South West,no
151066,916,Gloucestershire,Northway Infant School,http://www.northwayinfants.co.uk,Tewkesbury,GL20 8PT,South West,no
115642,916,Gloucestershire,Norton Church of England Primary School,www.norton.gloucs.sch.uk/,Gloucester,GL2 9LJ,South West,no
150838,916,Gloucestershire,Oak Hill Church of England Primary School,,Tewkesbury,GL20 8NP,South West,no
138786,916,Gloucestershire,Offa's Mead Academy,http://www.offasmeadacademy.org,Chepstow,NP16 7DT,South West,no
115553,916,Gloucestershire,Parkend Primary School,parkendschool.com,Lydney,GL15 4HL,South West,no
136353,916,Gloucestershire,Pate's Grammar School,http://www.patesgs.org/,Cheltenham,GL51 0HG,South West,no
147158,916,Gloucestershire,Paternoster School,https://paternoster.sandmat.uk,Cirencester,GL7 1JR,South West,no
115643,916,Gloucestershire,Pauntley Church of England Primary School,www.pauntleyschool.com/,Newent,GL18 1LL,South West,no
149396,916,Gloucestershire,Peak Academy,www.thepeakacademy.org,Dursley,GL11 5HD,South West,no
115733,916,Gloucestershire,Picklenash Junior School,www.glebeinfantschool.org.uk/,Newent,GL18 1BG,South West,no
115554,916,Gloucestershire,Pillowell Community Primary School,www.bpwfederation.co.uk,Lydney,GL15 4QT,South West,no
115772,916,Gloucestershire,Pittville School,http://pittville.gloucs.sch.uk/,Cheltenham,GL52 3JD,South West,no
115696,916,Gloucestershire,Prestbury St Mary's Church of England Junior School,www.prestburystmarys.co.uk/,Cheltenham,GL52 5JB,South West,no
139643,916,Gloucestershire,Primrose Hill Church of England Primary Academy,www.primrosehillcofeacademy.org.uk/,Lydney,GL15 5TA,South West,no
150684,916,Gloucestershire,Queen Margaret Primary Academy,,Tewkesbury,GL20 5HU,South West,no
115645,916,Gloucestershire,Randwick Church of England Primary School,http://www.randwickschool.org,Stroud,GL6 6HL,South West,no
115639,916,Gloucestershire,Redbrook Church of England Primary School,www.wyeforestfederation.co.uk,Monmouth,NP25 4LY,South West,no
137132,916,Gloucestershire,Redmarley Church of England Primary School,www.redmarleyacademy.org/,Gloucester,GL19 3HS,South West,no
115758,916,Gloucestershire,Rednock School,http://rednockschool.org.uk/,Dursley,GL11 4BY,South West,no
136767,916,Gloucestershire,Ribston Hall High School,http://www.ribstonhall.gloucs.sch.uk,Gloucester,GL1 5LE,South West,no
136528,916,Gloucestershire,Robinswood Primary Academy,www.robinswood.academy,Gloucester,GL4 6HE,South West,no
115535,916,Gloucestershire,Rodmarton Primary School,https://rodmartonprimaryschool.co.uk/,Cirencester,GL7 6PE,South West,no
144898,916,Gloucestershire,Rowanfield Infant School,www.rowanfieldinfant.co.uk/,Cheltenham,GL51 8HY,South West,no
137255,916,Gloucestershire,Rowanfield Junior School,www.rowanfield-junior.gloucs.sch.uk,Cheltenham,GL51 8HY,South West,no
115647,916,Gloucestershire,Ruardean Church of England Primary School,http://www.ruardeancofeprimaryschool.com,Ruardean,GL17 9XQ,South West,no
144761,916,Gloucestershire,SGS Berkeley Green UTC,www.berkeleygreenutc.org.uk,Berkeley,GL13 9FB,South West,no
138496,916,Gloucestershire,SGS Forest High School,http://www.foresthigh.org.uk/,Cinderford,GL14 2AZ,South West,no
115698,916,Gloucestershire,Sapperton Church of England Primary School,www.sappertonschool.org/,Cirencester,GL7 6LQ,South West,no
137298,916,Gloucestershire,Severn Vale School,http://www.severnvaleschool.com,Gloucester,GL2 4PR,South West,no
139165,916,Gloucestershire,Severnbanks Primary School,www.severnbanksprimaryschool.co.uk/,Lydney,GL15 5AU,South West,no
115526,916,Gloucestershire,Sharpness Primary School,www.sharpnessprimary.org.uk/,Berkeley,GL13 9NU,South West,no
115534,916,Gloucestershire,Sheepscombe Primary School,www.sheepscombeschool.co.uk,Stroud,GL6 7RL,South West,no
151418,916,Gloucestershire,Sherborne Church of England Primary School,www.sherborneschool.co.uk/,Cheltenham,GL54 3DH,South West,no
115649,916,Gloucestershire,Shurdington Church of England Primary School,http://www.shurdingtonceprimary.co.uk,Cheltenham,GL51 4UQ,South West,no
145607,916,Gloucestershire,Siddington Church of England Primary School,http://www.siddington.gloucs.sch.uk,Cirencester,GL7 6HL,South West,no
136306,916,Gloucestershire,Sir Thomas Rich's School,http://strschool.co.uk/,Gloucester,GL2 0LF,South West,no
136985,916,Gloucestershire,Sir William Romney's School,http://www.swr.gloucs.sch.uk/,Tetbury,GL8 8AE,South West,no
149763,916,Gloucestershire,Sladewood Academy,https://sladewood.sandmat.uk/,Stroud,GL5 1NL,South West,no
115536,916,Gloucestershire,Slimbridge Primary School,www.slimbridgeprimaryschool.org.uk/,Gloucester,GL2 7DD,South West,no
115521,916,Gloucestershire,Soudley School,www.soudleyschool.com,Cinderford,GL14 2UA,South West,no
115651,916,Gloucestershire,Southrop Church of England Primary School,http://www.southrop.gloucs.sch.uk,Lechlade,GL7 3NU,South West,no
137194,916,Gloucestershire,Springbank Primary Academy,www.springbankpri-ac.gloucs.sch.uk,Cheltenham,GL51 0PH,South West,no
115697,916,Gloucestershire,St Briavels Parochial Church of England Primary School,https://wye-forest-federation.eschools.co.uk/web,Lydney,GL15 6TD,South West,no
150342,916,Gloucestershire,St Catharine's Catholic Primary School,http://www.st-catharines.gloucs.sch.uk,Chipping Campden,GL55 6DZ,South West,no
139170,916,Gloucestershire,St David's Church of England Primary School,http://www.stdavidsprimaryschool.co.uk,Moreton-in-Marsh,GL56 0LQ,South West,no
149257,916,Gloucestershire,St James and Ebrington Church of England Primary School,www.stjamesandebringtonprimaryschool.co.uk,Chipping Campden,GL55 6DB,South West,no
150509,916,Gloucestershire,St James' Church of England Junior School,www.st-james-junior.co.uk,Gloucester,GL1 4JU,South West,no
144089,916,Gloucestershire,St James' Church of England Primary School,www.stjamescofeprimary-dgat.co.uk,Cheltenham,GL50 2RS,South West,no
145123,916,Gloucestershire,St John's C of E Academy,www.sjacademy.co.uk,Coleford,GL16 8DU,South West,no
115669,916,Gloucestershire,St John's Church of England Primary School,http://www.st-johns-pri.gloucs.sch.uk,Cheltenham,GL52 2SN,South West,no
150343,916,Gloucestershire,St Joseph's Catholic Primary School,www.st-josephs-nympsfield.com,Stonehouse,GL10 3TY,South West,no
145524,916,Gloucestershire,St Lawrence Church of England Primary School,http://www.stlawrencelechlade.co.uk,Lechlade,GL7 3AU,South West,no
115712,916,Gloucestershire,St Mark's Church of England Junior School,www.stmarksjunior.com,Cheltenham,GL51 6NU,South West,no
137031,916,Gloucestershire,St Mary's Catholic Primary School,www.st-marys-churchdown.gloucs.sch.uk/,Gloucester,GL3 1HU,South West,no
149831,916,Gloucestershire,St Mary's Church of England Primary School,www.stmarystetbury.com,Tetbury,GL8 8BW,South West,no
147360,916,Gloucestershire,St Matthew's Church of England Primary School,http://www.st-matthews.gloucs.sch.uk/,Stroud,GL5 4JE,South West,no
136982,916,Gloucestershire,St Peter's Catholic High School and Sixth Form Centre,http://www.stpetershighschool.org.uk/,Gloucester,GL4 0DD,South West,no
150350,916,Gloucestershire,St Peter's Catholic Primary School,www.st-peters-pri.gloucs.sch.uk,Gloucester,GL1 3PY,South West,no
150344,916,Gloucestershire,St Thomas More Catholic Primary School,www.st-thomasmore.gloucs.sch.uk/,Cheltenham,GL51 0HZ,South West,no
115520,916,Gloucestershire,St White's Primary School,https://www.st-whites.gloucs.sch.uk/web,Cinderford,GL14 3GD,South West,no
137149,916,Gloucestershire,Staunton and Corse Church of England Primary School,www.stauntoncorseacademy.co.uk,Gloucester,GL19 3RA,South West,no
115522,916,Gloucestershire,Steam Mills Primary School,http://www.steammillsprimary.co.uk,Cinderford,GL14 3JD,South West,no
139987,916,Gloucestershire,Stone with Woodford Church of England Primary School,http://www.stone-with-woodford.gloucs.sch.uk,Berkeley,GL13 9JX,South West,no
115615,916,Gloucestershire,Stratton Church of England Primary School,http://www.stratton.gloucs.sch.uk,Cirencester,GL7 2NG,South West,no
136874,916,Gloucestershire,Stroud High School,http://stroudhigh.gloucs.sch.uk/,Stroud,GL5 4HF,South West,no
115541,916,Gloucestershire,Stroud Valley Community Primary School,www.stroudvalleyschool.co.uk/,Stroud,GL5 2HP,South West,no
149256,916,Gloucestershire,Swell Church of England Primary School,http://www.northcotswoldschools.co.uk,Cotswold,GL54 1LH,South West,no
115744,916,Gloucestershire,Swindon Village Primary School,www.swindonvillage.co.uk/,Cheltenham,GL51 9QP,South West,no
115653,916,Gloucestershire,Temple Guiting Church of England School,www.templeguiting.gloucs.sch.uk/,CHELTENHAM,GL54 5RW,South West,no
137752,916,Gloucestershire,Tewkesbury Academy,www.tewkesburyacademy.clf.uk,Tewkesbury,GL20 8DF,South West,no
135330,916,Gloucestershire,The Altus School,www.thealtusschool.org.uk,Gloucester,GL4 0RQ,South West,no
115739,916,Gloucestershire,The British School,www.thebritishschool.co.uk/,Wotton-under-Edge,GL12 7JU,South West,no
150345,916,Gloucestershire,The Catholic School of Saint Gregory the Great,http://www.st-gregorygreat.gloucs.sch.uk,Cheltenham,GL50 3QG,South West,no
136292,916,Gloucestershire,The Cotswold Academy,http://www.cotswold.gloucs.sch.uk,Cheltenham,GL54 2BD,South West,no
136578,916,Gloucestershire,The Crypt School,http://www.cryptschool.org,Gloucester,GL2 5AE,South West,no
138421,916,Gloucestershire,The Dean Academy,http://www.thedeanacademy.org/,Lydney,GL15 5DZ,South West,no
148563,916,Gloucestershire,The High School Leckhampton,www.hsl.gloucs.sch.uk,Cheltenham,GL51 3FS,South West,no
131783,916,Gloucestershire,The John Moore Primary School,www.thejohnmooreprimary.org/,Tewkesbury,GL20 7SP,South West,no
147116,916,Gloucestershire,The Milestone School,https://milestone.sandmat.uk/,Gloucester,GL2 9EU,South West,no
138430,916,Gloucestershire,The Ridge Academy,www.theridgeacademy.org,Cheltenham,GL52 5QH,South West,no
115525,916,Gloucestershire,The Rissington School,https://therissingtonschool.org.uk,Cheltenham,GL54 2PL,South West,no
137410,916,Gloucestershire,The Rosary Catholic Primary School,http://www.rosaryschool.org.uk,Stroud,GL5 4AB,South West,no
115823,916,Gloucestershire,The Shrubberies School,www.shrubberiesschool.co.uk,Stonehouse,GL10 2DG,South West,no
137059,916,Gloucestershire,Thomas Keble School,http://www.thomaskeble.gloucs.sch.uk,Stroud,GL6 7DY,South West,no
151065,916,Gloucestershire,Tibberton Community Primary School and Early Years,www.tibberton.org,Gloucester,GL19 3AQ,South West,no
115738,916,Gloucestershire,Tirlebrook Primary School,www.tirlebrook.co.uk,Tewkesbury,GL20 8EW,South West,no
148060,916,Gloucestershire,Tredington Community Primary School,www.tredingtonprimary.org.uk,Tewkesbury,GL20 7BU,South West,no
140789,916,Gloucestershire,Tredworth Infant and Nursery Academy,www.tredworthinfantschool.org.uk/,Gloucester,GL1 4QF,South West,no
115482,916,Gloucestershire,Tredworth Junior School,www.tredworth-jun.gloucs.sch.uk,Gloucester,GL1 4QG,South West,no
115548,916,Gloucestershire,Walmore Hill Primary School,www.bpwfederation.co.uk,Gloucester,GL2 8LA,South West,no
115740,916,Gloucestershire,Warden Hill Primary School,www.wardenhill.gloucs.sch.uk/,Cheltenham,GL51 3DF,South West,no
149142,916,Gloucestershire,Watermoor Church of England Primary School,,Cirencester,GL7 1SY,South West,no
139693,916,Gloucestershire,Waterwells Primary Academy,https://www.waterwells.academy,Gloucester,GL2 2FX,South West,no
142451,916,Gloucestershire,Whiteshill Primary School,http://www.whiteshillschool.co.uk,Stroud,GL6 6AT,South West,no
115660,916,Gloucestershire,Whitminster Endowed Church of England Primary School,http://www.whitminstercofe.gloucs.sch.uk,Gloucester,GL2 7PJ,South West,no
150125,916,Gloucestershire,Widden Primary School,,Gloucester,GL1 4AW,South West,no
115661,916,Gloucestershire,Willersey Church of England Primary School,www.willerseyschool.org.uk,Broadway,WR12 7PN,South West,no
147726,916,Gloucestershire,Willow Primary Academy,Willow.sandmat.uk,Gloucester,GL4 0JY,South West,no
140797,916,Gloucestershire,Winchcombe Abbey Church of England Primary School,www.winchcombe-pri.gloucs.sch.uk,Cheltenham,GL54 5PZ,South West,no
136764,916,Gloucestershire,Winchcombe School,http://www.winchcombeschool.co.uk,Cheltenham,GL54 5LB,South West,no
115704,916,Gloucestershire,Woodchester Endowed Church of England Aided Primary School,http://www.woodchesterprimary.co.uk,Stroud,GL5 5PD,South West,no
115519,916,Gloucestershire,Woodside Primary School,www.woodside.gloucs.sch.uk,Ruardean,GL17 9XP,South West,no
115559,916,Gloucestershire,Woolaston Primary School,www.woolastonprimary.co.uk/,Lydney,GL15 6PH,South West,no
137382,916,Gloucestershire,Wyedean School and Sixth Form Centre,http://www.wyedean.gloucs.sch.uk,Chepstow,NP16 7AA,South West,no
115601,916,Gloucestershire,Abbeymead Primary School,http://www.abbeymead.gloucs.sch.uk/,Gloucester,GL4 5YS,South West,yes
115673,916,Gloucestershire,Ampney Crucis Church of England Primary School,www.ampneycrucis.gloucs.sch.uk/,Cirencester,GL7 5SD,South West,yes
115723,916,Gloucestershire,Archway School,http://www.archwayschool.net/,Stroud,GL5 4AX,South West,yes
115500,916,Gloucestershire,Ashchurch Primary School,www.ashchurchprimary.co.uk/,Tewkesbury,GL20 8LA,South West,yes
115663,916,Gloucestershire,Ashleworth Church of England Primary School,www.ashleworthprimaryschool.org/,Gloucester,GL19 4HT,South West,yes
115714,916,Gloucestershire,Barnwood Church of England Primary School,http://www.barnwoodprimary.co.uk,Gloucester,GL4 3JP,South West,yes
115600,916,Gloucestershire,Beech Green Primary School,http://www.beechgreenprimary.co.uk,Gloucester,GL2 4WD,South West,yes
115598,916,Gloucestershire,Benhall Infant School,http://www.benhallinfantschool.co.uk/,Cheltenham,GL51 6PS,South West,yes
115690,916,Gloucestershire,Brimscombe Church of England (VA) Primary School,www.brimscombe.gloucs.sch.uk,Stroud,GL5 2QR,South West,yes
115678,916,Gloucestershire,Bussage Church of England Primary School,www.bussageprimaryschool.co.uk/,Stroud,GL6 8FW,South West,yes
115578,916,Gloucestershire,Cam Everlands Primary School,www.cameverlands.org.uk,Dursley,GL11 5SF,South West,yes
115676,916,Gloucestershire,Cam Hopton Church of England Primary School,http://www.camhoptonprimary.co.uk,Dursley,GL11 5PA,South West,yes
115574,916,Gloucestershire,Cam Woodfield Infant School,www.camwoodfield.co.uk,Dursley,GL11 6JJ,South West,yes
115561,916,Gloucestershire,Cashes Green Primary School,http://www.cashesgreen-pri.gloucs.sch.uk,Stroud,GL5 4NL,South West,yes
115569,916,Gloucestershire,Castle Hill Primary School,www.castlehill.gloucs.sch.uk/,Gloucester,GL3 4NU,South West,yes
115564,916,Gloucestershire,Churchdown Parton Manor Junior School,www.partonmanorfed.co.uk,Gloucester,GL3 2DR,South West,yes
115603,916,Gloucestershire,Coney Hill Community Primary School,www.coneyhillprimary.co.uk/,Gloucester,GL4 4NA,South West,yes
115682,916,Gloucestershire,Cranham Church of England Primary School,http://www.cranhamcofeschool.com,Gloucester,GL4 8HS,South West,yes
115582,916,Gloucestershire,Dunalley Primary School,http://www.dunalley.gloucs.sch.uk/,Cheltenham,GL50 4LB,South West,yes
115573,916,Gloucestershire,Gastrells Community Primary School,www.gastrellsprimaryschool.co.uk/,Stroud,GL5 3PS,South West,yes
115577,916,Gloucestershire,Glenfall Community Primary School,www.glenfall.gloucs.sch.uk,Cheltenham,GL52 6XZ,South West,yes
115585,916,Gloucestershire,Gloucester Road Primary School,www.gloucesterroadprimary.co.uk/,Cheltenham,GL51 8PB,South West,yes
131784,916,Gloucestershire,Grangefield Primary School,www.grangefield.gloucs.sch.uk/,Cheltenham,GL52 8GL,South West,yes
115491,916,Gloucestershire,Harewood Infant School,www.harewood-inf.gloucs.sch.uk,Gloucester,GL4 0SS,South West,yes
115494,916,Gloucestershire,Hillview Primary School,www.hillviewprimary.org,Gloucester,GL3 3LH,South West,yes
115679,916,Gloucestershire,Holy Apostles' Church of England Primary School,www.holyapostlesschool.co.uk,Cheltenham,GL52 6QZ,South West,yes
115666,916,Gloucestershire,Holy Trinity Church of England Primary School,http://www.holytrinity.gloucs.sch.uk,Cheltenham,GL52 2JP,South West,yes
115580,916,Gloucestershire,Innsworth Infant School,www.innsworthinfant.org.uk,Gloucester,GL3 1HJ,South West,yes
115562,916,Gloucestershire,Innsworth Junior School,www.innsworthjunior.org.uk/,Gloucester,GL3 1AX,South West,yes
135437,916,Gloucestershire,Isbourne Valley School,www.isbournevalleyschool.com,Cheltenham,GL54 5PF,South West,yes
115594,916,Gloucestershire,Lakeside Primary School,http://www.lakesidechelt.co.uk/,Cheltenham,GL51 6HR,South West,yes
115483,916,Gloucestershire,Linden Primary School,www.lindenprimary.co.uk/,Gloucester,GL1 5HU,South West,yes
115498,916,Gloucestershire,Longlevens Infant School,www.longlevensinfantschool.co.uk,Gloucester,GL2 0AX,South West,yes
115496,916,Gloucestershire,Longlevens Junior School,www.longlevensjuniorschool.co.uk/,Gloucester,GL2 0AL,South West,yes
131782,916,Gloucestershire,Meadowside Primary School,www.meadowsideschool.co.uk,Gloucester,GL2 4LX,South West,yes
115590,916,Gloucestershire,Naunton Park Primary School,http://www.nauntonpark.gloucs.sch.uk,Cheltenham,GL53 7BT,South West,yes
115674,916,Gloucestershire,Oakridge Parochial School,http://www.oakridgeschool.org.uk,Stroud,GL6 7NR,South West,yes
135857,916,Gloucestershire,Oakwood Primary School,http://www.oakwood.gloucs.sch.uk/,Cheltenham,GL52 5HD,South West,yes
115539,916,Gloucestershire,Park Junior School,https://stonehouseschools.uk/,Stonehouse,GL10 2NP,South West,yes
115681,916,Gloucestershire,Powell's Church of England Primary School,http://www.powells.gloucs.sch.uk,Cirencester,GL7 2DJ,South West,yes
115565,916,Gloucestershire,Rodborough Community Primary School,www.rodborough-primary.com,Stroud,GL5 3RT,South West,yes
115680,916,Gloucestershire,St Andrew's Church of England Primary School,www.st-andrewsschool.co.uk/,Chedworth,GL54 4AJ,South West,yes
115711,916,Gloucestershire,St Mary's Church of England Infant School,www.prestburystmarysfederation.co.uk,Cheltenham,GL52 5JB,South West,yes
115605,916,Gloucestershire,St Paul's Church of England Primary School,http://www.st-pauls.gloucs.sch.uk,Gloucester,GL1 5BD,South West,yes
115581,916,Gloucestershire,Stonehouse Park Infant School,www.stonehouseschools.uk,Stonehouse,GL10 2NP,South West,yes
115540,916,Gloucestershire,Stow-on-the-Wold Primary School,www.stowprimaryschool.co.uk/,Cheltenham,GL54 1AW,South West,yes
115654,916,Gloucestershire,Tewkesbury Church of England Primary School,www.tewkesbury-primary.co.uk/,Tewkesbury,GL20 5RQ,South West,yes
115568,916,Gloucestershire,The Croft Primary School,www.croft.gloucs.sch.uk,Stroud,GL6 6RQ,South West,yes
115544,916,Gloucestershire,Thrupp School,www.thruppschool.co.uk,Stroud,GL5 2EN,South West,yes
115655,916,Gloucestershire,Tutshill Church of England Primary School,http://www.tutshillcofeschool.co.uk,Chepstow,NP16 7BJ,South West,yes
115547,916,Gloucestershire,Twyning School,www.twyningschool.co.uk,Tewkesbury,GL20 6DF,South West,yes
115657,916,Gloucestershire,Uley Church of England Primary School,http://www.uleyprimary.co.uk,Dursley,GL11 5SW,South West,yes
115543,916,Gloucestershire,Uplands Community Primary School,http://www.uplandsprimarystroud.co.uk/,Stroud,GL5 1TE,South West,yes
115658,916,Gloucestershire,Upton St Leonards Church of England Primary School,www.upton-st-leonards.co.uk/,Gloucester,GL4 8ED,South West,yes
115701,916,Gloucestershire,Westbury-on-Severn Church of England Primary School,http://www.westburyceschool.co.uk,Westbury-on-Severn,GL14 1PA,South West,yes
115703,916,Gloucestershire,Withington Church of England Primary School,http://www.withington.gloucs.sch.uk,Cheltenham,GL54 4BQ,South West,yes
115576,916,Gloucestershire,Woodmancote School,www.woodmancoteschool.co.uk/,Cheltenham,GL52 9HN,South West,yes
115555,916,Gloucestershire,Yorkley Primary School,www.yorkleyschool.co.uk/,Lydney,GL15 4RR,South West,yes
