urn,district_code,district_name,school_name,website,town,postcode,region,has_email_collected
117083,919,Hertfordshire,Abbots Langley School,http://www.abbotslangley.herts.sch.uk,Abbots Langley,WD5 0BQ,East of England,no
117111,919,Hertfordshire,Abel Smith School,http://www.abelsmith.herts.sch.uk,Hertford,SG13 8AE,East of England,no
138231,919,Hertfordshire,Alban City School,www.albancityschool.org.uk/,St Albans,AL1 3RR,East of England,no
144907,919,Hertfordshire,Alban Wood Primary School and Nursery,www.albanwood.herts.sch.uk/,Watford,WD25 7NX,East of England,no
117221,919,Hertfordshire,Almond Hill Junior School,http://www.almondhill.herts.sch.uk/,Stevenage,SG1 3RP,East of England,no
150844,919,Hertfordshire,Andrews Lane Primary School,,Waltham Cross,EN7 6LB,East of England,no
117218,919,Hertfordshire,Anstey First School,www.anstey.herts.sch.uk,Buntingford,SG9 0BY,East of England,no
137943,919,Hertfordshire,Applecroft School,http://www.applecroft.herts.sch.uk/,Welwyn Garden City,AL8 6JZ,East of England,no
117066,919,Hertfordshire,Arlesdene Nursery School and Pre-School,www.arlesdene.herts.sch.uk,Waltham Cross,EN8 9DW,East of England,no
117289,919,Hertfordshire,Arnett Hills Junior Mixed and Infant School,http://www.arnetthills.herts.sch.uk,Rickmansworth,WD3 4BT,East of England,no
140956,919,Hertfordshire,Ascot Road Primary School,https://www.ascotroad.herts.sch.uk/,Watford,WD18 8AD,East of England,no
151215,919,Hertfordshire,Ashtree Primary Academy,,Stevenage,SG2 9JQ,East of England,no
117084,919,Hertfordshire,Ashwell Primary School,www.ashwell.herts.sch.uk/,Baldock,SG7 5QL,East of England,no
117421,919,Hertfordshire,Aston St Mary's Church of England Aided Primary School,http://www.astonmarys.herts.sch.uk/,Stevenage,SG2 7HA,East of England,no
149537,919,Hertfordshire,Avanti Brook Primary School,https://avanti.org.uk/avantibrook/principals-welcome/,Bishops Stortford,CM23 2UW,East of England,no
149078,919,Hertfordshire,Avanti Grange Secondary School,https://avanti.org.uk/avantigrange/,Bishops Stortford,CM23 2BD,East of England,no
147834,919,Hertfordshire,Avanti Meadows Primary School,https://avanti.org.uk/avantimeadows/,Bishop's Stortford,CM23 1FQ,East of England,no
144623,919,Hertfordshire,Barclay Academy,www.barclay.futureacademies.org,Stevenage,SG1 3RB,East of England,no
117422,919,Hertfordshire,Barkway VA Church of England First School,https://www.barleybarkway.herts.sch.uk/,Royston,SG8 8EF,East of England,no
117386,919,Hertfordshire,Barley (VA) Church of England First School,https://www.barleybarkway.herts.sch.uk/,Royston,SG8 8JW,East of England,no
117674,919,Hertfordshire,Batchwood School,www.batchwood.herts.sch.uk,St Albans,AL3 5RP,East of England,no
138286,919,Hertfordshire,Beaumont School,http://www.beaumontschool.com,St Albans,AL4 0XB,East of England,no
144959,919,Hertfordshire,Bedmond Academy,https://bedmondacademy.org.uk,Abbots Langley,WD5 0RD,East of England,no
117200,919,Hertfordshire,Bedwell Primary School,www.bedwell.herts.sch.uk/,Stevenage,SG1 1NJ,East of England,no
145487,919,Hertfordshire,Beech Hyde Primary School and Nursery,beechhyde.herts.sch.uk,St. Albans,AL4 8TP,East of England,no
145350,919,Hertfordshire,Beechfield School,http://www.beechfield.herts.sch.uk/,Watford,WD24 5TY,East of England,no
117135,919,Hertfordshire,Bernards Heath Infant and Nursery School,www.bernardsheath.herts.sch.uk/,St Albans,AL1 4AP,East of England,no
117143,919,Hertfordshire,Bernards Heath Junior School,http://www.bernardsheathjnr.herts.sch.uk,St Albans,AL3 5HP,East of England,no
132105,919,Hertfordshire,Birchwood Avenue Primary School,www.birchwoodavenue.herts.sch.uk/,Hatfield,AL10 0PS,East of England,no
137637,919,Hertfordshire,Birchwood High School,http://www.birchwoodonline.co.uk/,Bishop's Stortford,CM23 5BD,East of England,no
137757,919,Hertfordshire,Bishop's Hatfield Girls' School,http://www.bishophatfield.herts.sch.uk/,Hatfield,AL10 8NL,East of England,no
117366,919,Hertfordshire,Bonneygrove Primary School,http://www.bonneygrove.herts.sch.uk,Waltham Cross,EN7 5ED,East of England,no
136857,919,Hertfordshire,Bovingdon Primary Academy,http://www.bovingdonacademy.org.uk/,Hemel Hempstead,HP3 0HL,East of England,no
117187,919,Hertfordshire,Bowmansgreen Primary School,www.bowmansgreen.herts.sch.uk/,St Albans,AL2 1PH,East of England,no
117107,919,Hertfordshire,Boxmoor Primary School,www.boxmoor.herts.sch.uk,Hemel Hempstead,HP1 1PF,East of England,no
147679,919,Hertfordshire,Brandles School,www.brandles.herts.sch.uk,Baldock,SG7 6EY,East of England,no
117541,919,Hertfordshire,Bridgewater Primary School,http://www.bridgewater.herts.sch.uk/,Berkhamsted,HP4 1ES,East of England,no
144909,919,Hertfordshire,Broadfield Academy,www.broadfieldacademy.org.uk,Hemel Hempstead,HP2 4BX,East of England,no
144908,919,Hertfordshire,Bromet Primary School,http://www.bromet.herts.sch.uk/,Watford,WD19 4SG,East of England,no
117272,919,Hertfordshire,Brookland Infant and Nursery School,www.brooklandinfants.herts.sch.uk/,Waltham Cross,EN8 0RX,East of England,no
117233,919,Hertfordshire,Brookland Junior School,http://www.brooklandjm.herts.sch.uk/,Waltham Cross,EN8 0RX,East of England,no
117189,919,Hertfordshire,Broom Barns Primary School,http://www.broombarns.herts.sch.uk/,Stevenage,SG1 1UE,East of England,no
149748,919,Hertfordshire,Buntingford First School,https://www.buntingfordfirstschool.co.uk/,Buntingford,SG9 9HZ,East of England,no
117088,919,Hertfordshire,Bushey Heath Primary School,http://www.busheyheathjm.herts.sch.uk/,Bushey,WD23 1SP,East of England,no
117242,919,Hertfordshire,Bushey Manor Junior School,http://www.busheymanorjm.herts.sch.uk/,Bushey,WD23 2QL,East of England,no
137872,919,Hertfordshire,Bushey Meads School,http://www.busheymeads.org.uk/,Bushey,WD23 4PA,East of England,no
117157,919,Hertfordshire,Bushey and Oxhey Infant School,http://www.oxhey.herts.sch.uk/,Bushey,WD23 2QH,East of England,no
117136,919,Hertfordshire,Camp Primary and Nursery School,www.camp.herts.sch.uk/,St Albans,AL1 5PG,East of England,no
143786,919,Hertfordshire,Camps Hill Primary School,http://www.campshill.herts.sch.uk,Stevenage,SG2 0LT,East of England,no
117293,919,Hertfordshire,Cassiobury Infant and Nursery School,www.cassioburyinfants.herts.sch.uk/,Watford,WD17 3PE,East of England,no
117167,919,Hertfordshire,Cassiobury Junior School,http://www.cassioburyjm.herts.sch.uk,Watford,WD17 3PD,East of England,no
117214,919,Hertfordshire,Chambersbury Primary School,http://www.chambersbury.herts.sch.uk/,Hemel Hempstead,HP3 8JH,East of England,no
147246,919,Hertfordshire,Chancellor's School,http://www.chancellors.herts.sch.uk,Hatfield,AL9 7BN,East of England,no
117159,919,Hertfordshire,Chater Infant School,www.chaterinfants.herts.sch.uk,Watford,WD18 7RD,East of England,no
145353,919,Hertfordshire,Cherry Tree Primary School,www.cherrytree.herts.sch.uk/,Watford,WD24 6ST,East of England,no
130349,919,Hertfordshire,Chessbrook Education Support Centre,www.chessbrook.herts.sch.uk,Watford,WD18 6LJ,East of England,no
117093,919,Hertfordshire,Chorleywood Primary School,http://www.chorleywood.herts.sch.uk/,Rickmansworth,WD3 5HR,East of England,no
139507,919,Hertfordshire,Christ Church Chorleywood CofE School,http://www.christchurchschool.herts.sch.uk,Rickmansworth,WD3 5SG,East of England,no
143856,919,Hertfordshire,Churchfield Church of England Academy,www.churchfield.herts.sch.uk,Waltham Cross,EN8 0LU,East of England,no
131456,919,Hertfordshire,Clore Shalom School,www.cloreshalom.herts.sch.uk/,Shenley,WD7 9BL,East of England,no
117340,919,Hertfordshire,Coates Way JMI and Nursery School,http://www.coatesway.herts.sch.uk,Watford,WD25 9NW,East of England,no
117145,919,Hertfordshire,Colney Heath Junior Mixed Infant and Nursery School,http://www.colneyheath.herts.sch.uk/,St Albans,AL4 0NP,East of England,no
140238,919,Hertfordshire,Countess Anne Church of England School,www.countessanneprimary.org.uk,Hatfield,AL10 8AX,East of England,no
117099,919,Hertfordshire,Cowley Hill School,http://www.cowleyhill.herts.sch.uk/,Borehamwood,WD6 5DP,East of England,no
140707,919,Hertfordshire,Crabtree Infants' School,http://www.crabtreeschools.org,Harpenden,AL5 5PU,East of England,no
140708,919,Hertfordshire,Crabtree Junior School,http://www.crabtreeschools.org,Harpenden,AL5 5PU,East of England,no
150698,919,Hertfordshire,Creswick Academy,,Welwyn Garden City,AL7 4FL,East of England,no
144402,919,Hertfordshire,Croxley Danes School,www.croxleydanes.org.uk,Rickmansworth,WD3 3LR,East of England,no
117279,919,Hertfordshire,Cunningham Hill Infant School,https://cunninghamhill.herts.sch.uk/,St Albans,AL1 5QJ,East of England,no
117250,919,Hertfordshire,Cunningham Hill Junior School,https://cunninghamhill.herts.sch.uk/,St Albans,AL1 5QJ,East of England,no
131100,919,Hertfordshire,Dacorum Education Support Centre,www.desc.herts.sch.uk,Hemel Hempstead,HP2 4HS,East of England,no
136554,919,Hertfordshire,Dame Alice Owen's School,http://www.damealiceowens.herts.sch.uk,Potters Bar,EN6 2DU,East of England,no
148040,919,Hertfordshire,De Havilland Primary School,,Hatfield,AL10 8TQ,East of England,no
146922,919,Hertfordshire,Divine Saviour Roman Catholic Primary School,http://www.divinesaviour.herts.sch.uk,Abbots Langley,WD5 0HW,East of England,no
117255,919,Hertfordshire,Downfield Primary School,http://www.downfield.herts.sch.uk,Waltham Cross,EN8 8SS,East of England,no
148710,919,Hertfordshire,Dundale Primary School and Nursery,http://www.dundale.herts.sch.uk/,Tring,HP23 5DJ,East of England,no
117245,919,Hertfordshire,Eastbury Farm Primary School,http://www.eastburyfarm.herts.sch.uk/,Northwood,HA6 3DG,East of England,no
139416,919,Hertfordshire,Elstree Screen Arts Academy,https://www.esaacademy.org/,Borehamwood,WD6 5NN,East of England,no
141898,919,Hertfordshire,Fair Field Junior School,http://www.fairfield.herts.sch.uk,Radlett,WD7 8LU,East of England,no
117334,919,Hertfordshire,Fairfields Primary School and Nursery,http://www.fairfields.herts.sch.uk/,Waltham Cross,EN7 6JG,East of England,no
143785,919,Hertfordshire,Fairlands Primary School,www.fairlands.herts.sch.uk,Stevenage,SG1 3JA,East of England,no
117686,919,Hertfordshire,Falconer School,http://www.falconer.herts.sch.uk/,Bushey,WD23 3AT,East of England,no
131505,919,Hertfordshire,Featherstone Wood Primary School,www.featherstonewood.herts.sch.uk,Stevenage,SG2 9PP,East of England,no
139545,919,Hertfordshire,Flamstead End School,www.flamsteadend.herts.sch.uk/,Waltham Cross,EN7 6AG,East of England,no
117100,919,Hertfordshire,Flamstead Village School,http://www.flamsteadjmi.herts.sch.uk/,St. Albans,AL3 8DL,East of England,no
138206,919,Hertfordshire,Fleetville Infant and Nursery School,www.fleetvilleinfants.herts.sch.uk,St Albans,AL1 4LX,East of England,no
138205,919,Hertfordshire,Fleetville Junior School,http://www.fleetvillejm.herts.sch.uk/,St Albans,AL1 4LW,East of England,no
151161,919,Hertfordshire,Forres Primary Academy,,Hoddesdon,EN11 0RW,East of England,no
117092,919,Hertfordshire,Four Swannes Primary School,https://www.fourswannes.herts.sch.uk/,Waltham Cross,EN8 7HH,East of England,no
137002,919,Hertfordshire,Freman College,http://www.freman.org.uk/,Buntingford,SG9 9BT,East of England,no
117101,919,Hertfordshire,Gaddesden Row JMI School,http://www.gaddesdenrow.herts.sch.uk/,Hemel Hempstead,HP2 6HG,East of England,no
117249,919,Hertfordshire,Gade Valley Primary School,http://www.gadevalley.herts.sch.uk/,Hemel Hempstead,HP1 3DT,East of England,no
138389,919,Hertfordshire,Garden City Academy,www.gardencityacademy.co.uk,Letchworth Garden City,SG6 2JZ,East of England,no
148434,919,Hertfordshire,Garden Fields Junior Mixed and Infant School,http://www.gardenfields.herts.sch.uk,St Albans,AL3 5RL,East of England,no
117106,919,Hertfordshire,George Street Primary School,http://www.georgestreet.herts.sch.uk/,Hemel Hempstead,HP2 5HJ,East of England,no
145297,919,Hertfordshire,Goffs - Churchgate Academy,http://www.goffschurchgate.herts.sch.uk/,Waltham Cross,EN8 9LY,East of England,no
137532,919,Hertfordshire,Goffs Academy,http://www.goffs.herts.sch.uk/,Waltham Cross,EN7 5QW,East of England,no
117243,919,Hertfordshire,Goffs Oak Primary & Nursery School,http://www.goffsoak.herts.sch.uk/,Waltham Cross,EN7 5NS,East of England,no
117274,919,Hertfordshire,Goldfield Infants' and Nursery School,http://www.goldfield.herts.sch.uk,Tring,HP23 4EE,East of England,no
117395,919,Hertfordshire,Graveley Primary School,http://www.graveley.herts.sch.uk/,Hitchin,SG4 7LJ,East of England,no
117105,919,Hertfordshire,Green Lanes Primary School,www.greenlanes.herts.sch.uk/,Hatfield,AL10 9JY,East of England,no
117067,919,Hertfordshire,Greenfield Nursery School,www.greenfieldnursery.co.uk,Waltham Cross,EN8 8DH,East of England,no
117193,919,Hertfordshire,Greenfields Primary School,www.greenfields.herts.sch.uk/,Watford,WD19 6QH,East of England,no
145255,919,Hertfordshire,Grove Road Primary School,http://www.groveroad.herts.sch.uk/,Tring,HP23 5PD,East of England,no
142257,919,Hertfordshire,Hailey Hall School,www.haileyhall.herts.sch.uk,Hertford,SG13 7PB,East of England,no
142051,919,Hertfordshire,Haileybury Turnford,www.haileyburyturnford.com,Waltham Cross,EN8 0JU,East of England,no
137238,919,Hertfordshire,Hammond Academy,http://www.hammondacademy.org.uk,Hemel Hempstead,HP2 5TD,East of England,no
143648,919,Hertfordshire,Harpenden Academy,www.harpendenacademy.co.uk,Harpenden,AL5 4EL,East of England,no
145256,919,Hertfordshire,Hartsbourne Primary School,www.hartsbourne.org.uk,Bushey,WD23 1SJ,East of England,no
117227,919,Hertfordshire,Harwood Hill Junior Mixed Infant and Nursery School,http://www.harwood.herts.sch.uk,Welwyn Garden City,AL8 7AG,East of England,no
138201,919,Hertfordshire,Hatfield Community Free School,www.hcfs.org.uk/,Hatfield,AL10 8ES,East of England,no
131319,919,Hertfordshire,Haywood Grove School,http://www.haywoodgrove.co.uk,Hemel Hempstead,HP2 7BG,East of England,no
117070,919,Hertfordshire,Heath Lane Nursery School,http://www.heathlane.herts.sch.uk/,Hemel Hempstead,HP1 1TT,East of England,no
117125,919,Hertfordshire,Hertford Heath Primary and Nursery School,http://www.hertfordheath.herts.sch.uk,Hertford,SG13 7QW,East of England,no
117397,919,Hertfordshire,Hertford St Andrew CofE Primary School,www.hertfordstandrew.herts.sch.uk,Hertford,SG14 2EP,East of England,no
117563,919,Hertfordshire,Hertingfordbury Cowper Primary School,http://www.hertingfordbury.herts.sch.uk,Hertford,SG14 2LR,East of England,no
147283,919,Hertfordshire,Hertsmere Jewish Primary School,www.hjps.herts.sch.uk,Radlett,WD7 7LQ,East of England,no
138747,919,Hertfordshire,Hertswood Academy,www.hertswoodacademy.org,Borehamwood,WD6 5LG,East of England,no
117115,919,Hertfordshire,Highover Junior Mixed and Infant School,www.highover.herts.sch.uk,Hitchin,SG4 0JP,East of England,no
117089,919,Hertfordshire,Highwood Primary School,http://www.highwood.herts.sch.uk/,Bushey,WD23 2AW,East of England,no
117310,919,Hertfordshire,Hillmead Primary School,www.hillmead.herts.sch.uk/,Bishop's Stortford,CM23 4PW,East of England,no
139154,919,Hertfordshire,Hitchin Boys' School,http://www.hbs.herts.sch.uk,Hitchin,SG5 1JB,East of England,no
137288,919,Hertfordshire,Hitchin Girls' School,http://www.hgs.herts.sch.uk/,Hitchin,SG4 9RS,East of England,no
117197,919,Hertfordshire,Hobletts Manor Infants' School,www.hoblettsinfants.com,Hemel Hempstead,HP2 5JS,East of England,no
117097,919,Hertfordshire,Hobletts Manor Junior School,http://www.hoblettsjm.herts.sch.uk,Hemel Hempstead,HP2 5JS,East of England,no
136482,919,Hertfordshire,Hockerill Anglo-European College,www.hockerill.com,Bishop's Stortford,CM23 5HX,East of England,no
117091,919,Hertfordshire,Holdbrook Primary School and Nursery,www.holdbrook.herts.sch.uk,Waltham Cross,EN8 7QG,East of England,no
117263,919,Hertfordshire,Hollybush Primary School,www.hollybush.herts.sch.uk/,Hertford,SG14 2DF,East of England,no
117377,919,Hertfordshire,Holtsmere End Infant and Nursery School,http://www.holtsmereinfants.herts.sch.uk/,Hemel Hempstead,HP2 7JZ,East of England,no
117336,919,Hertfordshire,Holtsmere End Junior School,http://www.holtsmerejm.herts.sch.uk/,Hemel Hempstead,HP2 7JZ,East of England,no
117175,919,Hertfordshire,Holwell Primary School,http://www.holwell.herts.sch.uk,Welwyn Garden City,AL7 3RP,East of England,no
146903,919,Hertfordshire,Holy Rood Catholic Primary School,www.holyroodcatholicprimaryschool.co.uk/,Watford,WD17 4FS,East of England,no
117252,919,Hertfordshire,Homerswood Primary and Nursery School,http://www.homerswood.herts.sch.uk/,Welwyn Garden City,AL8 7RF,East of England,no
117439,919,Hertfordshire,Hormead Church of England (VA) First School,http://www.hormead.herts.sch.uk/,Buntingford,SG9 0NR,East of England,no
117235,919,Hertfordshire,How Wood Primary and Nursery School,http://www.howwood.herts.sch.uk/,St Albans,AL2 2HU,East of England,no
117220,919,Hertfordshire,Howe Dell Primary School,www.howedell.herts.sch.uk/,Hatfield,AL10 9AH,East of England,no
117117,919,Hertfordshire,Hunsdon Junior Mixed and Infant School,https://fwhs.co.uk/,Ware,SG12 8NT,East of England,no
117180,919,Hertfordshire,Hurst Drive Primary School,www.hurstdrive.herts.sch.uk,Waltham Cross,EN8 8DH,East of England,no
117186,919,Hertfordshire,Icknield Infant and Nursery School,http://www.icknieldinfants.herts.sch.uk/,Letchworth Garden City,SG6 4UN,East of England,no
149736,919,Hertfordshire,James Marks Academy,,Hemel Hempstead,HP3 0DF,East of England,no
117087,919,Hertfordshire,Jenyns First School and Nursery,www.jenyns.herts.sch.uk,Ware,SG11 2QJ,East of England,no
149743,919,Hertfordshire,John F Kennedy Catholic School,http://www.jfk.herts.sch.uk/,Hemel Hempstead,HP1 2PH,East of England,no
140955,919,Hertfordshire,Jupiter Primary School,https://www.jupiter.herts.sch.uk/,Hemel Hempstead,HP2 5NT,East of England,no
145890,919,Hertfordshire,Katherine Warington School,www.kwschool.co.uk,Harpenden,AL5 5FH,East of England,no
117183,919,Hertfordshire,Kenilworth Primary School,https://kenilworthprimary.com,Borehamwood,WD6 1QL,East of England,no
137656,919,Hertfordshire,King James Academy Royston,https://www.kjar.org.uk,Royston,SG8 7JH,East of England,no
117283,919,Hertfordshire,Kings Langley Primary School,http://www.kingslangley-pri.herts.sch.uk/,Kings Langley,WD4 8DQ,East of England,no
139036,919,Hertfordshire,Kings Langley School,http://www.kls.herts.sch.uk,Kings Langley,WD4 9HN,East of England,no
117319,919,Hertfordshire,Kingshill Infant School,www.kingshill.herts.sch.uk,Ware,SG12 0RL,East of England,no
117076,919,Hertfordshire,Kingswood Nursery School,www.kingswood.herts.sch.uk,Watford,WD25 0DX,East of England,no
138485,919,Hertfordshire,Knightsfield School,http://www.knightsfield.herts.sch.uk/,Welwyn Garden City,AL8 7LW,East of England,no
146123,919,Hertfordshire,Knutsford Primary Academy,http://www.knutsfordprimaryacademy.org.uk,Watford,WD24 7ER,East of England,no
117370,919,Hertfordshire,Ladbrooke Junior Mixed and Infant School,http://www.ladbrooke.herts.sch.uk/,Potters Bar,EN6 1QB,East of England,no
140954,919,Hertfordshire,Lanchester Primary School,https://lanchester.herts.sch.uk/,Watford,WD17 3HD,East of England,no
146359,919,Hertfordshire,Larkspur Academy,https://larkspurprimary.org/,Ware,SG12 7LP,East of England,no
143604,919,Hertfordshire,Larwood School,www.larwood.herts.sch.uk,Stevenage,SG1 5BZ,East of England,no
143603,919,Hertfordshire,Laurance Haines School,http://www.lhaines.herts.sch.uk,Watford,WD18 0DD,East of England,no
146440,919,Hertfordshire,Laureate Academy,https://www.laureate.futureacademies.org/,Hemel Hempstead,HP1 3DW,East of England,no
117151,919,Hertfordshire,Letchmore Infants' and Nursery School,http://www.letchmore.herts.sch.uk,Stevenage,SG1 3PS,East of England,no
137156,919,Hertfordshire,Leventhorpe,http://www.leventhorpe.net/,Sawbridgeworth,CM21 9BY,East of England,no
117416,919,Hertfordshire,Leverstock Green Church of England Primary School,http://www.leverstockgreen.herts.sch.uk/,Hemel Hempstead,HP2 4SA,East of England,no
139197,919,Hertfordshire,Links Academy,https://linksacademystalbans.co.uk/,St Albans,AL4 0TZ,East of England,no
147451,919,Hertfordshire,Links Hatfield Academy,https://linksacademyhatfield.co.uk/,Hatfield,AL10 8TJ,East of England,no
117443,919,Hertfordshire,Little Gaddesden Church of England Voluntary Aided Primary School,http://www.littlegaddesden.herts.sch.uk/,Berkhamsted,HP4 1NX,East of England,no
117126,919,Hertfordshire,Little Hadham Primary School,www.littlehadham.herts.sch.uk/,Ware,SG11 2DX,East of England,no
117402,919,Hertfordshire,Little Munden Church of England Voluntary Controlled Primary School,www.littlemunden.herts.sch.uk,Ware,SG12 0NR,East of England,no
137861,919,Hertfordshire,Little Reddings Primary School,www.littlereddings.org.uk,Bushey,WD23 3PR,East of England,no
132091,919,Hertfordshire,Lodge Farm Primary School,www.lodgefarm.herts.sch.uk/,Stevenage,SG2 0HP,East of England,no
117459,919,Hertfordshire,Long Marston VA Church of England Primary and Nursery School,http://www.longmarston.herts.sch.uk/,Tring,HP23 4QS,East of England,no
137110,919,Hertfordshire,Longdean School,http://www.longdean.herts.sch.uk,Hemel Hempstead,HP3 8JB,East of England,no
135083,919,Hertfordshire,Longmeadow Primary School,www.longmeadow.herts.sch.uk/,Stevenage,SG2 8LT,East of England,no
117679,919,Hertfordshire,Lonsdale School,http://www.lonsdale.herts.sch.uk,Stevenage,SG2 8UT,East of England,no
138106,919,Hertfordshire,Loreto College,http://www.loreto.herts.sch.uk/,St Albans,AL1 3RQ,East of England,no
117079,919,Hertfordshire,Ludwick Nursery School,www.ludwick.herts.sch.uk,Welwyn Garden City,AL7 3RP,East of England,no
117133,919,Hertfordshire,Malvern Way Infant and Nursery School,http://www.malvernway.herts.sch.uk/,Rickmansworth,WD3 3QQ,East of England,no
117305,919,Hertfordshire,Mandeville Primary School,www.mandeville221.herts.sch.uk/,Sawbridgeworth,CM21 0BL,East of England,no
139159,919,Hertfordshire,Mandeville Primary School,www.mandeville.herts.sch.uk,St Albans,AL1 2LE,East of England,no
144960,919,Hertfordshire,Manor Fields Primary School,www.manorfields.herts.sch.uk,Bishop's Stortford,CM23 4LE,East of England,no
117266,919,Hertfordshire,Maple Cross Junior Mixed Infant and Nursery School,http://www.maplecross.herts.sch.uk/,Rickmansworth,WD3 9SS,East of England,no
117188,919,Hertfordshire,Margaret Wix Primary School,www.margaretwix.herts.sch.uk/,St Albans,AL3 6EL,East of England,no
117534,919,Hertfordshire,Marriotts School,http://marriotts.herts.sch.uk/,Stevenage,SG2 8UT,East of England,no
149330,919,Hertfordshire,Martins Wood Primary School,https://www.martinswood.herts.sch.uk/,Stevenage,SG1 5RT,East of England,no
117329,919,Hertfordshire,Mary Exton Primary School,http://www.maryexton.herts.sch.uk/,Hitchin,SG4 0QA,East of England,no
117691,919,Hertfordshire,Meadow Wood School,,Bushey,WD23 4NN,East of England,no
117090,919,Hertfordshire,Merry Hill Infant School and Nursery,www.merryhill.org.uk,Bushey,WD23 1ST,East of England,no
145351,919,Hertfordshire,Meryfield Primary School,www.meryfield.herts.sch.uk,Borehamwood,WD6 4PA,East of England,no
117231,919,Hertfordshire,Micklem Primary School,www.micklem.herts.sch.uk/,Hemel Hempstead,HP1 2QH,East of England,no
117379,919,Hertfordshire,Millbrook School,www.millbrook.herts.sch.uk/,Waltham Cross,EN8 9BX,East of England,no
117309,919,Hertfordshire,Millfield First and Nursery School,http://www.millfield.herts.sch.uk/,Buntingford,SG9 9DT,East of England,no
138632,919,Hertfordshire,Monk's Walk School,http://www.monkswalk.herts.sch.uk/,Welwyn Garden City,AL8 7NL,East of England,no
117219,919,Hertfordshire,Monksmead School,http://www.monksmead.herts.sch.uk/,Borehamwood,WD6 1HL,East of England,no
117269,919,Hertfordshire,Moss Bury Primary School and Nursery,www.mossbury.herts.sch.uk/,Stevenage,SG1 5PA,East of England,no
137224,919,Hertfordshire,Mount Grace School,http://www.mountgrace.org.uk/,Potters Bar,EN6 1EZ,East of England,no
145969,919,Hertfordshire,Mount Pleasant Lane Primary School,http://www.mountpleasant.herts.sch.uk,St Albans,AL2 3XA,East of England,no
133975,919,Hertfordshire,Muriel Green Nursery School,https://www.murielgreen.herts.sch.uk/,St Albans,AL3 5JB,East of England,no
117303,919,Hertfordshire,Newberries Primary School,www.newberries.herts.sch.uk/,Radlett,WD7 7EL,East of England,no
137938,919,Hertfordshire,Nicholas Breakspear Catholic School,http://www.nbs.herts.sch.co.uk/,St Albans,AL4 0TT,East of England,no
130344,919,Hertfordshire,North Herts Education Support Centre,http://www.northhertsesc.herts.sch.uk/,Letchworth Garden City,SG6 3LY,East of England,no
117569,919,Hertfordshire,Northaw Church of England Primary School,www.northawschool.org/,Potters Bar,EN6 4PB,East of England,no
117223,919,Hertfordshire,Northfields Infants and Nursery School,http://www.northfields.herts.sch.uk,Letchworth Garden City,SG6 4PT,East of England,no
138539,919,Hertfordshire,Northgate Primary School,http://www.northgate.herts.sch.uk/,Bishop's Stortford,CM23 2RL,East of England,no
135223,919,Hertfordshire,Oak View Primary and Nursery School,www.oakview.herts.sch.uk/,Hatfield,AL10 8NW,East of England,no
117261,919,Hertfordshire,Oaklands Primary School,http://www.oaklands.herts.sch.uk,Welwyn,AL6 0PX,East of England,no
151385,919,Hertfordshire,Oakleaf Primary,,Hemel Hempstead,HP1 2JU,East of England,no
117222,919,Hertfordshire,Oakwood Primary School,http://www.oakwood.herts.sch.uk/,St Albans,AL4 0XA,East of England,no
147535,919,Hertfordshire,Onslow St Audrey's School,www.onslow.herts.sch.uk,Hatfield,AL10 8AB,East of England,no
133323,919,Hertfordshire,Oughton Primary and Nursery School,www.oughton.herts.sch.uk,Hitchin,SG5 2NZ,East of England,no
138322,919,Hertfordshire,Our Lady Catholic Primary School,http://www.ourladys.herts.sch.uk/,Hitchin,SG5 1XT,East of England,no
117077,919,Hertfordshire,Oxhey Nursery School,www.oeyc.herts.sch.uk,Watford,WD19 4RL,East of England,no
144906,919,Hertfordshire,Oxhey Wood Primary School,www.oxheywood.herts.sch.uk,Watford,WD19 7SL,East of England,no
117162,919,Hertfordshire,Parkgate Junior School,www.parkgatejm.herts.sch.uk/,Watford,WD24 7DN,East of England,no
136899,919,Hertfordshire,Parmiter's School,http://www.parmiters.herts.sch.uk,Watford,WD25 0UU,East of England,no
148989,919,Hertfordshire,Peartree Primary School,https://peartreeprimary.org/,Welwyn Garden City,AL7 3XW,East of England,no
117206,919,Hertfordshire,Peartree Spring Primary School,www.peartreespring.herts.sch.uk,Stevenage,SG2 9GG,East of England,no
117080,919,Hertfordshire,Peartree Way Nursery School,www.peartreeway.herts.sch.uk,Stevenage,SG2 9EA,East of England,no
141251,919,Hertfordshire,Pinewood School,https://www.pinewood.herts.sch.uk,Ware,SG12 9PB,East of England,no
117128,919,Hertfordshire,Pirton School,www.pirtonschool.org.uk/,Hitchin,SG5 3PS,East of England,no
117256,919,Hertfordshire,Pixies Hill Primary School,www.pixieshill.herts.sch.uk/,Hemel Hempstead,HP1 2BY,East of England,no
117259,919,Hertfordshire,Pixmore Junior School,http://www.pixmore.herts.sch.uk/,Letchworth,SG6 1RS,East of England,no
117396,919,Hertfordshire,Ponsbourne St Mary's Church of England Primary School,http://www.ponsbourne.herts.sch.uk/,Hertford,SG13 8RA,East of England,no
137985,919,Hertfordshire,Presdales School,http://www.presdales.herts.sch.uk/,Ware,SG12 9NX,East of England,no
117403,919,Hertfordshire,Preston Primary School,http://www.prestonjmi.herts.sch.uk/,Hitchin,SG4 7UJ,East of England,no
117271,919,Hertfordshire,Priors Wood Primary School,www.priorswood.herts.sch.uk,Ware,SG12 7HZ,East of England,no
117224,919,Hertfordshire,Purwell Primary School,http://www.purwell.herts.sch.uk,Hitchin,SG4 0PU,East of England,no
136877,919,Hertfordshire,Queens' School,http://www.queens.herts.sch.uk,Bushey,WD23 2TY,East of England,no
140249,919,Hertfordshire,Ralph Sadleir School,http://ralphsadleir.herts.sch.uk/,Ware,SG11 1TF,East of England,no
117236,919,Hertfordshire,Redbourn Primary School,http://www.redbournprimary.co.uk/,St Albans,AL3 7EX,East of England,no
117129,919,Hertfordshire,Reed First School,www.reed.herts.sch.uk/,Royston,SG8 8AB,East of England,no
139873,919,Hertfordshire,Richard Hale School,http://www.richardhale.herts.sch.uk/,Hertford,SG13 8EN,East of England,no
151078,919,Hertfordshire,Richard Whittington Primary School,www.whittington.herts.sch.uk,Bishop's Stortford,CM23 3NP,East of England,no
117304,919,Hertfordshire,Rickmansworth Park Junior Mixed and Infant School,http://www.rickmansworthpark.herts.sch.uk,Rickmansworth,WD3 1HU,East of England,no
136606,919,Hertfordshire,Rickmansworth School,http://www.rickmansworth.herts.sch.uk/,Rickmansworth,WD3 3AQ,East of England,no
146305,919,Hertfordshire,Ridgeway Academy,https://ridgeway.herts.sch.uk/,Welwyn Garden City,AL7 2AF,East of England,no
135890,919,Hertfordshire,Rivers Education Support Centre,www.riversesc.herts.sch.uk,Hoddesdon,EN11 0AA,East of England,no
143131,919,Hertfordshire,Robert Barclay Academy,www.robertbarclayacademy.co.uk,Hoddesdon,EN11 8JY,East of England,no
144419,919,Hertfordshire,Roebuck Academy,http://www.roebuck.herts.sch.uk,Stevenage,SG2 8RG,East of England,no
148363,919,Hertfordshire,Roman Fields Academy,http://www.romanfields.herts.sch.uk,Hemel Hempstead,HP3 0DF,East of England,no
147008,919,Hertfordshire,Roman Way Academy,www.romanway.herts.sch.uk,Royston,SG8 5EQ,East of England,no
143409,919,Hertfordshire,Roselands Primary School,http://www.roselands.herts.sch.uk/,Hoddesdon,EN11 9AR,East of England,no
149206,919,Hertfordshire,Round Diamond Primary School,http://rounddiamondprimary.net,Stevenage,SG1 6NH,East of England,no
136973,919,Hertfordshire,Roundwood Park School,http://www.roundwoodpark.co.uk/,Harpenden,AL5 3AE,East of England,no
117211,919,Hertfordshire,Roundwood Primary School,www.roundwoodprimary.herts.sch.uk/,Harpenden,AL5 3AD,East of England,no
117072,919,Hertfordshire,Rye Park Nursery School,http://www.ryepark.herts.sch.uk/,Hoddesden,EN11 0LN,East of England,no
148498,919,Hertfordshire,Sacred Heart Catholic Primary School,http://www.sacredheart312.herts.sch.uk/,Ware,SG12 9HY,East of England,no
117195,919,Hertfordshire,Saffron Green Primary School,www.saffrongreen.herts.sch.uk/,Borehamwood,WD6 2PP,East of England,no
149741,919,Hertfordshire,"Saint Albert the Great Catholic Primary School, a Voluntary Academy",http://www.albertthegreat.herts.sch.uk/,Hemel Hempstead,HP3 8DW,East of England,no
150621,919,Hertfordshire,Saint Bernadette Voluntary Catholic Primary Academy,http://www.stbernadette.herts.sch.uk,St Albans,AL2 1NL,East of England,no
137914,919,Hertfordshire,Saint Joan of Arc Catholic School,http://www.joa.herts.sch.uk/,Rickmansworth,WD3 1HG,East of England,no
137922,919,Hertfordshire,Saint Michael's Catholic High School,www.stmichaelscatholichighschool.co.uk,Watford,WD25 0SS,East of England,no
117337,919,Hertfordshire,Samuel Lucas Junior Mixed and Infant School,http://www.samlucas.herts.sch.uk/,Hitchin,SG5 2JQ,East of England,no
138582,919,Hertfordshire,Samuel Ryder Academy,www.samuelryderacademy.co.uk,St Albans,AL1 5AR,East of England,no
136609,919,Hertfordshire,Sandringham School,http://www.sandringham.herts.sch.uk/,St Albans,AL4 9NX,East of England,no
146723,919,Hertfordshire,Sarratt Church of England Primary School,www.sarratt.herts.sch.uk,Rickmansworth,WD3 6AS,East of England,no
135084,919,Hertfordshire,Shephalbury Park Primary School,www.shephalburypark.herts.sch.uk,Stevenage,SG2 8AX,East of England,no
117096,919,Hertfordshire,Shepherd Primary,http://www.shepherd.herts.sch.uk/,Rickmansworth,WD3 8JJ,East of England,no
140294,919,Hertfordshire,Simon Balle All-Through School,http://www.simonballe.herts.sch.uk/,Hertford,SG13 8AJ,East of England,no
137270,919,Hertfordshire,Sir John Lawes School,http://www.sjl.herts.sch.uk,Harpenden,AL5 4QP,East of England,no
148875,919,Hertfordshire,Skyswood Primary & Nursery School,www.skyswood.herts.sch.uk,St Albans,AL4 9RS,East of England,no
130362,919,Hertfordshire,Southfield School,www.southfield.herts.sch.uk,Hatfield,AL10 8NN,East of England,no
117405,919,Hertfordshire,Spellbrook CofE Primary School,www.spellbrook.herts.sch.uk/,Bishop's Stortford,CM23 4BA,East of England,no
145409,919,Hertfordshire,Springmead Primary School,www.springmead.herts.sch.uk,Welwyn Garden City,AL7 2HB,East of England,no
117470,919,Hertfordshire,St Adrian Roman Catholic Primary School,http://www.stadrians.herts.sch.uk,St Albans,AL1 2PB,East of England,no
137339,919,Hertfordshire,St Albans Girls' School,http://www.stags.herts.sch.uk,St Albans,AL3 6DB,East of England,no
117495,919,Hertfordshire,St Anthony's Catholic Primary School,http://www.stanthonys.herts.sch.uk,Watford,WD18 6BW,East of England,no
148494,919,Hertfordshire,St Augustine's Catholic Primary School,www.staugustines.herts.sch.uk,Hoddesdon,EN11 8DP,East of England,no
138288,919,Hertfordshire,St Catherine of Siena Catholic Primary School,www.stcatherinescatholicprimaryschool.co.uk/,Watford,WD25 7HP,East of England,no
117410,919,Hertfordshire,St Catherine's Church of England Primary School,http://www.stcatherines.herts.sch.uk,Ware,SG12 0AW,East of England,no
133773,919,Hertfordshire,St Catherine's Hoddesdon CofE Primary School,www.stcaths.herts.sch.uk,Hoddesdon,EN11 8HT,East of England,no
136901,919,Hertfordshire,St Clement Danes School,http://www.stclementdanes.org.uk/,Rickmansworth,WD3 6EW,East of England,no
148496,919,Hertfordshire,St Cross Catholic Primary School,https://www.stcross.herts.sch.uk/,Hoddesdon,EN11 8BN,East of England,no
150619,919,Hertfordshire,St Cuthbert Mayne Voluntary Catholic Junior Academy,http://www.cuthbertmayne.herts.sch.uk/,Hemel Hempstead,HP1 3EA,East of England,no
138356,919,Hertfordshire,St George's School,http://www.stgeorges.herts.sch.uk,Harpenden,AL5 4TD,East of England,no
117440,919,Hertfordshire,St Ippolyts Church of England Aided Primary School,www.stipps.herts.sch.uk/,Hitchin,SG4 7PB,East of England,no
146859,919,Hertfordshire,St John Catholic Primary School,http://www.stjohns705.herts.sch.uk,Rickmansworth,WD3 7HG,East of England,no
148990,919,Hertfordshire,"St John Fisher Catholic Primary School, a Voluntary Academy",http://www.sjfisher.herts.sch.uk/,St Albans,AL4 9RW,East of England,no
138316,919,Hertfordshire,St John Roman Catholic Primary School,www.stjohns4.herts.sch.uk/,Baldock,SG7 6TT,East of England,no
117432,919,Hertfordshire,St John the Baptist Voluntary Aided Church of England Primary School,http://www.sjbaptist.herts.sch.uk/,Ware,SG12 9SE,East of England,no
147818,919,Hertfordshire,St John's Church of England Infant and Nursery School,http://www.stjohnsradlett.herts.sch.uk/,Radlett,WD7 8DD,East of England,no
117460,919,Hertfordshire,St John's CofE Primary School,https://www.digswell.herts.sch.uk,Welwyn,AL6 0BX,East of England,no
148493,919,Hertfordshire,St Joseph's Catholic Primary School (Hertford),http://www.stjosephs255.herts.sch.uk/,Hertford,SG14 2BU,East of England,no
148492,919,Hertfordshire,St Joseph's Catholic Primary School (Wx),https://www.stjosephsherts.uk/,Waltham Cross,EN8 7EN,East of England,no
148491,919,Hertfordshire,St Joseph's Catholic Primary School B/S,http://www.stjosephs207.herts.sch.uk,Bishop's Stortford,CM23 2NL,East of England,no
138292,919,Hertfordshire,St Mary Roman Catholic Primary School,https://www.stmarysroyston.co.uk/,Royston,SG8 7DB,East of England,no
148499,919,Hertfordshire,St Mary's Catholic School,http://www.stmarys.net,Bishop's Stortford,CM23 2NQ,East of England,no
138360,919,Hertfordshire,St Mary's Church of England High School (VA),http://www.st-maryshigh.herts.sch.uk,Waltham Cross,EN7 5FB,East of England,no
117497,919,Hertfordshire,"St Mary's Church of England VA Primary School, Welham Green",http://www.stmarys565.herts.sch.uk,Hatfield,AL9 7NE,East of England,no
117384,919,Hertfordshire,St Mary's Infants' School,www.stmarysinfants.herts.sch.uk/,Baldock,SG7 6HY,East of England,no
150576,919,Hertfordshire,St Mary's Rickmansworth CofE Primary School,http://www.stmarys698.herts.sch.uk,Rickmansworth,WD3 1NY,East of England,no
117409,919,Hertfordshire,St Mary's Voluntary Controlled Church of England Junior School,http://www.stmarys306.herts.sch.uk,Ware,SG12 0RL,East of England,no
117166,919,Hertfordshire,St Meryl School,www.stmeryl.herts.sch.uk/,Watford,WD19 5BT,East of England,no
117426,919,Hertfordshire,St Michael's Church of England Primary School,http://www.stmichaelsjmi.herts.sch.uk/,Bishop's Stortford,CM23 3SN,East of England,no
117451,919,Hertfordshire,"St Michael's Church of England Voluntary Aided Primary School, St Albans",http://www.stmichaelsprimaryherts.co.uk/,St Albans,AL3 4SJ,East of England,no
117456,919,Hertfordshire,St Nicholas CofE (VA) Primary School and Nursery,http://www.stnicholas120.herts.sch.uk/,Stevenage,SG2 0PZ,East of England,no
117492,919,Hertfordshire,St Paul's Catholic Primary School,http://stpauls.herts.dbprimary.com,Cheshunt,EN7 6LR,East of England,no
117140,919,Hertfordshire,St Peter's School,www.stpeters.herts.sch.uk/,St Albans,AL1 1HL,East of England,no
150799,919,Hertfordshire,St Rose's Catholic Infant School,http://www.stroses.herts.sch.uk,Hemel Hempstead,HP1 1QW,East of England,no
138354,919,Hertfordshire,St Thomas More Roman Catholic Primary School,http://www.stmletchworth.co.uk,Letchworth Garden City,SG6 3QB,East of England,no
149742,919,Hertfordshire,"St Thomas More Roman Catholic Primary School, a Voluntary Academy",http://www.stmore.herts.sch.uk/,Berkhamsted,HP4 3LF,East of England,no
148495,919,Hertfordshire,St Thomas of Canterbury Catholic Primary School,www.stcanterbury.herts.sch.uk/,Ware,SG11 1RZ,East of England,no
137847,919,Hertfordshire,Stanborough School,http://www.stanborough.herts.sch.uk/,Welwyn Garden City,AL8 6YR,East of England,no
117455,919,Hertfordshire,Stapleford Primary School,http://www.stapleford.herts.sch.uk/,Hertford,SG14 3NB,East of England,no
130359,919,Hertfordshire,Stevenage Education Support Centre,http://www.stevenage-esc.herts.sch.uk,Stevenage,SG2 9HQ,East of England,no
117331,919,Hertfordshire,Studlands Rise First School,http://www.studlandsrise.herts.sch.uk,Royston,SG8 9HB,East of England,no
137351,919,Hertfordshire,Summercroft Primary School,www.summercroft.herts.sch.uk/,Bishop's Stortford,CM23 5BJ,East of England,no
117182,919,Hertfordshire,Summerswood Primary School,http://www.summerswood.herts.sch.uk/,Borehamwood,WD6 2DW,East of England,no
117260,919,Hertfordshire,Swing Gate Infant School and Nursery,http://www.swinggate.herts.sch.uk,Berkhamsted,HP4 2LJ,East of England,no
117178,919,Hertfordshire,Tanners Wood Junior Mixed and Infant School,http://www.tannerswood.herts.sch.uk/,Abbots Langley,WD5 0LG,East of England,no
117174,919,Hertfordshire,Templewood Primary School,http://www.templewood.herts.sch.uk,Welwyn Garden City,AL8 7SD,East of England,no
117078,919,Hertfordshire,Tenterfield Nursery School,www.tenterfield.herts.sch.uk,Welwyn,AL6 9JF,East of England,no
117457,919,Hertfordshire,Tewin Cowper Church of England Voluntary Aided Primary School,http://www.tewincowper.herts.sch.uk,Welwyn,AL6 0JU,East of England,no
145430,919,Hertfordshire,The Adeyfield Academy,http://www.adeyfieldschool.org,Hemel Hempstead,HP2 4DE,East of England,no
117552,919,Hertfordshire,The Astley Cooper School,http://www.astleycooper.herts.sch.uk,Hemel Hempstead,HP2 7HL,East of England,no
136396,919,Hertfordshire,The Broxbourne School,http://www.broxbourne.herts.sch.uk,Broxbourne,EN10 7FU,East of England,no
137090,919,Hertfordshire,The Chauncy School,http://chauncyschool.com/,Ware,SG12 0DP,East of England,no
143410,919,Hertfordshire,The Cranbourne Primary School,www.cranbourne.herts.sch.uk/,Hoddesdon,EN11 9PP,East of England,no
117316,919,Hertfordshire,The Giles Infant and Nursery School,www.gilesnurseryandinfants.co.uk,Stevenage,SG1 4JQ,East of England,no
144904,919,Hertfordshire,The Grange Academy,http://www.grange.herts.sch.uk/,Letchworth Garden City,SG6 4PY,East of England,no
147785,919,Hertfordshire,The Grange Academy,https://www.thegrange.futureacademies.org,Bushey,WD23 3AA,East of England,no
138507,919,Hertfordshire,The Grove Academy,www.thegroveacademy.org.uk,Watford,WD25 9RH,East of England,no
117258,919,Hertfordshire,The Grove Junior School,http://www.thegrovejunior.co.uk/,Harpenden,AL5 1QB,East of England,no
149500,919,Hertfordshire,The Hemel Hempstead School,http://www.hhs.herts.sch.uk/,Hemel Hempstead,HP1 1TX,East of England,no
140786,919,Hertfordshire,The Hertfordshire & Essex High School and Science College,http://www.hertsandessex.herts.sch.uk/,Bishop's Stortford,CM23 5NJ,East of England,no
150217,919,Hertfordshire,The Highfield School,http://www.highfield.herts.sch.uk,Letchworth Garden City,SG6 3QA,East of England,no
150656,919,Hertfordshire,The John Warner School,https://www.johnwarner.herts.sch.uk/,Hoddesdon,EN11 0QF,East of England,no
136608,919,Hertfordshire,The Knights Templar School,https://kts.school/,Baldock,SG7 6DZ,East of England,no
138042,919,Hertfordshire,The Marlborough Science Academy,http://www.themarlboroughscienceacademy.co.uk/,St Albans,AL1 2QA,East of England,no
145352,919,Hertfordshire,The Orchard Primary School,http://www.orchard.herts.sch.uk/,Watford,WD24 5JW,East of England,no
139662,919,Hertfordshire,The Reach Free School,http://www.reachfreeschool.co.uk/,Rickmansworth,WD3 8AB,East of England,no
117234,919,Hertfordshire,The Reddings Primary School,http://www.reddings.herts.sch.uk/,Hemel Hempstead,HP3 8DX,East of England,no
117098,919,Hertfordshire,The Russell School,http://www.russell.herts.sch.uk,Rickmansworth,WD3 5RR,East of England,no
137895,919,Hertfordshire,The Saint John Henry Newman Catholic School,http://www.jhn.herts.sch.uk,Stevenage,SG1 4AE,East of England,no
138484,919,Hertfordshire,The Sele School,http://www.sele.herts.sch.uk,Hertford,SG14 2DG,East of England,no
140037,919,Hertfordshire,The Thomas Alleyne Academy,http://www.tas.herts.sch.uk/,Stevenage,SG1 3BE,East of England,no
138215,919,Hertfordshire,The Wroxham School,www.thewroxham.org.uk,Potters Bar,EN6 3DJ,East of England,no
117153,919,Hertfordshire,Therfield First School,http://www.therfield.herts.sch.uk,Royston,SG8 9PP,East of England,no
117230,919,Hertfordshire,Thorley Hill Primary School,http://thorleyhill.herts.sch.uk/,Bishop's Stortford,CM23 3NH,East of England,no
117408,919,Hertfordshire,Thundridge Church of England Primary School,http://www.thundridge.herts.sch.uk,Herts,SG12 0SY,East of England,no
138352,919,Hertfordshire,Tring School,http://tring.herts.sch.uk/,Tring,HP23 5JD,East of England,no
117108,919,Hertfordshire,Two Waters Primary School,http://www.twowaters.herts.sch.uk,Hemel Hempstead,HP3 0AU,East of England,no
137038,919,Hertfordshire,Verulam School,http://www.verulamschool.co.uk/,St Albans,AL1 4PR,East of England,no
144905,919,Hertfordshire,Warren Dell Primary School,www.warrendellprimary.co.uk/,Watford,WD19 7UZ,East of England,no
149333,919,Hertfordshire,Watchlytes Primary School,watchlytesprimary.org,Welwyn Garden City,AL7 2AZ,East of England,no
145257,919,Hertfordshire,Waterside Academy,http://www.waterside.herts.sch.uk,Welwyn Garden City,AL7 1NZ,East of England,no
136276,919,Hertfordshire,Watford Grammar School for Boys,http://www.watfordboys.org,Watford,WD18 7JF,East of England,no
136289,919,Hertfordshire,Watford Grammar School for Girls,http://www.watfordgrammarschoolforgirls.org.uk/,Watford,WD18 0AE,East of England,no
142221,919,Hertfordshire,Watford St John's Church of England Primary School,https://watfordstjohns.org,Watford,WD17 1JJ,East of England,no
117171,919,Hertfordshire,Watton-at-Stone Primary and Nursery School,www.wattonatstone.schooljotter2.com/,Hertford,SG14 3SG,East of England,no
140049,919,Hertfordshire,Westfield Academy,www.westfield.herts.sch.uk,Watford,WD18 6NS,East of England,no
117270,919,Hertfordshire,Westfield Community Primary School,http://www.westfieldjm.herts.sch.uk,Hoddesdon,EN11 8RA,East of England,no
117254,919,Hertfordshire,Westfield Primary School,www.westfieldprimary.herts.sch.uk,Berkhamsted,HP4 3PJ,East of England,no
117328,919,Hertfordshire,Wheatcroft Primary School,www.wheatcroft.herts.sch.uk,Hertford,SG13 7HQ,East of England,no
146893,919,Hertfordshire,Wheatfields Infants' and Nursery School,http://www.wheatfieldsinfants.herts.sch.uk/,St. Albans,AL4 9NT,East of England,no
146878,919,Hertfordshire,Wheatfields Junior Mixed School,http://www.wheatfieldsjm.herts.sch.uk,St Albans,AL4 9NT,East of England,no
117253,919,Hertfordshire,Whitehill Junior School,http://www.whitehill.herts.sch.uk/,Hitchin,SG4 9HT,East of England,no
117176,919,Hertfordshire,Widford School,http://www.widford.herts.sch.uk,Widford Herts,SG12 8RE,East of England,no
144903,919,Hertfordshire,Wilbury Junior School,http://www.wilbury.herts.sch.uk/,Letchworth Garden City,SG6 4DU,East of England,no
140611,919,Hertfordshire,Wilshere-Dacre Junior Academy,www.wilshere.herts.sch.uk/,Hitchin,SG5 1NS,East of England,no
117217,919,Hertfordshire,Windermere Primary School,http://www.windermere.herts.sch.uk,St. Albans,AL1 5QP,East of England,no
141851,919,Hertfordshire,Windhill21,www.windhill.herts.sch.uk,Bishop's Stortford,CM23 2NE,East of England,no
117194,919,Hertfordshire,Woodhall Primary School,http://www.woodhall.herts.sch.uk,Watford,WD19 6QX,East of England,no
117181,919,Hertfordshire,Woodlands Primary School,http://www.woodlands.herts.sch.uk/,Borehamwood,WD6 5JF,East of England,no
147879,919,Hertfordshire,Woodside Primary School,http://www.woodside.herts.sch.uk/,Waltham Cross,EN7 5JS,East of England,no
117323,919,Hertfordshire,Woolenwick Infant and Nursery School,http://www.woolenwickinfants.herts.sch.uk/,Stevenage,SG1 2NU,East of England,no
117322,919,Hertfordshire,Woolenwick Junior School,http://www.woolenwickjm.herts.sch.uk,Stevenage,SG1 2NU,East of England,no
137997,919,Hertfordshire,"Woolgrove School, Special Needs Academy",http://www.woolgrove.herts.sch.uk,Letchworth Garden City,SG6 2PT,East of England,no
117177,919,Hertfordshire,Wymondley Junior Mixed and Infant School,www.wymondley.herts.sch.uk/,Hitchin,SG4 7HN,East of England,no
136922,919,Hertfordshire,Yavneh College,http://www.yavnehcollege.org/,Borehamwood,WD6 1HL,East of England,no
142862,919,Hertfordshire,Yavneh Primary School,www.yavnehprimary.org,Borehamwood,WD6 1HL,East of England,no
135222,919,Hertfordshire,Yewtree Primary School,www.yewtree.herts.sch.uk/,Hemel Hempstead,HP2 5QR,East of England,no
117071,919,Hertfordshire,York Road Nursery School,,Hitchin,SG5 1XA,East of England,no
117130,919,Hertfordshire,Yorke Mead Primary School,http://www.yorkemead.herts.sch.uk/,Rickmansworth,WD3 3PX,East of England,no
117141,919,Hertfordshire,Aboyne Lodge Junior Mixed and Infant School,http://www.aboyne.herts.sch.uk/,St Albans,AL3 5NL,East of England,yes
117419,919,Hertfordshire,Albury Church of England Voluntary Aided Primary School,www.alburyandpullerschools.co.uk,Albury,SG11 2JQ,East of England,yes
117382,919,Hertfordshire,Aldbury Church of England Primary and Nursery School,www.aldbury.herts.sch.uk/,Tring,HP23 5RT,East of England,yes
117472,919,Hertfordshire,"All Saints Church of England Primary School and Nursery, Bishop's Stortford",http://www.allsaints.herts.sch.uk/,Bishop's Stortford,CM23 5BE,East of England,yes
117430,919,Hertfordshire,"All Saints Church of England Voluntary Aided Primary School, Datchworth",www.datchworth.herts.sch.uk/,Knebworth,SG3 6RE,East of England,yes
117684,919,Hertfordshire,Amwell View School,http://www.amwell.herts.sch.uk/,Ware,SG12 8EH,East of England,yes
117420,919,Hertfordshire,Ardeley St Lawrence Church of England Voluntary Aided Primary School,http://www.ardeley.herts.sch.uk/,Stevenage,SG2 7AJ,East of England,yes
117391,919,Hertfordshire,Ashfield Junior School,www.ashfield.herts.sch.uk/,Bushey,WD23 1SR,East of England,yes
117578,919,Hertfordshire,Ashlyns School,http://www.ashlyns.herts.sch.uk/,Berkhamsted,HP4 3AH,East of England,yes
117335,919,Hertfordshire,Aycliffe Drive Primary School,http://www.aycliffedrive.herts.sch.uk/,Hemel Hempstead,HP2 6LJ,East of England,yes
117518,919,Hertfordshire,Barnwell School,http://www.barnwellschool.co.uk/,Stevenage,SG2 9SW,East of England,yes
117068,919,Hertfordshire,Batford Nursery School,www.batfordnursery.herts.sch.uk,Harpenden,AL5 5BQ,East of England,yes
117387,919,Hertfordshire,Bayford Church of England Voluntary Controlled Primary School,https://bayford.herts.sch.uk,Hertford,SG13 8PX,East of England,yes
117365,919,Hertfordshire,Belswains Primary School,www.belswains.herts.sch.uk/,Hemel Hempstead,HP3 9QJ,East of England,yes
117361,919,Hertfordshire,Bengeo Primary School,http://www.bengeo.herts.sch.uk/,Hertford,SG14 3DX,East of England,yes
117389,919,Hertfordshire,Benington Church of England Primary School,http://www.benington.herts.sch.uk/,Stevenage,SG2 7LP,East of England,yes
117069,919,Hertfordshire,Birchwood Nursery School,www.birchwoodnursery.herts.sch.uk,Hatfield,AL10 0PD,East of England,yes
117458,919,Hertfordshire,"Bishop Wood Church of England Junior School, Tring",www.bishopwood.herts.sch.uk/,Tring,HP23 5AU,East of England,yes
117296,919,Hertfordshire,Bournehall Primary School,www.bournehallprimaryschool.co.uk/,Bushey,WD23 3AX,East of England,yes
117119,919,Hertfordshire,Breachwood Green Junior Mixed and Infant School,http://www.breachwoodgreen.herts.sch.uk,Hitchin,SG4 8NP,East of England,yes
117681,919,Hertfordshire,Breakspeare School,http://www.breakspeare.herts.sch.uk/,Abbots Langley,WD5 0BU,East of England,yes
117349,919,Hertfordshire,Brockswood Primary School,www.brockswood.herts.sch.uk,Hemel Hempstead,HP2 7QH,East of England,yes
117570,919,Hertfordshire,Brookmans Park Primary School,http://www.brookmanspark.herts.sch.uk/,Hatfield,AL9 7QY,East of England,yes
117437,919,Hertfordshire,Broxbourne CofE Primary School,http://www.broxbourne-pri.herts.sch.uk,Broxbourne,EN10 7AY,East of England,yes
117367,919,Hertfordshire,Burleigh Primary School,www.burleighschool.co.uk/,Waltham Cross,EN8 9DP,East of England,yes
117156,919,Hertfordshire,Central Primary School,www.central.herts.sch.uk,Watford,WD17 2LX,East of England,yes
117158,919,Hertfordshire,Chater Junior School,http://www.chaterjm.herts.sch.uk/,Watford,WD18 0WN,East of England,yes
117473,919,Hertfordshire,Christ Church CofE (VA) Primary School and Nursery,http://www.christchurch.herts.sch.uk,Ware,SG12 7BT,East of England,yes
117446,919,Hertfordshire,Cockernhoe Endowed CofE Primary School,https://www.cockernhoe.herts.sch.uk/,Luton,LU2 8PY,East of England,yes
117392,919,Hertfordshire,Codicote Church of England Primary School,http://www.codicote.herts.sch.uk/,Hitchin,SG4 8YL,East of England,yes
117670,919,Hertfordshire,Colnbrook School,www.colnbrook.herts.sch.uk,Watford,WD19 7UY,East of England,yes
117378,919,Hertfordshire,Commonswood Primary & Nursery School,http://www.commonswood.herts.sch.uk/,WELWYN GARDEN CITY,AL7 4RU,East of England,yes
117369,919,Hertfordshire,Cranborne Primary School,http://www.cranborne.herts.sch.uk/,Potters Bar,EN6 2BA,East of England,yes
117565,919,Hertfordshire,Cuffley School,www.cuffleyschool.org/,Potters Bar,EN6 4HN,East of England,yes
117415,919,Hertfordshire,Dewhurst St Mary CofE Primary School,http://www.dewhurst.herts.sch.uk/,Waltham Cross,EN8 9ND,East of England,yes
117554,919,Hertfordshire,Edwinstree Church of England Middle School,http://www.edwinstree.herts.sch.uk/,Buntingford,SG9 9AW,East of England,yes
117393,919,Hertfordshire,Essendon CofE (VC) Primary School,http://www.essendon.herts.sch.uk,Essendon,AL9 6HD,East of England,yes
117149,919,Hertfordshire,Fawbert and Barnard Infants' School,http://www.fandb.herts.sch.uk,Sawbridgeworth,CM21 9AT,East of England,yes
117504,919,Hertfordshire,Fearnhill School,http://www.fearnhill.herts.sch.uk/,Letchworth,SG6 4BA,East of England,yes
117160,919,Hertfordshire,Field Junior School,http://www.fieldjm.herts.sch.uk/,Watford,WD18 0AZ,East of England,yes
117394,919,Hertfordshire,Furneux Pelham Church of England School,http://www.furneuxp.herts.sch.uk/,Furneux Pelham,SG9 0LH,East of England,yes
135876,919,Hertfordshire,Future Academies Watford,www.watford.futureacademies.org,Watford,WD25 7HW,East of England,yes
135224,919,Hertfordshire,Galley Hill Primary School and Nursery,www.galleyhill.herts.sch.uk/,Hemel Hempstead,HP1 3JY,East of England,yes
117667,919,Hertfordshire,Garston Manor School,http://www.garstonmanor.herts.sch.uk/,Watford,WD25 7HR,East of England,yes
117306,919,Hertfordshire,Giles Junior School,http://www.gilesjm.herts.sch.uk,Stevenage,SG1 4JQ,East of England,yes
117433,919,Hertfordshire,Great Gaddesden Church of England Primary School,www.greatgaddesden.herts.sch.uk/,Hemel Hempstead,HP1 3BT,East of England,yes
117690,919,Hertfordshire,Greenside School,https://www.greenside.herts.sch.uk/,Stevenage,SG2 9XS,East of England,yes
117276,919,Hertfordshire,Greenway Primary and Nursery School,www.greenway.herts.sch.uk/,Berkhamsted,HP4 3NH,East of England,yes
117376,919,Hertfordshire,Hartsfield Junior Mixed and Infant School,http://www.hartsfield.herts.sch.uk/,Baldock,SG7 6PB,East of England,yes
117131,919,Hertfordshire,Harvey Road Primary School,http://www.harveyroad.herts.sch.uk/,Rickmansworth,WD3 3BN,East of England,yes
117685,919,Hertfordshire,Heathlands School,www.heathlands.herts.sch.uk,St Albans,AL3 5AY,East of England,yes
117342,919,Hertfordshire,High Beeches Primary School,http://www.highbeeches.herts.sch.uk/,Harpenden,AL5 5SD,East of England,yes
117398,919,Hertfordshire,High Wych Church of England Primary School,www.highwych.herts.sch.uk/,Sawbridgeworth,CM21 0JB,East of England,yes
117113,919,Hertfordshire,Highbury Infant School and Nursery,www.highbury.herts.sch.uk/,Hitchin,SG4 9AG,East of England,yes
117123,919,Hertfordshire,Hillshott Infant School and Nursery,http://www.hillshott.herts.sch.uk/,Letchworth,SG6 1QE,East of England,yes
117368,919,Hertfordshire,Hobbs Hill Wood Primary School,http://www.hobbshillwood.herts.sch.uk,Hemel Hempstead,HP3 8ER,East of England,yes
117428,919,Hertfordshire,Holy Trinity Church of England Primary School,www.holytrinity.herts.sch.uk/,Waltham Cross,EN8 8LU,East of England,yes
117290,919,Hertfordshire,Holywell Primary School,http://www.holywell.herts.sch.uk,Watford,WD18 6LL,East of England,yes
117401,919,Hertfordshire,Ickleford Primary School,http://www.ickleford.herts.sch.uk/,Hitchin,SG5 3TG,East of England,yes
117278,919,Hertfordshire,Icknield Walk First School,http://www.icknieldwalk.herts.sch.uk/,Royston,SG8 7EZ,East of England,yes
135528,919,Hertfordshire,Killigrew Primary and Nursery School,www.killigrew.herts.sch.uk,St Albans,AL2 3HD,East of England,yes
117118,919,Hertfordshire,Kimpton Primary School,http://www.kimpton.herts.sch.uk,Hitchin,SG4 8RB,East of England,yes
117317,919,Hertfordshire,Kingsway Infants' School,http://www.kingsway.herts.sch.uk,Watford,WD25 0ES,East of England,yes
117168,919,Hertfordshire,Kingsway Junior School,http://www.kingswayjm.herts.sch.uk,Watford,WD25 0JH,East of England,yes
117120,919,Hertfordshire,Knebworth Primary and Nursery School,https://www.knebworthprimaryschool.org.uk/,Knebworth,SG3 6AA,East of England,yes
117680,919,Hertfordshire,Lakeside School,http://www.lakeside.herts.sch.uk/,Welwyn Garden City,AL8 6YN,East of England,yes
117390,919,Hertfordshire,Layston Church of England First School,www.layston.herts.sch.uk/,Buntingford,SG9 9EU,East of England,yes
117324,919,Hertfordshire,Leavesden JMI School,leavesden.herts.sch.uk,Watford,WD25 7QZ,East of England,yes
117333,919,Hertfordshire,Lime Walk Primary School,http://www.limewalk.herts.sch.uk,Hemel Hempstead,HP3 9LN,East of England,yes
117132,919,Hertfordshire,Little Green Junior School,www.littlegreen.herts.sch.uk,Rickmansworth,WD3 3NJ,East of England,yes
117567,919,Hertfordshire,Little Heath Primary School,www.littleheath.herts.sch.uk/,Potters Bar,EN6 1JW,East of England,yes
117146,919,Hertfordshire,London Colney Primary & Nursery School,www.londoncolney.herts.sch.uk,St Albans,AL2 1JG,East of England,yes
117326,919,Hertfordshire,Longlands Primary School and Nursery,http://www.longlands.herts.sch.uk/,Broxbourne,EN10 6AG,East of England,yes
117330,919,Hertfordshire,Lordship Farm Primary School,http://www.lordshipfarm.herts.sch.uk,Letchworth Garden City,SG6 3UF,East of England,yes
117103,919,Hertfordshire,Manland Primary School,http://www.manland.herts.sch.uk,Harpenden,AL5 4QW,East of England,yes
135221,919,Hertfordshire,Maple Grove Primary School,www.maplegrove.herts.sch.uk,Hemel Hempstead,HP2 7BG,East of England,yes
117298,919,Hertfordshire,Maple Primary School,http://www.maple.herts.sch.uk,St Albans,AL1 3SW,East of England,yes
117127,919,Hertfordshire,Markyate Village School and Nursery,http://www.markyate.herts.sch.uk/,St Albans,AL3 8PT,East of England,yes
117676,919,Hertfordshire,Middleton School,http://middleton.herts.sch.uk/,Ware,SG12 9PD,East of England,yes
117297,919,Hertfordshire,Mill Mead Primary School,http://www.millmead.herts.sch.uk,Hertford,SG14 3AA,East of England,yes
117363,919,Hertfordshire,Morgans Primary School & Nursery,http://www.morgans.herts.sch.uk/,Hertford,SG13 8DR,East of England,yes
117374,919,Hertfordshire,Nascot Wood Infant and Nursery School,http://www.nascotwoodinfants.herts.sch.uk/,Watford,WD17 4YT,East of England,yes
117311,919,Hertfordshire,Nascot Wood Junior School,http://www.nascotwoodjm.herts.sch.uk,Watford,WD17 4YS,East of England,yes
117418,919,Hertfordshire,Nash Mills Church of England Primary School,http://www.nashmills.herts.sch.uk/,Hemel Hempstead,HP3 9XB,East of England,yes
117442,919,Hertfordshire,Norton St Nicholas CofE (VA) Primary School,http://www.nortonstnicholas.co.uk,Letchworth Garden City,SG6 1AG,East of England,yes
117371,919,Hertfordshire,Oakmere Primary School,http://www.oakmere.herts.sch.uk,Potters Bar,EN6 5NP,East of England,yes
117445,919,Hertfordshire,Offley Endowed Primary School and Nursery,http://www.offley.herts.sch.uk,Hitchin,SG5 3AT,East of England,yes
117464,919,Hertfordshire,Our Lady Catholic Primary School,http://www.ourladys527.herts.sch.uk,Welwyn Garden City,AL7 3TF,East of England,yes
117294,919,Hertfordshire,Panshanger Primary School,http://www.panshanger.herts.sch.uk,Welwyn Garden City,AL7 1QY,East of England,yes
117452,919,Hertfordshire,Park Street Church of England Voluntary Aided Primary School,www.parkstreetprimary.org.uk/,St Albans,AL2 2LX,East of England,yes
117163,919,Hertfordshire,Parkgate Infants' and Nursery School,http://www.parkgateinfants.herts.sch.uk,Watford,WD24 7RL,East of England,yes
117562,919,Hertfordshire,Parkside Community Primary School,https://parkside.herts.sch.uk/,Borehamwood,WD6 4EP,East of England,yes
117496,919,Hertfordshire,Pope Paul Catholic Primary School,http://www.popepaul.herts.sch.uk,Potters Bar,EN6 2ES,East of England,yes
117414,919,Hertfordshire,Potten End CofE Primary School,http://www.pottenend.herts.sch.uk,Berkhamsted,HP4 2QY,East of England,yes
117315,919,Hertfordshire,Prae Wood Primary School,http://www.praewood.herts.sch.uk/,St Albans,AL3 4HZ,East of England,yes
117453,919,Hertfordshire,"Puller Memorial, Church of England, Voluntary Aided Primary School",http://www.alburyandpullerschools.co.uk/,Ware,SG11 1AZ,East of England,yes
117280,919,Hertfordshire,Reedings Junior School,http://www.reedings.herts.sch.uk,Sawbridgeworth,CM21 9DD,East of England,yes
117406,919,Hertfordshire,Roger De Clare First CofE School,http://www.rogerdeclare.herts.sch.uk/,Ware,SG11 1TF,East of England,yes
117488,919,Hertfordshire,Sacred Heart Catholic Primary School and Nursery,http://www.sacredheart682.herts.sch.uk/,Bushey,WD23 1SU,East of England,yes
117498,919,Hertfordshire,Saint Vincent de Paul Catholic Primary School,http://www.stvincent.herts.sch.uk,Stevenage,SG1 1NJ,East of England,yes
117147,919,Hertfordshire,Sandon Junior Mixed and Infant School,www.sandon.herts.sch.uk/,Nr Buntingford,SG9 0QS,East of England,yes
117148,919,Hertfordshire,Sandridge School,http://www.sandridge.herts.sch.uk,St Albans,AL4 9EB,East of England,yes
117102,919,Hertfordshire,Sauncey Wood Primary School,www.saunceywood.herts.sch.uk,Harpenden,AL5 5HL,East of England,yes
117150,919,Hertfordshire,Shenley Primary School,http://www.shenleyprimary.co.uk/,Radlett,WD7 9DX,East of England,yes
117353,919,Hertfordshire,Sheredes Primary School,www.sheredesprimary.herts.sch.uk/,Hoddesdon,EN11 8LL,East of England,yes
117110,919,Hertfordshire,South Hill Primary School,http://www.southhill.herts.sch.uk,Hemel Hempstead,HP1 1TT,East of England,yes
117491,919,Hertfordshire,St Alban & St Stephen Catholic Primary School & Nursery,http://www.ssas.herts.sch.uk/,St Albans,AL1 5EG,East of England,yes
117444,919,Hertfordshire,St Andrew's CE Primary School and Nursery,http://www.standrews236.herts.sch.uk/,Much Hadham,SG10 6DL,East of England,yes
117467,919,Hertfordshire,"St Andrew's Church of England Voluntary Aided Primary School, Hitchin",http://www.standrews.herts.sch.uk/,Hitchin,SG4 9RD,East of England,yes
117407,919,Hertfordshire,St Andrew's Church of England Voluntary Controlled Primary School,http://www.standrews323.herts.sch.uk,Ware,SG12 8BZ,East of England,yes
117463,919,Hertfordshire,"St Bartholomew's Church of England Voluntary Aided Primary School, Wigginton",www.stbarts.herts.sch.uk/,Tring,HP23 6EP,East of England,yes
117478,919,Hertfordshire,St Dominic Catholic Primary School,http://www.stdominic.herts.sch.uk/,HARPENDEN,AL5 1PF,East of England,yes
117564,919,Hertfordshire,St Giles' CofE Primary School,www.stgiles.herts.sch.uk/,Potters Bar,EN6 3PE,East of England,yes
117462,919,Hertfordshire,St Helen's Church of England Primary School,http://sthelens.herts.sch.uk/,St Albans,AL4 8AN,East of England,yes
117435,919,Hertfordshire,"St John's Voluntary Aided Church of England Primary School, Lemsford",http://www.stjohns561.herts.sch.uk/,Welwyn Garden City,AL8 7TR,East of England,yes
117465,919,Hertfordshire,St Joseph Catholic Primary School,www.stjosephs775.herts.sch.uk/,Watford,WD19 7DW,East of England,yes
117671,919,Hertfordshire,St Luke's School,http://www.stlukes.herts.sch.uk/,St Albans,AL3 7ET,East of England,yes
117474,919,Hertfordshire,St Margaret Clitherow Roman Catholic Primary School,http://www.clitherow.herts.sch.uk,Stevenage,SG2 8QJ,East of England,yes
117424,919,Hertfordshire,"St Mary's CofE Primary School, Northchurch",www.stmarys916.herts.sch.uk/,Berkhamsted,HP4 3QZ,East of England,yes
117385,919,Hertfordshire,St Mary's Junior Mixed School,http://www.st-marysjm-baldock.herts.sch.uk/,Baldock,SG7 6HY,East of England,yes
117461,919,Hertfordshire,St Michael's Woolmer Green CofE VA Primary School,http://www.woolmergreen.herts.sch.uk,Woolmer Green,SG3 6JP,East of England,yes
117434,919,Hertfordshire,St Nicholas CofE VA Primary School,www.stnicholasce.org,Harpenden,AL5 2TP,East of England,yes
117431,919,Hertfordshire,St Nicholas Elstree Church of England VA Primary School,http://www.stnicholas610.herts.sch.uk/,Elstree,WD6 3EW,East of England,yes
117417,919,Hertfordshire,"St Paul's Church of England Primary School, Langleybury",www.stpauls779.herts.sch.uk,Kings Langley,WD4 8RJ,East of England,yes
117441,919,Hertfordshire,"St Paul's Church of England Voluntary Aided Primary School, Chipperfield",www.stpauls909.herts.sch.uk/,Kings Langley,WD4 9BS,East of England,yes
117144,919,Hertfordshire,St Paul's Walden Primary School,http://www.stpaulswalden.herts.sch.uk,Hitchin,SG4 8HX,East of England,yes
117448,919,Hertfordshire,St Peter's Church of England Voluntary Aided Primary School,www.spmillend.herts.sch.uk/,Rickmansworth,WD3 8HD,East of England,yes
117469,919,Hertfordshire,St Philip Howard Catholic Primary School,http://www.sphoward.herts.sch.uk,Hatfield,AL10 8NN,East of England,yes
117466,919,Hertfordshire,St Teresa Catholic Primary School,http://www.stteresas.herts.sch.uk,Borehamwood,WD6 5HL,East of England,yes
117345,919,Hertfordshire,Stonehill School,http://www.stonehill.herts.sch.uk/,Letchworth Garden City,SG6 4SZ,East of England,yes
117114,919,Hertfordshire,Strathmore Infant and Nursery School,http://www.strathmore.herts.sch.uk/,Hitchin,SG5 1XR,East of England,yes
133488,919,Hertfordshire,Swallow Dell Primary and Nursery School,http://www.swallowdell.herts.sch.uk,Welwyn Garden City,AL7 3JP,East of England,yes
117134,919,Hertfordshire,Tannery Drift School,http://www.tannerydrift.herts.sch.uk/,Royston,SG8 5DE,East of England,yes
117449,919,Hertfordshire,"The Abbey Church of England Voluntary Aided Primary School, St Albans",http://www.abbey.herts.sch.uk,St Albans,AL1 1DQ,East of England,yes
117577,919,Hertfordshire,The Bishop's Stortford High School,https://www.tbshs.org/,Bishop's Stortford,CM23 4SH,East of England,yes
117672,919,Hertfordshire,The Collett School,http://www.collett.herts.sch.uk,Hemel Hempstead,HP1 1TQ,East of England,yes
117281,919,Hertfordshire,The Grove Infant and Nursery School,http://www.groveinfants.co.uk,Harpenden,AL5 1QD,East of England,yes
117481,919,Hertfordshire,The Holy Family Catholic Primary School,http://www.holyfamily.herts.sch.uk,Welwyn Garden City,AL7 1PG,East of England,yes
117327,919,Hertfordshire,The Lea Primary School and Nursery,http://www.lea-pri.herts.sch.uk,Harpenden,AL5 4LE,East of England,yes
117364,919,Hertfordshire,The Leys Primary and Nursery School,www.leys.herts.sch.uk,Stevenage,SG1 4QZ,East of England,yes
117530,919,Hertfordshire,The Nobel School,https://thenobelschool.org,Stevenage,SG2 0HS,East of England,yes
117499,919,Hertfordshire,The Priory School,http://www.priory.herts.sch.uk,Hitchin,SG5 2UR,East of England,yes
117313,919,Hertfordshire,The Ryde School,http://www.ryde.herts.sch.uk/,Hatfield,AL9 5DR,East of England,yes
117559,919,Hertfordshire,The Thomas Coram Church of England School,http://www.thomascoram.herts.sch.uk/,Berkhamsted,HP4 2RP,East of England,yes
117669,919,Hertfordshire,The Valley School,https://thevalley.herts.sch.uk,Stevenage,SG2 9BN,East of England,yes
117277,919,Hertfordshire,Thorn Grove Primary School,www.thorngrove.herts.sch.uk/,Bishop's Stortford,CM23 5LD,East of England,yes
117555,919,Hertfordshire,Townsend Church of England School,http://www.townsend.herts.sch.uk/,St Albans,AL3 6DR,East of England,yes
117292,919,Hertfordshire,Trotts Hill Primary and Nursery School,http://www.trottshill.herts.sch.uk,Stevenage,SG1 5JD,East of England,yes
117109,919,Hertfordshire,Tudor Primary School,http://www.tudor.herts.sch.uk,Hemel Hempstead,HP3 9ER,East of England,yes
117423,919,Hertfordshire,Victoria Church of England Infant and Nursery School,http://www.victoria.herts.sch.uk,Berkhamsted,HP4 3HA,East of England,yes
117154,919,Hertfordshire,Walkern Primary School,http://www.walkern.herts.sch.uk,Stevenage,SG2 7NS,East of England,yes
117161,919,Hertfordshire,Watford Field School (Infant & Nursery),http://www.fieldinfants.herts.sch.uk,Watford,WD18 0WF,East of England,yes
117683,919,Hertfordshire,Watling View School,http://www.watlingview.herts.sch.uk/,St Albans,AL1 2NU,East of England,yes
117490,919,Hertfordshire,Welwyn St Mary's Church of England Voluntary Aided Primary School,http://www.welwynst-marys.herts.sch.uk/,Welwyn,AL6 9DJ,East of England,yes
117413,919,Hertfordshire,Weston Primary & Nursery School,http://www.weston.herts.sch.uk,Hitchin,SG4 7AG,East of England,yes
117065,919,Hertfordshire,Weston Way Nursery School,http://www.westonway.herts.sch.uk/,Baldock,SG7 6HD,East of England,yes
117314,919,Hertfordshire,William Ransom Primary School,www.wransom.co.uk/,Hitchin,SG4 9QB,East of England,yes
117358,919,Hertfordshire,Wood End School,http://www.woodend.herts.sch.uk/,Harpenden,AL5 3EF,East of England,yes
117682,919,Hertfordshire,Woodfield School,http://www.woodfield.herts.sch.uk,Hemel Hempstead,HP3 8RL,East of England,yes
117400,919,Hertfordshire,Wormley CofE Primary School,www.wormleyprimary.co.uk,Broxbourne,EN10 6QA,East of England,yes
