urn,district_code,district_name,school_name,website,town,postcode,region,has_email_collected
138758,926,Norfolk,Acle Academy,http://www.acleacademy.co.uk,Norwich,NR13 3ER,East of England,no
149877,926,Norfolk,Acle Church of England Primary Academy,http://www.acleprimary.norfolk.sch.uk,Norwich,NR13 3RQ,East of England,no
145028,926,Norfolk,Admirals Academy,www.admiralsacademy.co.uk,Thetford,IP24 2JT,East of England,no
148994,926,Norfolk,Alburgh With Denton Church of England Primary Academy,http://www.alburghwithdentonprimaryschool.co.uk,Harleston,IP20 0BW,East of England,no
120777,926,Norfolk,Aldborough Primary School,http://www.aldborough.norfolk.sch.uk,Norwich,NR11 7PH,East of England,no
145089,926,Norfolk,Alderman Peel High School,www.wensumtrust.org.uk/aldermanpeel,Wells-next-the-Sea,NR23 1RB,East of England,no
141464,926,Norfolk,All Saints Academy,villagesaintspartnership.demat.org.uk,King's Lynn,PE33 9QJ,East of England,no
121128,926,Norfolk,"All Saints Church of England Voluntary Aided Primary School, Winfarthing",www.federationschools.org,Diss,IP22 2DZ,East of England,no
150490,926,Norfolk,All Saints Stibbard Church of England Primary Academy and Nursery,www.stibbardallsaints.com,Fakenham,NR21 0LT,East of England,no
121147,926,Norfolk,Alpington and Bergh Apton Church of England Voluntary Aided Primary School,http://www.alpington.norfolk.sch.uk,Norwich,NR14 7NH,East of England,no
145628,926,Norfolk,Angel Road Infant School,https://www.angelroadschools.org.uk,Norwich,NR3 3HR,East of England,no
145737,926,Norfolk,Angel Road Junior School,https://www.angelroadschools.org.uk,Norwich,NR3 3HR,East of England,no
141758,926,Norfolk,Anthony Curton CofE Primary School,anthonycurton.demat.org.uk,Wisbech,PE14 7NG,East of England,no
141226,926,Norfolk,Antingham and Southrepps Primary School,www.antinghamsouthrepps.co.uk,Norwich,NR11 8UG,East of England,no
139736,926,Norfolk,Arden Grove Infant and Nursery School,http://www.ardengrove.norfolk.sch.uk,Norwich,NR6 6QA,East of England,no
121135,926,Norfolk,Ashwicken Church of England Voluntary Aided Primary School,www.ashwickenschool.co.uk,King's Lynn,PE32 1LY,East of England,no
143961,926,Norfolk,Aslacton Primary School,https://www.aslactonprimary.org.uk/,Norwich,NR15 2JH,East of England,no
144565,926,Norfolk,Astley Primary School,www.astleyprimary.org.uk,Melton Constable,NR24 2HH,East of England,no
140534,926,Norfolk,Attleborough Academy,www.attleboroughacademy.org,Attleborough,NR17 2AJ,East of England,no
120926,926,Norfolk,Attleborough Primary School,http://www.attleborough-pri.norfolk.sch.uk,Attleborough,NR17 2NA,East of England,no
121164,926,Norfolk,Aylsham High School,http://www.aylshamhigh.com/,Norwich,NR11 6AN,East of England,no
120781,926,Norfolk,Bacton Primary School,www.bacton.norfolk.sch.uk/,Norwich,NR12 0EY,East of England,no
143463,926,Norfolk,Banham Primary School,www.banham.cee.coop,Norwich,NR16 2EX,East of England,no
120783,926,Norfolk,Barford Primary School,http://www.barfordprimary.net,Norwich,NR9 4AB,East of England,no
121199,926,Norfolk,Barnham Broom Church of England Voluntary Aided Primary School,www.barnhambroomprimaryschool.co.uk,Norwich,NR9 4BU,East of England,no
143949,926,Norfolk,Bawdeswell Community Primary School,,Dereham,NR20 4RR,East of England,no
144317,926,Norfolk,Beeston Primary School,https://www.beestonprimary.uk/,King's Lynn,PE32 2NQ,East of England,no
144640,926,Norfolk,Bignold Primary School and Nursery,www.bignoldprimaryschool.co.uk,Norwich,NR2 2SY,East of England,no
121108,926,Norfolk,Blakeney Church of England Voluntary Aided Primary School,http://www.blakeney.norfolk.sch.uk/,Holt,NR25 7NJ,East of England,no
144021,926,Norfolk,Blenheim Park Academy,www.blenheimpark.norfolk.sch.uk,Fakenham,NR21 7PX,East of England,no
120788,926,Norfolk,Blofield Primary School,www.blofieldprimary.co.uk,Norwich,NR13 4RH,East of England,no
147940,926,Norfolk,Bluebell Primary School,www.bps-edu.co.uk,Norwich,NR4 7DS,East of England,no
148821,926,Norfolk,Brancaster CofE Primary Academy,http://www.stmaryfederation.co.uk/,King's Lynn,PE31 8AB,East of England,no
146558,926,Norfolk,Brisley Church of England Primary Academy,http://www.hopefederation.org.uk,Dereham,NR20 5LH,East of England,no
146063,926,Norfolk,Broadland High Ormiston Academy,http://www.broadlandhighoa.co.uk,Norwich,NR12 8QN,East of England,no
121096,926,Norfolk,Brooke Voluntary Controlled Church of England Primary School,http://www.brooke.norfolk.sch.uk/,Norwich,NR15 1HP,East of England,no
120909,926,Norfolk,Brundall Primary School,www.brundallprimary.com/,Norwich,NR13 5JX,East of England,no
143459,926,Norfolk,Bunwell Primary School,bunwell.cee.coop,Norwich,NR16 1SN,East of England,no
148572,926,Norfolk,Bure Park Specialist Academy,https://www.bureparkacademy.co.uk/,Great Yarmouth,NR30 4AE,East of England,no
120911,926,Norfolk,Bure Valley School,www.burevalleyschool.org.uk,Norwich,NR11 6JZ,East of England,no
144825,926,Norfolk,Burnham Market Primary School,www.burnhammarket.norfolk.sch.uk,King's Lynn,PE31 8JA,East of England,no
144427,926,Norfolk,Burston Community Primary School,www.burston-tivetshall-schools.co.uk/,Diss,IP22 5TZ,East of England,no
141331,926,Norfolk,Caister Academy,www.caisteracademy.org.uk,Great Yarmouth,NR30 5LS,East of England,no
120797,926,Norfolk,Cantley Primary School,http://www.cantley.norfolk.sch.uk,Norwich,NR13 3SA,East of England,no
121110,926,Norfolk,Carleton Rode Church of England Voluntary Aided Primary School,https://www.carletonrode-primary.norfolk.sch.uk/,Norwich,NR16 1RW,East of England,no
142467,926,Norfolk,Castle Acre Church of England Primary Academy,www.castleacre.dneat.org,King's Lynn,PE32 2AR,East of England,no
148152,926,Norfolk,Caston Church of England Primary Academy,www.caston.norfolk.sch.uk,Attleborough,NR17 1DD,East of England,no
150583,926,Norfolk,Catfield CofE Primary Academy,www.swallowtailfederation.co.uk,Great Yarmouth,NR29 5DA,East of England,no
142837,926,Norfolk,Cawston Church of England Primary Academy,www.edenfederation.co.uk,Norwich,NR10 4AY,East of England,no
120904,926,Norfolk,Cecil Gowing Infant School,www.cecilgowinginfant.co.uk/,Norwich,NR7 8NZ,East of England,no
121260,926,Norfolk,Chapel Green School,www.chapelgreenschool.org.uk,Old Buckenham,NR17 1RF,East of England,no
142871,926,Norfolk,Charles Darwin Primary School,www.charlesdarwinprimary.org,Norwich,NR1 1DJ,East of England,no
141161,926,Norfolk,Cherry Tree Academy Trust Marham Infant,www.cherrytreeacademy.co.uk,King's Lynn,PE33 9LT,East of England,no
141227,926,Norfolk,Cherry Tree Academy Trust Marham Junior,www.cherrytreeacademy.co.uk,King's Lynn,PE33 9JJ,East of England,no
145529,926,Norfolk,Churchill Park Complex Needs School,www.churchillpark.co.uk,King's Lynn,PE30 4RP,East of England,no
141269,926,Norfolk,"City of Norwich School, An Ormiston Academy",http://www.cns-school.org/,Norwich,NR4 6PP,East of England,no
141465,926,Norfolk,Clenchwarton Primary School,www.clenchwartonprimary.co.uk,King's Lynn,PE34 4DT,East of England,no
140364,926,Norfolk,Cliff Park Ormiston Academy,http://www.cliffparkoa.co.uk/,Great Yarmouth,NR31 6TA,East of England,no
140033,926,Norfolk,Clover Hill VA Infant and Nursery School,www.cloverhillschool.co.uk/,Norwich,NR5 9AP,East of England,no
141359,926,Norfolk,Cobholm Primary Academy,http://www.inspirationtrust.org/cobholmprimary,Great Yarmouth,NR31 0BA,East of England,no
120798,926,Norfolk,Colby Primary School,http://www.colby.norfolk.sch.uk,Norwich,NR11 7EA,East of England,no
141895,926,Norfolk,Colkirk Church of England Primary Academy,https://www.unityfederation.co.uk/,Fakenham,NR21 7NW,East of England,no
150666,926,Norfolk,Colman Infant School,http://www.colmanfederation.co.uk/,Norwich,NR4 7AW,East of England,no
150665,926,Norfolk,Colman Junior School,www.colmanfederation.co.uk,Norwich,NR4 7AU,East of England,no
145299,926,Norfolk,Corpusty Primary School,www.corpustyprimary.org.uk,Norwich,NR11 6QG,East of England,no
138642,926,Norfolk,Costessey Primary School,www.costesseyprimary.co.uk,Norwich,NR5 0RR,East of England,no
121113,926,Norfolk,Cringleford CE VA Primary School,http://www.cringleford.norfolk.sch.uk,Norwich,NR4 7JR,East of England,no
150734,926,Norfolk,Cringleford Prep,https://www.cringlefordprep.org.uk/,Cringleford,NR4 7FU,East of England,no
137431,926,Norfolk,Cromer Academy,http://www.inspirationtrust.org/cromeracademy,Cromer,NR27 0EX,East of England,no
147247,926,Norfolk,Cromer Junior School,https://www.cromerjunior.org.uk/,Cromer,NR27 0EX,East of England,no
121069,926,Norfolk,Denver Voluntary Controlled Primary School,www.denver.norfolk.sch.uk,Downham Market,PE38 0DP,East of England,no
149879,926,Norfolk,Dereham Church of England Infant and Nursery Academy,www.dereham.norfolk.sch.uk/,Dereham,NR19 1ED,East of England,no
142395,926,Norfolk,Dereham Church of England Junior Academy,www.derehamjunior.dneat.org,Dereham,NR19 1BJ,East of England,no
144316,926,Norfolk,Dereham Neatherd High School,http://neatherd.org/,Dereham,NR20 3AX,East of England,no
120987,926,Norfolk,"Dereham, Toftwood Community Junior School",https://www.toftwoodfederation.co.uk/,Dereham,NR19 1JB,East of England,no
138795,926,Norfolk,Dersingham Primary School,www.dersingham.norfolk.sch.uk,King's Lynn,PE31 6LR,East of England,no
145975,926,Norfolk,Dickleburgh Church of England Primary Academy (With Pre-School),www.dickleburgh.stbenets.org,Diss,IP21 4NL,East of England,no
145738,926,Norfolk,Diss Church of England Junior Academy,www.dissjunior.stbenets.org/,Diss,IP22 4NT,East of England,no
137092,926,Norfolk,Diss High School,http://www.disshigh.norfolk.sch.uk/,Diss,IP22 4DH,East of England,no
146692,926,Norfolk,Diss Infant Academy and Nursery,https://www.dissinfant.stbenets.org/,Diss,IP22 4PU,East of England,no
140545,926,Norfolk,Ditchingham Church of England Primary Academy,http://www.ditchingham.norfolk.sch.uk/,Bungay,NR35 2RE,East of England,no
148822,926,Norfolk,Docking Church of England Primary Academy and Nursery,www.stmaryfederation.co.uk,King's Lynn,PE31 8LH,East of England,no
145196,926,Norfolk,Downham Market Academy,https://dma.tela.org.uk/,Downham Market,PE38 9LL,East of England,no
131287,926,Norfolk,Drayton CofE Junior School,http://www.draytonjunior.norfolk.sch.uk,Norwich,NR8 6EF,East of England,no
145301,926,Norfolk,Drayton Community Infant School,www.draytoninfantschool.co.uk/,Norwich,NR8 6EP,East of England,no
140712,926,Norfolk,Duchy of Lancaster Methwold CofE Primary School,https://duchy.demat.org.uk/,Thetford,IP26 4PP,East of England,no
148859,926,Norfolk,Duke of Lancaster School,https://sendat.academy/dukeoflancaster/,Fakenham,NR21 9DQ,East of England,no
143279,926,Norfolk,Dussindale Primary School,www.dussindaleprimary.co.uk/,Norwich,NR7 0US,East of England,no
120767,926,Norfolk,Earlham Nursery School,www.earlhamnurseryschool.co.uk,Norwich,NR5 8DB,East of England,no
150175,926,Norfolk,Earsham Church of England Primary Academy,www.earsham.norfolk.sch.uk,Nr Bungay,NR35 2TF,East of England,no
121019,926,Norfolk,East Harling Primary School and Nursery,www.eastharlingprimary.co.uk,Norwich,NR16 2NQ,East of England,no
145749,926,Norfolk,East Norfolk Sixth Form College,www.eastnorfolk.ac.uk,Great Yarmouth,NR31 7BQ,East of England,no
147322,926,Norfolk,East Ruston Infant School & Nursery,www.eastrustonschool.co.uk,Norwich,NR12 9JD,East of England,no
140663,926,Norfolk,Eastgate Academy,http://eastgateacademy.co.uk/,King's Lynn,PE30 1QA,East of England,no
139099,926,Norfolk,Eaton Hall Specialist Academy,http://www.eatonhallacademy.co.uk,Norwich,NR4 7BU,East of England,no
141357,926,Norfolk,Eaton Primary School,www.eaton.norfolk.sch.uk,Norwich,NR4 6HS,East of England,no
140990,926,Norfolk,Edith Cavell Academy and Nursery,www.edithcavellacademy.co.uk/,Norwich,NR1 2LR,East of England,no
121037,926,Norfolk,"Edmund de Moundeford VC Primary School, Feltwell",http://www.edmunddemoundeford.co.uk,Thetford,IP26 4DB,East of England,no
143824,926,Norfolk,Edward Worlledge Ormiston Academy,www.edwardworlledgeoa.co.uk,Great Yarmouth,NR31 0ER,East of England,no
121035,926,Norfolk,Ellingham VC Primary School,http://www.ellingham.norfolk.sch.uk,Bungay,NR35 2PZ,East of England,no
144361,926,Norfolk,Emneth Academy,https://www.emnethacademy.co.uk/,Wisbech,PE14 8AY,East of England,no
120765,926,Norfolk,Emneth Nursery School,www.emneth-nur.norfolk.sch.uk,Wisbech,PE14 8AY,East of England,no
121036,926,Norfolk,Erpingham Voluntary Controlled Church of England Primary School,www.blueskyfederation.co.uk/,Norwich,NR11 7QY,East of England,no
121150,926,Norfolk,Fairhaven Church of England Voluntary Aided Primary School,http://www.southwalshamfairhaven.norfolk.sch.uk/,Norwich,NR13 6DZ,East of England,no
120906,926,Norfolk,Fairstead Community Primary and Nursery School,https://www.fairsteadprimaryschool.co.uk/,King's Lynn,PE30 4RR,East of England,no
139572,926,Norfolk,Fakenham Academy,www.fakenhamacademy.org,Fakenham,NR21 9QT,East of England,no
146684,926,Norfolk,Fakenham Infant and Nursery School,http://www.fakenhaminfant.org.uk,Fakenham,NR21 8HN,East of England,no
146711,926,Norfolk,Fakenham Junior School,www.fakenhamjuniorschool.com/,Fakenham,NR21 8BN,East of England,no
150265,926,Norfolk,Fen Rivers Academy,https://thebridgetrust.academy/our-schools/fen-rivers/,King's Lynn,PE30 2HU,East of England,no
141496,926,Norfolk,Filby Primary School,www.filbyprisch-norfolk.co.uk,Great Yarmouth,NR29 3HJ,East of England,no
142840,926,Norfolk,Firside Junior School,www.wensumtrust.org.uk/firsidejunior,Norwich,NR6 5NF,East of England,no
145501,926,Norfolk,Flegg High Ormiston Academy,www.fleggormistonacademy.co.uk,Great Yarmouth,NR29 4QD,East of England,no
141050,926,Norfolk,Flitcham Church of England Primary Academy,www.flitcham.dneat.org/,King's Lynn,PE31 6BU,East of England,no
121117,926,Norfolk,Forncett St Peter Church of England Voluntary Aided Primary School,https://www.forncett.norfolk.sch.uk/,Norwich,NR16 1LT,East of England,no
144428,926,Norfolk,Foulsham Primary School Academy,www.foulshamprimaryschool.org.uk,Dereham,NR20 5RT,East of England,no
145776,926,Norfolk,Framingham Earl High School,http://www.framinghamearlhighschool.co.uk,Norwich,NR14 7QP,East of England,no
121256,926,Norfolk,Fred Nicholson School,http://www.frednicholson.norfolk.sch.uk,Dereham,NR19 1JB,East of England,no
120808,926,Norfolk,Freethorpe Community Primary and Nursery School,www.freethorpe.norfolk.sch.uk/,Norwich,NR13 3NZ,East of England,no
120809,926,Norfolk,Frettenham Primary School,http://www.harnserfed.co.uk/frettenham-primary-school/about-our-school/,Norwich,NR12 7LL,East of England,no
148237,926,Norfolk,Garboldisham Church of England Primary Academy,https://garboldisham.stbenets.org,Diss,IP22 2SE,East of England,no
143460,926,Norfolk,Garrick Green Infant School,www.garrickgreen.co.uk,Norwich,NR6 7AL,East of England,no
144315,926,Norfolk,Garvestone Community Primary School,http://www.garvestone.norfolk.sch.uk,Norwich,NR9 4AD,East of England,no
146060,926,Norfolk,Gayton Church of England Primary Academy,www.gaytonprimary.co.uk,Kings Lynn,PE32 1QZ,East of England,no
144532,926,Norfolk,Gaywood Primary School,www.gaywoodprimary.co.uk,King's Lynn,PE30 4AY,East of England,no
144145,926,Norfolk,George White Junior School,www.georgewhitejunior.co.uk/,Norwich,NR3 4RG,East of England,no
145629,926,Norfolk,Ghost Hill Infant and Nursery School,www.ghosthill.norfolk.sch.uk/,Norwich,NR8 6PJ,East of England,no
143066,926,Norfolk,Glebeland Community Primary School,http://www.glebelandprimaryschool.org.uk,Beccles,NR34 0EW,East of England,no
141780,926,Norfolk,Gooderstone Church of England Primary Academy,www.churchsidefederation.norfolk.sch.uk,King's Lynn,PE33 9BP,East of England,no
148668,926,Norfolk,Great Dunham Primary School,www.greatdunhamprimary.uk,King's Lynn,PE32 2LQ,East of England,no
120812,926,Norfolk,Great Ellingham Primary School,www.gtellingham.org.uk,Attleborough,NR17 1HX,East of England,no
145209,926,Norfolk,Great Hockham Primary School and Nursery,www.greathockhamprimary.org,Thetford,IP24 1PB,East of England,no
121087,926,Norfolk,Great Massingham CofE Primary School,http://www.gmhfed.norfolk.sch.uk/,King's Lynn,PE32 2EY,East of England,no
142588,926,Norfolk,Great Witchingham Church of England Primary Academy,www.edenfederation.co.uk,Norwich,NR9 5SD,East of England,no
142883,926,Norfolk,Great Yarmouth Charter Academy,www.gyca.org.uk,Great Yarmouth,NR30 4LS,East of England,no
138793,926,Norfolk,Great Yarmouth Primary Academy,http://www.inspirationtrust.org/greatyarmouthprimary,Great Yarmouth,NR30 3DT,East of England,no
142968,926,Norfolk,Greenpark Academy,http://www.greenpark.norfolk.sch.uk,King's Lynn,PE30 2RE,East of England,no
144839,926,Norfolk,Gresham Village School,http://www.greshamvillage.co.uk,Norwich,NR11 8RF,East of England,no
145535,926,Norfolk,Greyfriars Academy,www.greyfriarsacademy.uk,Kings Lynn,PE30 5PY,East of England,no
144314,926,Norfolk,Grove House Infant and Nursery School,www.grovehouseinfant.org/,Dereham,NR19 1BJ,East of England,no
121041,926,Norfolk,Hainford VC Primary School,www.harnserfed.co.uk,Norwich,NR10 3BQ,East of England,no
121257,926,Norfolk,Hall School,www.hallschoolnorfolk.co.uk,Norwich,NR6 7AD,East of England,no
150067,926,Norfolk,Happisburgh Church of England Primary Academy,http://www.happisburgh.norfolk.sch.uk,Norwich,NR12 0AB,East of England,no
121040,926,Norfolk,Hapton Church of England Voluntary Aided Primary School,,Norwich,NR15 1AD,East of England,no
121264,926,Norfolk,"Harford Manor School, Norwich",http://www.harfordmanor.norfolk.sch.uk/,Norwich,NR2 2LN,East of England,no
121092,926,Norfolk,Harpley CofE VC Primary School,www.gmhfed.norfolk.sch.uk,King's Lynn,PE31 6DY,East of England,no
143462,926,Norfolk,Heacham Infant and Nursery School,www.heachaminfant.norfolk.sch.uk/,King's Lynn,PE31 7DQ,East of England,no
142842,926,Norfolk,Heacham Junior School,http://www.heachamjunior.co.uk,King's Lynn,PE31 7EJ,East of England,no
139491,926,Norfolk,Heartsease Primary Academy,www.heartseaseprimary.co.uk/,Norwich,NR7 9UE,East of England,no
121059,926,Norfolk,Heartwood CofE VC Primary & Nursery School,www.heartwood.norfolk.sch.uk,Swaffham,PE37 7RF,East of England,no
144143,926,Norfolk,Heather Avenue Infant School,www.heatheravenue.co.uk/,Norwich,NR6 6LT,East of England,no
138039,926,Norfolk,Hellesdon High School,http://www.hellesdon.net,Norwich,NR6 5SB,East of England,no
144574,926,Norfolk,Hemblington Primary School,www.hemblingtonprimaryschool.org.uk,Norwich,NR13 4QJ,East of England,no
142634,926,Norfolk,Henderson Green Primary Academy,www.hendersongreenprimary.co.uk,Norwich,NR5 8DX,East of England,no
140188,926,Norfolk,Hethersett Academy,http://www.inspirationtrust.org/hethersettacademy,Norwich,NR9 3DB,East of England,no
121042,926,Norfolk,Hethersett VC Primary School,www.hethersettvcprimary.co.uk/,Norwich,NR9 3DB,East of England,no
120817,926,Norfolk,Hevingham Primary School,http://www.hevingham.norfolk.sch.uk,Norwich,NR10 5NH,East of England,no
142059,926,Norfolk,Hewett Academy,http://www.inspirationtrust.org/hewettacademy,Norwich,NR1 2PL,East of England,no
150249,926,Norfolk,Hickling CofE Infants Academy,www.swallowtailfederation.co.uk,Norwich,NR12 0XX,East of England,no
145530,926,Norfolk,Highgate Infant School,https://highgateinfant.uk/,King's Lynn,PE30 2PS,East of England,no
142526,926,Norfolk,Hilgay Riverside Academy,riversidefederation-norfolk.demat.org.uk,Downham Market,PE38 0JL,East of England,no
143280,926,Norfolk,"Hillside Avenue Primary and Nursery School, Thorpe",www.hillsideavenue.org/,Norwich,NR7 0QW,East of England,no
120982,926,Norfolk,Hillside Primary School,www.hillside.norfolk.sch.uk/,Great Yarmouth,NR31 8PA,East of England,no
121086,926,Norfolk,Hindringham Church of England Primary School,www.hindringham.sch.uk,Fakenham,NR21 0PL,East of England,no
120818,926,Norfolk,Hingham Primary School,www.hinghamprimary.org.uk/,Norwich,NR9 4JB,East of England,no
139311,926,Norfolk,Hobart High School,http://www.hobart.org.uk/,Norwich,NR14 6JU,East of England,no
142589,926,Norfolk,Hockering Church of England Primary Academy,www.edenfederation.co.uk,Dereham,NR20 3HN,East of England,no
136536,926,Norfolk,Holly Meadows School,www.hollymeadows.norfolk.sch.uk/,King's Lynn,PE32 1BW,East of England,no
141228,926,Norfolk,Holy Cross Church of England Primary School,holycross.demat.org.uk,King's Lynn,PE33 0EL,East of England,no
121097,926,Norfolk,Homefield VC CofE Primary School,www.homefield.norfolk.sch.uk,Great Yarmouth,NR31 8NS,East of England,no
146061,926,Norfolk,Hopton Church of England Primary Academy,http://www.hopton.norfolk.sch.uk,Great Yarmouth,NR31 9BT,East of England,no
120822,926,Norfolk,Horning Community Primary School,http://www.horning.norfolk.sch.uk,Norwich,NR12 8PX,East of England,no
141991,926,Norfolk,Horsford CofE VA Primary School,www.horsfordprimaryschool.co.uk,Norwich,NR10 3ES,East of England,no
150451,926,Norfolk,Howard Junior School,,King's Lynn,PE30 4QJ,East of England,no
121190,926,Norfolk,Hunstanton Primary School,http://www.hunstantonprimaryschool.co.uk,Hunstanton,PE36 5DY,East of England,no
151432,926,Norfolk,Iceni Primary Academy,https://iceniprimary.attrust.org.uk,Hockwold Cum Wilton,IP26 4LP,East of England,no
139058,926,Norfolk,Iceni Secondary Academy,https://icenisecondary.attrust.org.uk,Thetford,IP26 4PE,East of England,no
121134,926,Norfolk,Ingoldisthorpe Church of England Voluntary Aided Primary School,www.ingoldisthorpeceprimary.com,King's Lynn,PE31 6PE,East of England,no
140815,926,Norfolk,Jane Austen College,http://www.inspirationtrust.org/janeaustencollege,Norwich,NR3 1DD,East of England,no
121265,926,Norfolk,"John Grant School, Caister-on-Sea",https://www.johngrant.norfolk.sch.uk,Great Yarmouth,NR30 5QW,East of England,no
120988,926,Norfolk,John of Gaunt Infant and Nursery School,http://www.johngaunt.norfolk.sch.uk/,Norwich,NR11 6JZ,East of England,no
138796,926,Norfolk,Kelling CE Primary School,www.kelling.norfolk.sch.uk,Kelling,NR25 7ED,East of England,no
145304,926,Norfolk,Kenninghall Primary School,http://www.kenninghallprimaryschool.com,,NR16 2EJ,East of England,no
148826,926,Norfolk,King Edward VII Academy,www.kesacademy.org.uk,King's Lynn,PE30 2QB,East of England,no
136202,926,Norfolk,King's Lynn Academy,http://www.kingslynnacademy.co.uk/,King's Lynn,PE30 4QG,East of England,no
120766,926,Norfolk,King's Lynn Nursery School,kingslynn-nur.norfolk.sch.uk,King's Lynn,PE30 5PT,East of England,no
145534,926,Norfolk,King's Oak Academy,https://kingsoakacademy.co.uk/,King's Lynn,PE30 4QJ,East of England,no
144313,926,Norfolk,"King's Park Infant School, Dereham",www.kingsparkinfant.org/,Dereham,NR19 2AG,East of England,no
146880,926,Norfolk,Kinsale Junior School,www.kinsalejunior.norfolk.sch.uk/,Norwich,NR6 5SG,East of England,no
120825,926,Norfolk,Langham Village School,www.langhamvillageschool.com,Holt,NR25 7DG,East of England,no
142005,926,Norfolk,Lingwood Primary Academy,,Lingwood,NR13 4AZ,East of England,no
144144,926,Norfolk,Lionwood Infant and Nursery School,www.lionwoodinfant.co.uk/,Norwich,NR1 4AN,East of England,no
144146,926,Norfolk,Lionwood Junior School,www.lionwoodjunior.co.uk,Norwich,NR1 4HT,East of England,no
146237,926,Norfolk,Litcham School,http://www.litchamschool.org.uk,King's Lynn,PE32 2NS,East of England,no
120827,926,Norfolk,Little Melton Primary School,www.littlemeltonprimaryschool.co.uk/,Norwich,NR9 3AD,East of England,no
149878,926,Norfolk,Little Plumstead Church of England Primary Academy,http://www.littleplumstead.norfolk.sch.uk,Norwich,NR13 5FA,East of England,no
146065,926,Norfolk,Little Snoring Community Primary Academy,https://www.unityfederation.co.uk/,Fakenham,NR21 0JN,East of England,no
121203,926,Norfolk,Loddon Infant and Nursery School,www.loddonprimaryfederation.co.uk,Norwich,NR14 6JX,East of England,no
121192,926,Norfolk,Loddon Junior School,www.loddonprimaryfederation.co.uk,Norwich,NR14 6JX,East of England,no
143988,926,Norfolk,Lodge Lane Infant School,https://www.wensumtrust.org.uk/lodgelane,Norwich,NR6 7HL,East of England,no
144018,926,Norfolk,Long Stratton High School,www.lshs.org.uk,Norwich,NR15 2XR,East of England,no
149415,926,Norfolk,Lyng Church of England Primary Academy,www.lyng.norfolk.sch.uk/,Norwich,NR9 5RJ,East of England,no
137541,926,Norfolk,Lynn Grove Academy,http://www.lynngroveacademy.org.uk/,Great Yarmouth,NR31 8AP,East of England,no
145532,926,Norfolk,Magdalen Academy,https://www.magdalenacademy.co.uk/,King's Lynn,PE34 3BU,East of England,no
143990,926,Norfolk,Manor Field Infant and Nursery School,https://www.manorfieldinfant.org.uk/,Norwich,NR15 2XR,East of England,no
142396,926,Norfolk,Marshland High School,www.marshlandhigh.co.uk,Wisbech,PE14 7HA,East of England,no
142057,926,Norfolk,Marshland St James Primary and Nursery School,marshlandstjames.demat.org.uk,Wisbech,PE14 8EY,East of England,no
136356,926,Norfolk,Martham Academy and Nursery,www.marthamacademy.co.uk,Great Yarmouth,NR29 4PR,East of England,no
144360,926,Norfolk,Mattishall Primary School,www.mattishallprimary.org.uk,Dereham,NR20 3AA,East of England,no
141662,926,Norfolk,Middleton Church of England Primary Academy,www.middleton.norfolk.sch.uk/,King's Lynn,PE32 1SA,East of England,no
134958,926,Norfolk,Mile Cross Primary School,www.milecrossprimary.com,Norwich,NR3 2QU,East of England,no
149516,926,Norfolk,Millfield Primary School,http://www.millfieldprimary.school,North Walsham,NR28 0ES,East of England,no
140189,926,Norfolk,Moorlands CofE Primary Academy,www.moorlands.dneat.org/,Great Yarmouth,NR31 9PA,East of England,no
148996,926,Norfolk,Morley Church of England Primary Academy,http://www.morley.norfolk.sch.uk,Wymondham,NR18 9TS,East of England,no
146479,926,Norfolk,Mousehold Infant & Nursery School,www.mouseholdinfants.com,Norwich,NR3 4RS,East of England,no
120990,926,Norfolk,Mulbarton Primary School,www.mulbartonprimary.norfolk.sch.uk,Norwich,NR14 8JG,East of England,no
120835,926,Norfolk,Mundesley Infant School,www.mundesley-infant.norfolk.sch.uk/,Norwich,NR11 8LE,East of England,no
121000,926,Norfolk,Mundesley Junior School,www.aimfederation.org,Norwich,NR11 8LE,East of England,no
141584,926,Norfolk,Mundford Church of England Primary Academy,www.mundford.norfolk.sch.uk/,,IP26 5ED,East of England,no
142466,926,Norfolk,Narborough Church of England Primary Academy,www.narvalleyfederation.co.uk,King's Lynn,PE32 1TA,East of England,no
121090,926,Norfolk,Neatishead Church of England Primary School,www.neatisheadprimaryschool.co.uk/,Norwich,NR12 8XN,East of England,no
140363,926,Norfolk,Nelson Academy,http://nelsonacademy.co.uk/,Downham Market,PE38 9PF,East of England,no
146319,926,Norfolk,Nelson Infant School,,Norwich,NR2 4EH,East of England,no
148232,926,Norfolk,Newton Flotman Church of England Primary Academy,newtonflotman.norfolk.sch.uk,Norwich,NR15 1PR,East of England,no
146550,926,Norfolk,Nightingale Infant & Nursery School,www.nightingaleinfant.co.uk,Norwich,NR8 6LA,East of England,no
120973,926,Norfolk,North Denes Primary School and Nursery,www.northdenesprimary.co.uk,Great Yarmouth,NR30 4HF,East of England,no
150625,926,Norfolk,North Elmham Church of England Primary Academy,,Dereham,NR20 5JS,East of England,no
147505,926,Norfolk,North Walsham High School,http://nwhs.uk,North Walsham,NR28 9HZ,East of England,no
145442,926,Norfolk,North Walsham Infant School,www.nwjun-infsfed.com,North Walsham,NR28 9HG,East of England,no
145441,926,Norfolk,North Walsham Junior School,www.nwjun-infsfed.com,North Walsham,NR28 9HG,East of England,no
144020,926,Norfolk,North Wootton Academy,www.northwoottonacademy.co.uk,King's Lynn,PE30 3PT,East of England,no
141268,926,Norfolk,Northgate High School,http://www.northgate.norfolk.sch.uk,Dereham,NR19 2EU,East of England,no
147567,926,Norfolk,Northgate Primary School,http://www.northgateprimary.norfolk.sch.uk,Great Yarmouth,NR30 1BP,East of England,no
120836,926,Norfolk,Northrepps Primary School,http://www.blueskyfederation.co.uk,Cromer,NR27 0LG,East of England,no
139929,926,Norfolk,Norwich Primary Academy,http://www.inspirationtrust.org/norwichprimary,Norwich,NR5 8ED,East of England,no
145029,926,Norfolk,Norwich Road Academy,www.norwichroadacademy.co.uk,Thetford,IP24 2HT,East of England,no
137913,926,Norfolk,"Notre Dame High School, Norwich",http://www.ndhs.org.uk,Norwich,NR1 3PB,East of England,no
146144,926,Norfolk,Old Buckenham High School,http://www.obhs.co.uk,Attleborough,NR17 1RL,East of England,no
143135,926,Norfolk,Old Buckenham Primary School and Nursery,,Attleborough,NR17 1RH,East of England,no
121050,926,Norfolk,Old Catton CofE VC Junior School,http://www.oldcatton.norfolk.sch.uk,Norwich,NR6 7DS,East of England,no
139535,926,Norfolk,Ormiston Cliff Park Primary Academy,www.ocppa.co.uk,Great Yarmouth,NR31 6SZ,East of England,no
140016,926,Norfolk,Ormiston Herman Academy,www.ohacademy.co.uk/,Great Yarmouth,NR31 7JL,East of England,no
136187,926,Norfolk,Ormiston Venture Academy,www.ormistonventureacademy.co.uk,Gorleston,NR31 7JJ,East of England,no
136186,926,Norfolk,Ormiston Victory Academy,http://www.ormistonvictoryacademy.co.uk/,Norwich,NR5 0PX,East of England,no
121123,926,Norfolk,"Overstrand, the Belfry, Church of England Voluntary Aided Primary School",www.overstrand.norfolk.sch.uk/,Cromer,NR27 0NT,East of England,no
148151,926,Norfolk,Parker's Church of England Primary Academy,www.parkers.norfolk.sch.uk,Thetford,IP25 7HP,East of England,no
141691,926,Norfolk,Peterhouse CofE Primary Academy,www.peterhouse.norfolk.sch.uk/,Great Yarmouth,NR31 7BY,East of England,no
121061,926,Norfolk,Preston Church of England Voluntary Controlled Primary School,https://tasvalley.org.uk/prestonprimary/,Norwich,NR15 1NU,East of England,no
121051,926,Norfolk,Pulham Church of England Primary School,http://www.pulham.norfolk.sch.uk,Diss,IP21 4SZ,East of England,no
135148,926,Norfolk,Queen's Hill Primary School,www.queenshill.norfolk.sch.uk,Norwich,NR8 5FT,East of England,no
149896,926,Norfolk,Queensway Infant Academy and Nursery,www.queenswayinfant.co.uk,Thetford,IP24 3DR,East of England,no
149636,926,Norfolk,Queensway Junior Academy,www.diamondacademy.org.uk,Thetford,IP24 3DP,East of England,no
146084,926,Norfolk,Raleigh Infant Academy,www.raleighinfant.co.uk,Thetford,IP24 2JT,East of England,no
120905,926,Norfolk,Redcastle Family School,www.redcastleschool.org.uk/,Thetford,IP24 3PU,East of England,no
151195,926,Norfolk,Reedham Primary School,www.reedhamprimaryandnurseryschool.org.uk,Norwich,NR13 3TJ,East of England,no
138829,926,Norfolk,Reepham High School and College,http://www.reephamhigh.com/,Norwich,NR10 4JT,East of England,no
143053,926,Norfolk,Reepham Primary School,,Norwich,NR10 4JP,East of England,no
144884,926,Norfolk,Reffley Academy,www.reffley.norfolk.sch.uk,King's Lynn,PE30 3SF,East of England,no
150160,926,Norfolk,Robert Kett Primary School,https://www.robertkett.net/,Wymondham,NR18 0LS,East of England,no
144972,926,Norfolk,Rockland St Mary Primary School,https://www.rockland-surlingham-schools.co.uk,Main Office,NR14 7EU,East of England,no
121202,926,Norfolk,Rollesby Primary School,https://caisterprimaryfederation.org/rollesby/welcome/,Great Yarmouth,NR29 5EH,East of England,no
120780,926,Norfolk,Rosecroft Primary School,www.rosecroft.school,Attleborough,NR17 1BE,East of England,no
120848,926,Norfolk,Roydon Primary School,www.roydon.norfolk.sch.uk/,Diss,IP22 5QU,East of England,no
142852,926,Norfolk,Rudham CofE Primary Academy,hopefederation.org.uk,King's Lynn,PE31 8RF,East of England,no
151217,926,Norfolk,"Sacred Heart Catholic Primary School, Swaffham",,Swaffham,PE37 7HL,East of England,no
121053,926,Norfolk,Salhouse CofE Primary School,www.salhouseschool.co.uk,Salhouse,NR13 6RJ,East of England,no
146062,926,Norfolk,Sandringham and West Newton Church of England Primary Academy,https://www.sandringhamandwestnewtonprimary.com/,King's Lynn,PE31 6AX,East of England,no
121054,926,Norfolk,Saxlingham Nethergate CofE VC Primary School,http://www.tasvalley.org.uk/saxlinghamprimary,Norwich,NR15 1TD,East of England,no
149502,926,Norfolk,Scole Church of England Primary Academy,http://www.scole.norfolk.sch.uk,Diss,IP21 4ED,East of England,no
141918,926,Norfolk,Sculthorpe Church of England Primary Academy,https://www.unityfederation.co.uk/,Fakenham,NR21 9NQ,East of England,no
144019,926,Norfolk,Seething and Mundham Primary School,http://seethingprimary.set.education/,Norwich,NR15 1DJ,East of England,no
142058,926,Norfolk,Sewell Park Academy,www.sewellparkacademy.co.uk,Norwich,NR3 4BX,East of England,no
137621,926,Norfolk,Sheringham High School,http://www.sheringhamhigh.co.uk,Sheringham,NR26 8ND,East of England,no
121258,926,Norfolk,Sheringham Woodfields School,http://www.sheringhamwoodfields.co.uk,Sheringham,NR26 8ND,East of England,no
121254,926,Norfolk,Sidestrand Hall School,www.sidestrandhall.norfolk.sch.uk,Cromer,NR27 0NH,East of England,no
139896,926,Norfolk,Sir Isaac Newton Sixth Form Free School,http://www.inspirationtrust.org/sirisaacnewtonsixthform,Norwich,NR2 1NR,East of England,no
143520,926,Norfolk,Smithdon High School,www.smithdonhigh.org.uk,Hunstanton,PE36 5HY,East of England,no
140852,926,Norfolk,Snettisham Primary School,www.snettisham-primary.co.uk,King's Lynn,PE31 7LT,East of England,no
120903,926,Norfolk,South Wootton Infant School,http://www.southwootton-inf.norfolk.sch.uk,King's Lynn,PE30 3LJ,East of England,no
121197,926,Norfolk,South Wootton Junior School,http://www.southwootton-jun.norfolk.sch.uk,King's Lynn,PE30 3JZ,East of England,no
142468,926,Norfolk,Southery Academy,https://www.southeryacademy.co.uk,Downham Market,PE38 0PA,East of England,no
148119,926,Norfolk,Southtown Primary School,www.southtownprimaryschool.com/,Great Yarmouth,NR31 0HJ,East of England,no
120896,926,Norfolk,Spixworth Infant School,www.spixworth.norfolk.sch.uk/,Norwich,NR10 3PX,East of England,no
144425,926,Norfolk,Spooner Row Primary School,www.spoonerrowprimary.co.uk/,Wymondham,NR18 9JR,East of England,no
142465,926,Norfolk,Sporle Church of England Primary Academy,https://www.narvalley.dneat.org/,King's Lynn,PE32 2DR,East of England,no
136515,926,Norfolk,Springwood High School,http://www.springwoodhighschool.co.uk,King's Lynn,PE30 4AW,East of England,no
144359,926,Norfolk,Sprowston Community Academy,,Norwich,NR7 8NE,East of England,no
120853,926,Norfolk,Sprowston Infant School,www.sprowstoninfant.norfolk.sch.uk/,Norwich,NR7 8EW,East of England,no
120852,926,Norfolk,Sprowston Junior School,http://www.sprowstonjunior.norfolk.sch.uk,Norwich,NR7 8EW,East of England,no
121149,926,Norfolk,"St Andrew's CofE VA Primary School, Lopham",www.esinet.norfolk.gov.uk/,Diss,IP22 2LR,East of England,no
142730,926,Norfolk,"St Augustine's Catholic Primary School, Costessey",www.st-augustines.norfolk.sch.uk/,Norwich,NR8 5AG,East of England,no
140557,926,Norfolk,St Clement's High School,www.stclementshigh.org.uk,King's Lynn,PE34 4LZ,East of England,no
121082,926,Norfolk,St Faiths CofE Primary School,http://www.harnserfed.co.uk/,Norwich.,NR10 3LF,East of England,no
142732,926,Norfolk,St Francis of Assisi Catholic Primary School,http://www.stfrancisofassisi.co.uk/,Norwich,NR2 3QB,East of England,no
145531,926,Norfolk,St Germans Academy,https://www.stgermansacademy.co.uk/,King's Lynn,PE34 3DZ,East of England,no
147415,926,Norfolk,St Martha's Catholic Primary School,www.st-marthas.norfolk.sch.uk/,KING'S LYNN,PE30 4AY,East of England,no
140870,926,Norfolk,St Martin At Shouldham Church of England Primary Academy,villagesaintspartnership.demat.org.uk,King's Lynn,PE33 0BU,East of England,no
142737,926,Norfolk,St Mary and St Peter Catholic Primary School,www.smspprimary.co.uk,Great Yarmouth,NR31 6QY,East of England,no
137311,926,Norfolk,St Mary's Church of England Junior Academy,www.stmaryscoejunior.co.uk,Norwich,NR15 2UY,East of England,no
150063,926,Norfolk,St Mary's Church of England Primary Academy,www.stmarysroughton.co.uk,Norwich,NR11 8AF,East of England,no
141360,926,Norfolk,St Michael's Church of England Academy,www.stmichaelskingslynn.norfolk.sch.uk,King's Lynn,PE30 5BN,East of England,no
121027,926,Norfolk,St Michael's Church of England VA Primary and Nursery School,https://www.pathfinders.norfolk.sch.uk,Norwich,NR11 6EX,East of England,no
121146,926,Norfolk,St Michael's VA Junior School,www.stmichaelsjuniorschool.co.uk/,Norwich,NR5 9LA,East of England,no
121093,926,Norfolk,St Nicholas Priory CofE VA Primary School,www.st-nicholaspriory.org.uk/,Great Yarmouth,NR30 1NL,East of England,no
141721,926,Norfolk,St Peter and St Paul Church of England Primary Academy & Nursery,www.carbrookeschool.co.uk/,Thetford,IP25 6SW,East of England,no
142599,926,Norfolk,"St Peter's CofE Primary Academy, Easton",www.edenfederation.co.uk,Norwich,NR9 5AD,East of England,no
120859,926,Norfolk,St William's Primary School,www.st-williams.norfolk.sch.uk/,Norwich,NR7 0AJ,East of England,no
145914,926,Norfolk,St. Clements Hill Primary Academy,www.stclementsacademy.co.uk,Norwich,NR3 4AR,East of England,no
140819,926,Norfolk,Stalham Academy,www.stalhamacademy.co.uk,Norwich,NR12 9PS,East of England,no
141395,926,Norfolk,Stalham High School,http://www.stalhamhigh.co.uk/,Norwich,NR12 9DG,East of England,no
147321,926,Norfolk,Stalham Infant School and Nursery,www.stalhaminfantschool.co.uk,Norwich,NR12 9PS,East of England,no
120910,926,Norfolk,Stoke Holy Cross Primary School,www.stokeholycross.norfolk.sch.uk,Norwich,NR14 8LY,East of England,no
141358,926,Norfolk,Stradbroke Primary Academy,http://www.inspirationtrust.org/stradbrokeprimary,Great Yarmouth,NR31 6LZ,East of England,no
120908,926,Norfolk,"Suffield Park Infant and Nursery School, Cromer",www.suffieldparkinfantschool.co.uk/,Cromer,NR27 0AD,East of England,no
144973,926,Norfolk,Surlingham Primary School,https://www.rockland-surlingham-schools.co.uk,Norwich,NR14 7DQ,East of England,no
150582,926,Norfolk,Sutton Church of England Infant Acdemy,www.swallowtailfederation.co.uk,Norwich,NR12 9QP,East of England,no
141663,926,Norfolk,Swaffham CofE Primary Academy,www.swaffhamprimary.dneat.org,Swaffham,PE37 7EA,East of England,no
120856,926,Norfolk,Swanton Abbott Community Primary School,www.swantonabbott.norfolk.sch.uk/,Norwich,NR10 5DZ,East of England,no
148995,926,Norfolk,Tacolneston Church of England Primary Academy,https://tacolneston.norfolk.sch.uk/,Norwich,NR16 1AL,East of England,no
139487,926,Norfolk,Taverham High School,http://www.taverhamhigh.norfolk.sch.uk/,Norwich,NR8 6HP,East of England,no
121062,926,Norfolk,Taverham VC CE Junior School,www.taverhamjunior.co.uk,Norwich,NR8 6SX,East of England,no
120883,926,Norfolk,Terrington St John Primary School,www.terrington-st-john.norfolk.sch.uk/,Wisbech,PE14 7SG,East of England,no
120784,926,Norfolk,The Bawburgh School,www.bawburgh.norfolk.sch.uk/,Norwich,NR9 3LR,East of England,no
142633,926,Norfolk,The Bishop's Church of England Primary Academy,www.bishop.norfolk.sch.uk,Thetford,IP24 1EB,East of England,no
148618,926,Norfolk,The Bridge Easton,www.thebridgetrust.academy,Easton,NR9 5EA,East of England,no
121261,926,Norfolk,The Clare School,www.clareschool.co.uk,Norwich,NR4 7AU,East of England,no
136821,926,Norfolk,The Free School Norwich,www.freeschoolnorwich.org.uk/,Norwich,NR1 3NX,East of England,no
149197,926,Norfolk,The Harleston Sancroft Academy (a 3-16 Church of England School),www.sancroft.stbenets.org,Harleston,IP20 9DD,East of England,no
138918,926,Norfolk,The Nicholas Hamond Academy,http://tnha.attrust.org.uk/,Swaffham,PE37 7DZ,East of England,no
140914,926,Norfolk,"The Norman Church of England Primary School, Northwold",norman.demat.org.uk,Thetford,IP26 5NB,East of England,no
135650,926,Norfolk,The Open Academy,http://www.open-academy.org.uk/,Norwich,NR7 9DL,East of England,no
121262,926,Norfolk,"The Parkside School, Norwich",http://www.parkside.norfolk.sch.uk/,Norwich,NR2 3JA,East of England,no
139665,926,Norfolk,The Pinetree School,www.pinetreeschool.org.uk,Thetford,IP24 3LH,East of England,no
136204,926,Norfolk,The Thetford Academy,https://www.thethetfordacademy.org,Thetford,IP24 1LH,East of England,no
144769,926,Norfolk,The Wherry School,www.thewherryschool.co.uk,Norwich,NR1 2GB,East of England,no
141192,926,Norfolk,Thomas Bullock Church of England Primary and Nursery Academy,www.thomasbullock.dneat.org/,Thetford,IP25 7LF,East of England,no
144147,926,Norfolk,Thompson Primary School,http://www.thompson.cee.coop,Thetford,IP24 1PY,East of England,no
143278,926,Norfolk,Thorpe St Andrew School and Sixth Form,http://thorpestandrewschool.org.uk/,Norwich,NR7 0XS,East of England,no
144974,926,Norfolk,Thurlton Primary School,https://www.thurlton.org.uk/,Norwich,NR14 6RN,East of England,no
121063,926,Norfolk,Thurton Primary School,www.thurton.norfolk.sch.uk,Norwich,NR14 6AT,East of England,no
141845,926,Norfolk,Tilney All Saints CofE Primary School,tilneyallsaints.demat.org.uk,King's Lynn,PE34 4RP,East of England,no
120884,926,Norfolk,Tilney St Lawrence Community Primary School,http://www.windmillfederation.org.uk,King's Lynn,PE34 4QZ,East of England,no
144426,926,Norfolk,Tivetshall Community Primary School,www.burston-tivetshall-schools.co.uk,Norwich,NR15 2BP,East of England,no
121206,926,Norfolk,Toftwood Infant School,toftwoodfederation.co.uk,Dereham,NR19 1LS,East of England,no
120862,926,Norfolk,Trowse Primary School,www.trowseprimaryschool.co.uk/,Trowse,NR14 8TU,East of England,no
141661,926,Norfolk,Tuckswood Academy,www.tuckswoodacademy.co.uk,Norwich,NR4 6BP,East of England,no
120863,926,Norfolk,Tunstead Primary School,www.tunsteadprimary.co.uk/,Norwich,NR12 8AH,East of England,no
150354,926,Norfolk,UET Compass Academy,https://compassschools.uk/,Great Yarmouth,NR31 9LD,East of England,no
140753,926,Norfolk,UET Pathfinder Academy,www.pathfinderschools.uk,Norwich,NR10 5JW,East of England,no
141086,926,Norfolk,University Technical College Norfolk,http://utcn.org.uk/,Norwich,NR4 6FF,East of England,no
144017,926,Norfolk,Upwell Academy,www.upwellacademy.co.uk,Wisbech,PE14 9EW,East of England,no
151308,926,Norfolk,Valley Primary Academy,,Norwich,NR5 8XZ,East of England,no
142751,926,Norfolk,Walpole Cross Keys Primary School,www.walpolecrosskeysprimary.co.uk,King's Lynn,PE34 4HD,East of England,no
120887,926,Norfolk,Walpole Highway Primary School,www.walpolehighway.norfolk.sch.uk,Wisbech,PE14 7QQ,East of England,no
138797,926,Norfolk,Walsingham CE VA Primary School,http://www.walsingham.norfolk.sch.uk/,WALSINGHAM,NR22 6DU,East of England,no
120888,926,Norfolk,Watlington Community Primary School,www.watlingtonprimary.co.uk,King's Lynn,PE33 0HU,East of England,no
147969,926,Norfolk,Watton Junior School,https://www.wattonwestfieldandjunior.org.uk/,Thetford,IP25 6AL,East of England,no
143956,926,Norfolk,Watton Westfield Infant and Nursery School,https://www.wattonwestfieldandjunior.org.uk/,Thetford,IP25 6AU,East of England,no
137949,926,Norfolk,Wayland Academy,www.inspirationtrust.org/wayland-academy,Thetford,IP25 6BA,East of England,no
140681,926,Norfolk,Weeting Church of England Primary School,weeting.demat.org.uk,Brandon,IP27 0QQ,East of England,no
144975,926,Norfolk,Wells-Next-the-Sea Primary and Nursery School,https://www.wensumtrust.org.uk/wells-next-the-sea,Wells-Next-the-Sea,NR23 1JG,East of England,no
141356,926,Norfolk,Wensum Junior School,www.wensumjunior.co.uk/,Norwich,NR2 4HB,East of England,no
141168,926,Norfolk,West Lynn Primary School,www.westlynn.norfolk.sch.uk,King's Lynn,PE34 3JL,East of England,no
120890,926,Norfolk,West Walton Community Primary School,www.westwaltonprimary.com,Wisbech,PE14 7HA,East of England,no
120899,926,Norfolk,West Winch Primary School,http://www.westwinchprimary.co.uk,King's Lynn,PE33 0LA,East of England,no
147092,926,Norfolk,White House Farm,www.whitehousefarmprimary.org,Norwich,NR7 8DN,East of England,no
141314,926,Norfolk,Whitefriars Church of England Primary Academy,http://www.whitefriars.norfolk.sch.uk,King's Lynn,PE30 5AH,East of England,no
121205,926,Norfolk,Wicklewood Primary School and Nursery,www.wicklewoodschool.co.uk/,Wymondham,NR18 9QJ,East of England,no
145533,926,Norfolk,Wimbotsham and Stow Academy,https://www.wimbotshamandstowacademy.co.uk/,King's Lynn,PE34 3QH,East of England,no
146757,926,Norfolk,Winterton Primary School and Nursery,www.wintertonprimaryschool.org.uk,Great Yarmouth,NR29 4AP,East of England,no
120912,926,Norfolk,Woodland View Junior School,http://www.woodlandview.norfolk.sch.uk,Norwich,NR10 3PY,East of England,no
139580,926,Norfolk,Woodlands Primary Academy,https://www.woodlandsprimaryacademy.org.uk/,Great Yarmouth,NR31 8QQ,East of England,no
120866,926,Norfolk,Woodton Primary School,www.ellinghamandwoodton.co.uk,Bungay,NR35 2LL,East of England,no
121066,926,Norfolk,Worstead Church of England Primary School,worstead.norfolk.sch.uk,North Walsham,NR28 9RQ,East of England,no
121095,926,Norfolk,Wreningham VC Primary School,http://www.wreningham.norfolk.sch.uk,Norwich,NR16 1AW,East of England,no
143461,926,Norfolk,Wroughton Infant Academy,https://www.wroughtonacademies.org.uk/,Great Yarmouth,NR31 8AH,East of England,no
143522,926,Norfolk,Wroughton Junior Academy,https://www.wroughtonacademies.org.uk/,Great Yarmouth,NR31 8BD,East of England,no
136481,926,Norfolk,Wymondham College,http://www.wymondhamcollege.org,Wymondham,NR18 9SZ,East of England,no
147857,926,Norfolk,Wymondham College Prep School,www.wymondhamcollegeprepschool.org,Wymondham,NR18 9SZ,East of England,no
137461,926,Norfolk,Wymondham High Academy,http://www.wymondhamhigh.co.uk,Wymondham,NR18 0QT,East of England,no
149744,926,Norfolk,Yaxham Church of England Primary Academy,www.yaxhamprimaryschool.co.uk,Dereham,NR19 1RU,East of England,no
121026,926,Norfolk,Ashill Voluntary Controlled Primary School,www.ashillschool.co.uk,Thetford,IP25 7AP,East of England,yes
120922,926,Norfolk,"Ashleigh Primary School and Nursery, Wymondham",www.ashleighprimary.com,Wymondham,NR18 0HL,East of England,yes
120928,926,Norfolk,Avenue Junior School,www.avenuejuniorschool.org,Norwich,NR2 3HP,East of England,yes
120789,926,Norfolk,Bressingham Primary School,www.bressingham.norfolk.sch.uk/,Diss,IP22 2AR,East of England,yes
120867,926,Norfolk,Browick Road Primary and Nursery School,www.browickroadprimary.co.uk,Wymondham,NR18 0QW,East of England,yes
120794,926,Norfolk,Buxton Primary School,www.buxtonschool.co.uk,Norwich,NR10 5EZ,East of England,yes
120796,926,Norfolk,Caister Infant With Nursery School,https://caisterprimaryfederation.org/infant-nursery/,Great Yarmouth,NR30 5ET,East of England,yes
120795,926,Norfolk,Caister Junior School,https://caisterprimaryfederation.org/junior/,Great Yarmouth,NR30 5ET,East of England,yes
134960,926,Norfolk,Catton Grove Primary School,www.cattongrove.norfolk.sch.uk/,Norwich,NR3 3TP,East of England,yes
121018,926,Norfolk,Chapel Break Infant School,https://www.chapelbreakinfantschool.org.uk/,Norwich,NR5 9LU,East of England,yes
135904,926,Norfolk,City Academy Norwich,https://canorwich.org,Norwich,NR4 7LP,East of England,yes
121017,926,Norfolk,Coltishall Primary School,http://www.coltishall.norfolk.sch.uk,Norwich,NR12 7HA,East of England,yes
121013,926,Norfolk,"Downham Market, Hillcrest Primary School",www.hillcrest.norfolk.sch.uk/,Downham Market,PE38 9ND,East of England,yes
120995,926,Norfolk,Drake Primary School,www.drake.norfolk.sch.uk,Thetford,IP24 1JW,East of England,yes
120913,926,Norfolk,Falcon Junior School,http://www.falcon.norfolk.sch.uk/,Norwich,NR7 8NT,East of England,yes
121081,926,Norfolk,Fleggburgh CofE Primary School,www.fleggburghprimary.org.uk/,Great Yarmouth,NR29 3AG,East of England,yes
141778,926,Norfolk,Gillingham St Michael's Church of England Primary Academy,http://www.gillingham.dneat.org/,Beccles,NR34 0HT,East of England,yes
120815,926,Norfolk,Hempnall Primary School,www.hempnall.norfolk.sch.uk,Norwich,NR15 2AD,East of England,yes
120816,926,Norfolk,Hemsby Primary School,https://caisterprimaryfederation.org/hemsby/,Great Yarmouth,NR29 4LH,East of England,yes
120918,926,Norfolk,"Hethersett, Woodside Primary & Nursery School",www.hethersettwoodside.org.uk/,Norwich,NR9 3GN,East of England,yes
120821,926,Norfolk,Holt Community Primary School,www.holt.norfolk.sch.uk/,Holt,NR25 6SG,East of England,yes
120984,926,Norfolk,Kinsale Infant School,http://www.kinsaleinfant.norfolk.sch.uk,Norwich,NR6 5SG,East of England,yes
134965,926,Norfolk,Lakenham Primary School,www.lakenhamprimaryschool.co.uk/,Norwich,NR1 2HL,East of England,yes
120830,926,Norfolk,Ludham Primary School and Nursery,http://www.ludham.norfolk.sch.uk,Great Yarmouth,NR29 5QN,East of England,yes
120932,926,Norfolk,Magdalen Gates Primary School,www.magdalengates.norfolk.sch.uk/,Norwich,NR3 1NG,East of England,yes
134043,926,Norfolk,Necton VA Primary School,www.necton.norfolk.sch.uk,Swaffham,PE37 8HT,East of England,yes
120840,926,Norfolk,Ormesby Village Infant School,www.ormesbyinfant.norfolk.sch.uk,Great Yarmouth,NR29 3RY,East of England,yes
120917,926,Norfolk,Ormesby Village Junior School,www.ormesbyjunior.norfolk.sch.uk,Great Yarmouth,NR29 3LA,East of England,yes
120841,926,Norfolk,Poringland Primary School,www.poringlandprimary.co.uk/,Norwich,NR14 7RF,East of England,yes
120843,926,Norfolk,Rackheath Primary School,www.rackheath.norfolk.sch.uk/,Norwich,NR13 6SL,East of England,yes
134964,926,Norfolk,Recreation Road Infant School,www.recreationroad.com/,Norwich,NR2 3PA,East of England,yes
120847,926,Norfolk,Rocklands Community Primary School,http://www.rocklands.norfolk.sch.uk,Attleborough,NR17 1TP,East of England,yes
121067,926,Norfolk,Scarning Voluntary Controlled Primary School,www.scarningprimary.co.uk/,Dereham,NR19 2PW,East of England,yes
120851,926,Norfolk,Sheringham Community Primary School,http://www.sheringhamprimary.norfolk.sch.uk,Sheringham,NR26 8UH,East of England,yes
120999,926,Norfolk,Sparhawk Infant School & Nursery,www.sprowstonsparhawk.norfolk.sch.uk/,Norwich,NR7 8BU,East of England,yes
120920,926,Norfolk,St John's Community Primary School and Nursery,www.hovetonstjohn.co.uk,Norwich,NR12 8NX,East of England,yes
121011,926,Norfolk,"St Mary's Community Primary School, Beetley",www.beetleyschool.co.uk,Dereham,NR20 4BW,East of England,yes
120972,926,Norfolk,"St. George's Primary School & St. George's Nursery School, Great Yarmouth",http://www.stgeorgesprimary.norfolk.sch.uk,Great Yarmouth,NR30 3BQ,East of England,yes
121083,926,Norfolk,Swanton Morley VC Primary School,http://www.swantonmorleyprimary.co.uk,Dereham,NR20 4PX,East of England,yes
121022,926,Norfolk,Terrington St Clement Community School,www.terringtonstclementschool.co.uk,Kings Lynn,PE34 4LZ,East of England,yes
120954,926,Norfolk,West Earlham Infant and Nursery School,www.weins.co.uk,Norwich,NR5 8HT,East of England,yes
120958,926,Norfolk,West Earlham Junior School,www.wejs.co.uk/,Norwich,NR5 8HT,East of England,yes
120914,926,Norfolk,White Woman Lane Junior School,http://www.whitewomanlane.norfolk.sch.uk,Norwich,NR6 7JA,East of England,yes
