urn,district_code,district_name,school_name,website,town,postcode,region,has_email_collected
144181,929,Northumberland,Abbeyfields First School,https://afs.cheviotlt.co.uk/,Morpeth,NE61 2LZ,North East,no
143543,929,Northumberland,Adderlane Academy,https://adderlane.wiseacademies.co.uk/,Prudhoe,NE42 5HX,North East,no
122171,929,Northumberland,Allendale Primary School,www.allendaleprimary.northumberland.sch.uk,Allendale,NE47 9PS,North East,no
122173,929,Northumberland,Amble Links Primary School,www.amblelinks.northumberland.sch.uk,Morpeth,NE65 0SA,North East,no
144601,929,Northumberland,Ashington Academy,www.ashingtonacademy.co.uk,Ashington,NE63 8DH,North East,no
122222,929,Northumberland,Beaufront First School,http://www.beaufront.northumberland.sch.uk/,Hexham,NE46 4LY,North East,no
135619,929,Northumberland,Bede Academy,www.bedeacademy.org.uk,Blyth,NE24 2SY,North East,no
144977,929,Northumberland,Bedlington Academy,www.bedlingtonacademy.co.uk,Bedlington,NE22 7DS,North East,no
122176,929,Northumberland,Bedlington West End Primary School,www.westend.northumberland.sch.uk/,Bedlington,NE22 6EB,North East,no
122281,929,Northumberland,Bedlington Whitley Memorial Church of England Primary School,www.whitley.northumberland.sch.uk/,Bedlington,NE22 5DE,North East,no
122244,929,Northumberland,Belford Primary School,http://www.belfordprimary.northumberland.sch.uk/,Belford,NE70 7QD,North East,no
122350,929,Northumberland,Bellingham Middle School and Sports College,http://www.bellinghammiddle.northumberland.sch.uk/,Hexham,NE48 2EN,North East,no
122183,929,Northumberland,Bellingham Primary School,http://www.bellinghamprimary.northumberland.sch.uk/,Hexham,NE48 2EL,North East,no
145779,929,Northumberland,Belsay Primary School,https://www.belsay.northumberland.sch.uk/,Newcastle-upon-Tyne,NE20 0ET,North East,no
137598,929,Northumberland,Berwick Academy,http://www.berwickacademy.co.uk,Berwick-upon-Tweed,TD15 2JF,North East,no
122271,929,Northumberland,Berwick St Mary's Church of England First School,http://www.berwickstmarysschool.co.uk,Berwick-upon-Tweed,TD15 1SP,North East,no
122239,929,Northumberland,Bothal Primary School,,Ashington,NE63 8HZ,North East,no
122285,929,Northumberland,Broomhaugh (VA) Church of England First School,www.broomhaugh.northumberland.sch.uk,Riding Mill,NE44 6DR,North East,no
146860,929,Northumberland,Broomley First School,https://bfs.cheviotlt.co.uk/,Stocksfield,NE43 7NN,North East,no
122266,929,Northumberland,Burnside Primary School,www.burnsideprimary.co.uk/,Cramlington,NE23 1XZ,North East,no
122232,929,Northumberland,Cambo First School,www.camboschool.com/,Morpeth,NE61 4BE,North East,no
122179,929,Northumberland,Cambois Primary School,www.cambois.northumberland.sch.uk,Blyth,NE24 1RD,North East,no
122272,929,Northumberland,Chollerton Church of England Aided First School,http://www.chollerton.northumberland.sch.uk/,Hexham,NE48 4AA,North East,no
122180,929,Northumberland,Choppington Primary School,www.choppington.northumberland.sch.uk/,Choppington,NE62 5RR,North East,no
122389,929,Northumberland,Collingwood School & Media Arts College,http://www.collingwoodmediacollege.co.uk,Morpeth,NE61 2HA,North East,no
122287,929,Northumberland,Corbridge (VA) Church of England First School,http://www.corbridgefirst.northumberland.sch.uk/,Corbridge,NE45 5JQ,North East,no
122326,929,Northumberland,Corbridge Middle School,www.corbridgemiddle.co.uk,Corbridge,NE45 5HX,North East,no
134473,929,Northumberland,Cragside CofE Controlled Primary School,www.cragside.northumberland.sch.uk,Cramlington,NE23 6LW,North East,no
122383,929,Northumberland,Cramlington Hillcrest School,http://www.hillcrest.northumberland.sch.uk/,Cramlington,NE23 1DY,North East,no
137457,929,Northumberland,Cramlington Learning Village,http://www.cramlingtonlv.co.uk/,Cramlington,NE23 6BN,North East,no
122269,929,Northumberland,Cramlington Northburn Primary School,www.northburn.northumberland.sch.uk/,Cramlington,NE23 3QS,North East,no
138257,929,Northumberland,Cramlington Village Primary School,www.villageprimary.org,Cramlington,NE23 2SN,North East,no
146545,929,Northumberland,Croftway Academy,https://croftway.wiseacademies.co.uk/,Blyth,NE24 2HP,North East,no
145781,929,Northumberland,Darras Hall Primary School,www.darrashallprimary.com,Newcastle-upon-Tyne,NE20 9DS,North East,no
145639,929,Northumberland,Dr Thomlinson Church of England Middle School,www.dtms.cheviotlt.co.uk,Morpeth,NE65 7RJ,North East,no
122289,929,Northumberland,Ellingham Church of England Aided Primary School,www.ellingham.northumberland.sch.uk,Chathill,NE67 5ET,North East,no
122198,929,Northumberland,Ellington Primary School,www.ellingtonprimaryschool.co.uk/,Morpeth,NE61 5HL,North East,no
122290,929,Northumberland,Embleton Vincent Edwards Church of England Primary School,www.embletonprimaryschool.com/,Alnwick,NE66 3XR,North East,no
132771,929,Northumberland,Emily Wilding Davison School,https://ewd.northumberland.sch.uk/,Newcastle-upon-Tyne,NE20 9QB,North East,no
122273,929,Northumberland,Felton Church of England Primary School,www.felton.northumberland.sch.uk,Morpeth,NE65 9PY,North East,no
149842,929,Northumberland,Gilbert Ward Academy,https://www.gilbertwardacademy.co.uk/,Blyth,NE24 2TS,North East,no
122352,929,Northumberland,Glendale Middle School,http://www.glendale.northumberland.sch.uk/,Wooler,NE71 6QF,North East,no
135634,929,Northumberland,Grange View Church of England Voluntary Controlled Primary School,http://www.grangeview.northumberland.sch.uk/website,Morpeth,NE61 5LZ,North East,no
122226,929,Northumberland,Greenhaugh Primary School,www.greenhaughprimaryschool.co.uk,Hexham,NE48 1LX,North East,no
151098,929,Northumberland,Greenhead Church of England Nursery and Primary School,http://www.greenhead.northumberland.sch.uk/,Brampton,CA8 7HB,North East,no
146372,929,Northumberland,Haltwhistle Primary Academy,https://haltwhistle.wiseacademies.co.uk/,Haltwhistle,NE49 9BA,North East,no
145638,929,Northumberland,Harbottle Church of England First School,hfs.cheviotlt.co.uk,Morpeth,NE65 7DG,North East,no
122268,929,Northumberland,Hareside Primary School,www.haresideprimary.co.uk,Cramlington,NE23 6BL,North East,no
122328,929,Northumberland,Haydon Bridge High School,http://www.haydonbridgehigh.co.uk,Hexham,NE47 6LR,North East,no
145782,929,Northumberland,"Heddon-on-the-Wall, St Andrew's Church of England Primary School",http://www.heddon-school.co.uk,Newcastle-upon-Tyne,NE15 0BJ,North East,no
151097,929,Northumberland,Henshaw Church of England Primary School,www.henshaw.northumberland.sch.uk,Hexham,NE47 7EP,North East,no
122203,929,Northumberland,Hexham First School,www.hexhamfirst.northumberland.sch.uk,Hexham,NE46 1JD,North East,no
143292,929,Northumberland,Hexham Middle School,http://www.hexhammiddle.co.uk/,Hexham,NE46 3JB,North East,no
146121,929,Northumberland,Hexham Priory School,www.hexhamprioryschool.co.uk,Hexham,NE46 1UY,North East,no
146871,929,Northumberland,Highfield Middle School,https://hms.cheviotlt.co.uk/,Prudhoe,NE42 6EY,North East,no
122264,929,Northumberland,Hipsburn Primary School,www.hipsburn.northumberland.sch.uk/,Alnwick,NE66 3PX,North East,no
122294,929,Northumberland,Holy Island Church of England First School,www.lowickholyislandschools.org.uk,Berwick-upon-Tweed,TD15 2SQ,North East,no
122282,929,Northumberland,Holy Trinity Church of England First School,www.holytrinity.northumberland.sch.uk,Berwick-upon-Tweed,TD15 1NB,North East,no
122254,929,Northumberland,Horton Grange Primary School,www.blythhortongrange.co.uk,Blyth,NE24 4RE,North East,no
122291,929,Northumberland,"Hugh Joicey Church of England First School, Ford",www.ford.northumberland.sch.uk/,Berwick-upon-Tweed,TD15 2QA,North East,no
122233,929,Northumberland,Kielder Primary School and Nursery,www.kielderprimary.org.uk,Hexham,NE48 1HQ,North East,no
122174,929,Northumberland,King Edwin Primary School,www.kingedwin.northumberland.sch.uk/web/,Amble,NE65 0ND,North East,no
122199,929,Northumberland,Linton Primary School,http://www.linton.northumberland.sch.uk/,Morpeth,NE61 5SG,North East,no
122283,929,Northumberland,Longhorsley St Helen's Church of England Aided First School,www.longhorsley-st-helens.northumberland.sch.uk/,Morpeth,NE65 8UT,North East,no
122277,929,Northumberland,Longhoughton Church of England Primary School,http://www.longhoughton.northumberland.sch.uk,Alnwick,NE66 3AJ,North East,no
131221,929,Northumberland,Lowick Church of England Voluntary Controlled First School,www.lowickholyislandschools.org.uk,Lowick,TD15 2UA,North East,no
146544,929,Northumberland,Malvin's Close Academy,https://malvinsclose.wiseacademies.co.uk/,Blyth,NE24 5BL,North East,no
138078,929,Northumberland,Meadowdale Academy,http://www.meadowdaleacademy.co.uk/,Bedlington,NE22 6HA,North East,no
146937,929,Northumberland,Mickley First School,www.mickley.northumberland.sch.uk/,Stocksfield,NE43 7BG,North East,no
149716,929,Northumberland,Morpeth All Saints Church of England First School,http://www.morpethallsaints.com,Morpeth,NE61 3RD,North East,no
137747,929,Northumberland,Morpeth Chantry Middle School,,Morpeth,NE61 1RQ,North East,no
122210,929,Northumberland,Morpeth First School,http://www.morpethgoosehill.org/web,Morpeth,NE61 2AP,North East,no
137748,929,Northumberland,Morpeth Newminster Middle School,https://nms.cheviotlt.co.uk/,Morpeth,NE61 1RH,North East,no
139756,929,Northumberland,Morpeth Road Academy,https://morpethroad.wiseacademies.co.uk/,Blyth,NE24 5TQ,North East,no
147820,929,Northumberland,Morpeth Stobhillgate First School,https://sfs.cheviotlt.co.uk/,Morpeth,NE61 2HA,North East,no
122243,929,Northumberland,Mowbray Primary School,www.mowbrayprimary.northumberland.sch.uk,Choppington,NE62 5HQ,North East,no
145956,929,Northumberland,NCEA Bishop's Primary School,http://bishops.ncea.org.uk,Ashington,NE63 9FZ,North East,no
145957,929,Northumberland,NCEA Castle School,www.castle.ncea.org.uk,Ashington,NE63 9FZ,North East,no
148765,929,Northumberland,NCEA Grace Darling CofE Primary School,gracedarling.ncea.org.uk,Newbiggin-By-the-Sea,NE64 6RT,North East,no
148763,929,Northumberland,NCEA James Knott CofE Primary School,,Ashington,NE63 0LF,North East,no
148766,929,Northumberland,NCEA Thomas Bewick C of E Primary School,https://thomasbewick.ncea.org.uk/,Ashington,NE63 9LP,North East,no
147930,929,Northumberland,NCEA Warkworth Church of England Primary School,www.warkworth.ncea.org.uk,Morpeth,NE65 0TJ,North East,no
148764,929,Northumberland,NCEA William Leech CofE Primary School,williamleech.ncea.org.uk,MORPETH,NE61 5TR,North East,no
149850,929,Northumberland,Ncea Harry Hotspur Church of England Primary School,www.harryhotspur.ncea.org.uk,Alnwick,NE66 1DJ,North East,no
122258,929,Northumberland,New Delaval Primary School,www.newdelavalprimary.co.uk,Blyth,NE24 4DA,North East,no
122224,929,Northumberland,New Hartley First School,www.newhartley.northumberland.sch.uk/,Whitley Bay,NE25 0RD,North East,no
149724,929,Northumberland,Newbrough Church of England Primary School,https://www.newbrough.northumberland.sch.uk,Hexham,NE47 5AQ,North East,no
122261,929,Northumberland,Newsham Primary School,www.newshamprimary.co.uk,Blyth,NE24 4NX,North East,no
135064,929,Northumberland,Norham St Ceolwulfs CofE Controlled First School,https://www.norham.northumberland.sch.uk/,Berwick-upon-Tweed,TD15 2JZ,North East,no
132130,929,Northumberland,Northumberland Pupil Referral Unit,www.pru.northumberland.sch.uk,Cramlington,NE23 7EB,North East,no
122215,929,Northumberland,Otterburn Primary School,www.otterburn.northumberland.sch.uk,,NE19 1JF,North East,no
146931,929,Northumberland,Ovingham Church of England First School,www.ofs.cheviotlt.co.uk,Prudhoe,NE42 6DE,North East,no
146894,929,Northumberland,Ovingham Middle School,https://oms.cheviotlt.co.uk/,Prudhoe,NE42 6DE,North East,no
122216,929,Northumberland,Pegswood Primary School,http://www.pegswood.northumberland.sch.uk,Morpeth,NE61 6XG,North East,no
143469,929,Northumberland,Ponteland Community Primary School,www.ponteland.academy,Newcastle-upon-Tyne,NE20 9EY,North East,no
145783,929,Northumberland,Ponteland High School,http://ponthigh.org.uk/,Ponteland,NE20 9EG,North East,no
145780,929,Northumberland,Ponteland Primary School,www.pontelandprimary.co.uk,,NE20 9EG,North East,no
146924,929,Northumberland,Prudhoe Castle First School,https://pcfs.cheviotlt.co.uk/,Prudhoe,NE42 6PN,North East,no
146926,929,Northumberland,Prudhoe Community High School,http://www.pchs.org.uk,Prudhoe,NE42 5LJ,North East,no
144180,929,Northumberland,Prudhoe West Academy,https://prudhoewest.wiseacademies.co.uk/,Prudhoe,NE42 6HR,North East,no
143291,929,Northumberland,Queen Elizabeth High School,http://www.qehs.net,Hexham,NE46 3JB,North East,no
122197,929,Northumberland,Red Row Primary School,www.redrow.northumberland.sch.uk/,Morpeth,NE61 5AS,North East,no
145784,929,Northumberland,Richard Coates Church of England Primary School,http://www.richardcoatesceprimary.co.uk,Newcastle-upon-Tyne,NE20 9QB,North East,no
122247,929,Northumberland,Ringway Primary School,www.ringwayprimaryschool.co.uk/,Choppington,NE62 5YP,North East,no
122221,929,Northumberland,Rothbury First School,www.rothburyfirst.northumberland.sch.uk,Morpeth,NE65 7PG,North East,no
122248,929,Northumberland,Scremerston First School,www.scremerstonschool.org.uk/,Berwick-upon-Tweed,TD15 2RB,North East,no
122214,929,Northumberland,Seahouses Primary School,www.Seahousesprimary.com,Seahouses,NE68 7YF,North East,no
122223,929,Northumberland,Seaton Delaval First School,www.seatondelaval.northumberland.sch.uk/,Whitley Bay,NE25 0EP,North East,no
122234,929,Northumberland,Seaton Sluice First School,http://www.seatonsluicesouth.northumberland.sch.uk/,Whitley Bay,NE26 4BX,North East,no
122225,929,Northumberland,Seghill First School,www.seghill.northumberland.sch.uk,Cramlington,NE23 7SB,North East,no
145412,929,Northumberland,Shaftoe Trust Academy,https://shaftoe.wiseacademies.co.uk/,Hexham,NE47 6BN,North East,no
122238,929,Northumberland,Shilbottle Primary School,http://www.shilbottle.northumberland.sch.uk,Alnwick,NE66 2XQ,North East,no
122227,929,Northumberland,Slaley First School,www.slaley.northumberland.sch.uk,,NE47 0AA,North East,no
141832,929,Northumberland,Ss Peter and Paul's Catholic Primary Academy,www.ss-peterandpauls.co.uk,Cramlington,NE23 6DB,North East,no
148504,929,Northumberland,"St Aidan's Catholic Primary School, Ashington",http://www.st-aidans.northumberland.sch.uk,Ashington,NE63 9LR,North East,no
148283,929,Northumberland,St Bede's Catholic Primary School,www.st-bedes.northumberland.sch.uk,Bedlington,NE22 6EQ,North East,no
141814,929,Northumberland,St Benet Biscop Catholic Academy,http://www.st-benetbiscop.org.uk/,Bedlington,NE22 6ED,North East,no
148998,929,Northumberland,"St Cuthberts Catholic First School, Berwick",www.st-cuthbertsrc.northumberland.sch.uk,Berwick-upon-Tweed,TD15 2EX,North East,no
148260,929,Northumberland,"St Joseph's Catholic Middle School, Hexham",stjosephshexham.bwcet.com,Hexham,NE46 2DD,North East,no
148261,929,Northumberland,"St Mary's Catholic First School, Hexham",stmaryshexham.bwcet.com,Hexham,NE46 2EE,North East,no
141828,929,Northumberland,"St Matthew's Catholic Primary School, Prudhoe",www.stmatthewsprudhoe.org,Prudhoe,NE42 6EY,North East,no
148503,929,Northumberland,"St Paul's Catholic Primary School, Alnwick",www.stpaulsalnwick.co.uk,Alnwick,NE66 2NU,North East,no
148999,929,Northumberland,"St Roberts Catholic First School, Morpeth",http://www.st-roberts.northumberland.sch.uk,Morpeth,NE61 1QF,North East,no
148282,929,Northumberland,St Wilfrid's Catholic Primary School,www.blythstwilfridsprimary.northumberland.sch.uk,Blyth,NE24 2LE,North East,no
122178,929,Northumberland,Stakeford Primary School,http://www.stakeford.northumberland.sch.uk/,Choppington,NE62 5TZ,North East,no
122202,929,Northumberland,Stamfordham Primary School,www.stamfordhamvillageschool.org.uk,Newcastle-upon-Tyne,NE18 0NA,North East,no
122228,929,Northumberland,Stannington First School,www.stannington.northumberland.sch.uk,Morpeth,NE61 6HJ,North East,no
122172,929,Northumberland,Swansfield Park Primary School,www.swansfield.northumberland.sch.uk,Alnwick,NE66 1UL,North East,no
140002,929,Northumberland,The Blyth Academy,tba.northerneducationtrust.org,Blyth,NE24 4JP,North East,no
150196,929,Northumberland,The Duchess's Community High School,http://www.dchs-alnwick.org/,Alnwick,NE66 2DH,North East,no
137746,929,Northumberland,The King Edward VI School,http://www.kevi.info,Morpeth,NE61 1DN,North East,no
145637,929,Northumberland,Thropton Village First School,http://www.tvfs.cheviotlt.co.uk,Morpeth,NE65 7JD,North East,no
122187,929,Northumberland,Tweedmouth Prior Park First School,http://www.tweedmouthpriorpark.northumberland.sch.uk/,Berwick-upon-Tweed,TD15 2DB,North East,no
149903,929,Northumberland,Wark Church of England Primary School,www.warkprimaryschool.co.uk,Hexham,NE48 3LS,North East,no
144478,929,Northumberland,Whitfield CofE Primary School,https://www.whitfieldprimary.uk/,Hexham,NE47 8JH,North East,no
122293,929,Northumberland,Whitley Chapel Church of England First School,www.whitleyfirst.northumberland.sch.uk/,Hexham,NE47 0HB,North East,no
122279,929,Northumberland,Whittingham Church of England Primary School,http://www.whittinghamprimaryschool.co.uk,Alnwick,NE66 4UP,North East,no
146949,929,Northumberland,Whittonstall First School,whfs.cheviotlt.co.uk,Consett,DH8 9JN,North East,no
122236,929,Northumberland,Wooler First School,www.wooler.northumberland.sch.uk/,Wooler,NE71 6QF,North East,no
146911,929,Northumberland,Wylam First School,https://wfs.cheviotlt.co.uk/,Wylam,NE41 8EH,North East,no
122170,929,Northumberland,Acomb First School,http://www.acomb.northumberland.sch.uk/,Hexham,NE46 4PL,North East,yes
122374,929,Northumberland,Astley Community High School,www.svf.org.uk,Seaton Delaval,NE25 0BP,North East,yes
122384,929,Northumberland,Barndale School,www.barndalehouse.northumberland.sch.uk,Alnwick,NE66 1DQ,North East,yes
122193,929,Northumberland,Beaconhill Community Primary School,http://www.beaconhill.northumberland.sch.uk,Cramlington,NE23 8EH,North East,yes
122177,929,Northumberland,Bedlington Station Primary School,https://bedlingtonstationprimaryschool.co.uk/,Bedlington,NE22 7JQ,North East,yes
122354,929,Northumberland,Berwick Middle School,http://www.berwickmiddleschool.org.uk/,Berwick-upon-Tweed,TD15 1LA,North East,yes
122188,929,Northumberland,Branton Community Primary School,www.branton.northumberland.sch.uk/,Alnwick,NE66 4JF,North East,yes
122196,929,Northumberland,Broomhill Primary School,http://www.broomhill.northumberland.sch.uk,Morpeth,NE65 9UT,North East,yes
131021,929,Northumberland,Central Primary School,www.centralprimary.co.uk,Ashington,NE63 0AX,North East,yes
122382,929,Northumberland,Cleaswell Hill School,http://www.cleaswellhill.northumberland.sch.uk,Choppington,NE62 5DJ,North East,yes
122194,929,Northumberland,Cramlington Shanklea Primary School,http://www.shanklea.northumberland.sch.uk/,Cramlington,NE23 1RQ,North East,yes
122191,929,Northumberland,Eastlea Primary School,www.eastlea.northumberland.sch.uk/,Cramlington,NE23 3ST,North East,yes
122195,929,Northumberland,Holywell Village First School,www.holywell.northumberland.sch.uk,Whitley Bay,NE25 0LN,North East,yes
122295,929,Northumberland,Humshaugh Church of England First School,http://www.humshaugh.northumberland.sch.uk/,Hexham,NE46 4AA,North East,yes
122363,929,Northumberland,James Calvert Spence College,www.jcsc.co.uk,Morpeth,NE65 0NG,North East,yes
135886,929,Northumberland,NCEA Duke's Secondary School,http://www.ncea.org.uk/,Ashington,NE63 9FZ,North East,yes
122334,929,Northumberland,Seaton Sluice Middle School,www.svf.org.uk,Whitley Bay,NE26 4JS,North East,yes
122185,929,Northumberland,Spittal Community School,www.spittal.northumberland.sch.uk/,Berwick-upon-Tweed,TD15 1RD,North East,yes
122181,929,Northumberland,Stead Lane Primary School,www.steadlaneprimary.org/,Bedlington,NE22 5JS,North East,yes
122240,929,Northumberland,Swarland Primary School,http://www.swarland.northumberland.sch.uk,Morpeth,NE65 9JP,North East,yes
122388,929,Northumberland,The Dales School,https://www.thedales.northumberland.sch.uk/,Blyth,NE24 4RE,North East,yes
122385,929,Northumberland,The Grove Special School,http://www.thegrove.northumberland.sch.uk,Berwick-upon-Tweed,TD15 2EN,North East,yes
122242,929,Northumberland,The Sele First School,www.selefirst.org/,Hexham,NE46 3QZ,North East,yes
122299,929,Northumberland,Tritlington Church of England First School,https://tritlington-first.eschools.co.uk/website,Morpeth,NE61 3DU,North East,yes
122348,929,Northumberland,Tweedmouth Community Middle School,https://tweedmouth.schooljotter2.com,Berwick-upon-Tweed,TD15 2DJ,North East,yes
122186,929,Northumberland,Tweedmouth West First School,http://www.tweedmouthwest.northumberland.sch.uk/,Berwick-upon-Tweed,TD15 2HS,North East,yes
122302,929,Northumberland,Whalton Church of England Aided Primary School,http://www.whalton.northumberland.sch.uk/,Morpeth,NE61 3XH,North East,yes
122335,929,Northumberland,Whytrig Community Middle School,www.svf.org.uk,Whitley Bay,NE25 0BP,North East,yes
