urn,district_code,district_name,school_name,website,town,postcode,region,has_email_collected
139709,931,Oxfordshire,Abbey Woods Academy,www.abbeywoods.anthemtrust.uk,Wallingford,OX10 7LZ,South East,no
150190,931,Oxfordshire,All Saints Church of England Primary School,http://www.all-saints.oxon.sch.uk,Didcot,OX11 7QH,South East,no
123219,931,Oxfordshire,Appleton Church of England (A) Primary School,www.appleton.oxon.sch.uk/,Abingdon,OX13 5JL,South East,no
149419,931,Oxfordshire,Ashbury With Compton Beauchamp Church of England Primary School,www.ashburyprimary.org.uk,Swindon,SN6 8LN,South East,no
123124,931,Oxfordshire,Aston Rowant Church of England Primary School,www.aston-rowant.oxon.sch.uk/,Watlington,OX49 5SU,South East,no
140652,931,Oxfordshire,Aureus Primary School,https://aureusprimaryschool.org/,Didcot,OX11 6GS,South East,no
140653,931,Oxfordshire,Aureus School,www.aureusschool.org,Didcot,OX11 6FF,South East,no
150741,931,Oxfordshire,Badgemore Primary School,http://www.badgemore.oxon.sch.uk,Henley-on-Thames,RG9 2HL,South East,no
142140,931,Oxfordshire,Bampton CofE Primary School,http://www.bamptonprimaryschool.org.uk,Bampton,OX18 2NJ,South East,no
146683,931,Oxfordshire,Bardwell School,www.bardwell.oxon.sch.uk,Bicester,OX26 4RZ,South East,no
123034,931,Oxfordshire,Barley Hill Primary School,http://www.barley-hill.oxon.sch.uk,Thame,OX9 3DH,South East,no
137919,931,Oxfordshire,Bartholomew School,http://www.bartholomew.oxon.sch.uk,Witney,OX29 4AP,South East,no
147865,931,Oxfordshire,Barton Park Primary School,https://www.bartonparkprimary.org/,Oxford,OX3 9WN,South East,no
141231,931,Oxfordshire,Bayards Hill School,www.bayardshillprimary.org,Oxford,OX3 9NU,South East,no
146939,931,Oxfordshire,Beckley Church of England Primary School,www.beckleyschool.org,Oxford,OX3 9UT,South East,no
147507,931,Oxfordshire,Benson Church of England Primary School,www.bensoncofeprimary.org.uk/,Wallingford,OX10 6LX,South East,no
142191,931,Oxfordshire,Bishop Carpenter Church of England Primary School,www.bishopcarpenterschool.com,Banbury,OX15 6AQ,South East,no
144525,931,Oxfordshire,Bishop Loveday Church of England Primary School,www.bishop-loveday.oxon.sch.uk/,Banbury,OX15 4BN,South East,no
149322,931,Oxfordshire,Bishopswood School,www.bishopswoodschool.co.uk,Reading,RG4 9RH,South East,no
123119,931,Oxfordshire,Bladon Church of England Primary School,www.bladon.oxon.sch.uk,Woodstock,OX20 1RW,South East,no
141146,931,Oxfordshire,Blessed George Napier Catholic School and Sixth Form,http://www.blessedgeorgenapier.co.uk,Banbury,OX16 9DG,South East,no
123115,931,Oxfordshire,Bletchingdon Parochial Church of England Primary School,www.bletchingdon.oxon.sch.uk,Kidlington,OX5 3FD,South East,no
147641,931,Oxfordshire,Blewbury Church of England Primary School,https://www.blewbury.oxon.sch.uk/,Didcot,OX11 9QB,South East,no
123098,931,Oxfordshire,Bloxham Church of England Primary School,www.bloxhamprimary.com,Banbury,OX15 4HP,South East,no
149826,931,Oxfordshire,Bloxham Grove Academy,https://bloxhamgroveacademy.co.uk/,Banbury,OX15 4UL,South East,no
147759,931,Oxfordshire,Botley School,https://www.botleyschool.org.uk,Oxford,OX2 9JZ,South East,no
144568,931,Oxfordshire,Brightwell-Cum-Sotwell Church of England Primary School,http://www.brightwell.oxon.sch.uk,Wallingford,OX10 0QH,South East,no
142645,931,Oxfordshire,Brize Norton Primary School,http://www.brizeprimary.org,Carterton,OX18 3PL,South East,no
123007,931,Oxfordshire,Brookside Primary School,www.brookside.oxon.sch.uk,Bicester,OX26 2DB,South East,no
140278,931,Oxfordshire,Buckland Church of England Primary School,http://www.bucklandprimaryschool.org.uk,Faringdon,SN7 8RB,South East,no
142341,931,Oxfordshire,Burford Primary School,http://www.burford-pri.oxon.sch.uk,Burford,OX18 4SG,South East,no
138289,931,Oxfordshire,Burford School,http://www.burford.oxon.sch.uk,Burford,OX18 4PL,South East,no
123087,931,Oxfordshire,Caldecott Primary School,http://www.caldecott.oxon.sch.uk,Abingdon,OX14 5HB,South East,no
123080,931,Oxfordshire,Carswell Community Primary School,www.carswell.oxon.sch.uk/,Abingdon,OX14 1DP,South East,no
123236,931,Oxfordshire,Carterton Community College,http://www.cartertoncc.oxon.sch.uk/,Carterton,OX18 1BU,South East,no
150512,931,Oxfordshire,Carterton Primary School,https://www.carterton.school/,Carterton,OX18 3AD,South East,no
123096,931,Oxfordshire,Chadlington Church of England Primary School,www.chadlington.oxon.sch.uk/,Chipping Norton,OX7 3LY,South East,no
143969,931,Oxfordshire,Chalgrove Community Primary School,http://www.chalgrove.oxon.sch.uk,Oxford,OX44 7ST,South East,no
147640,931,Oxfordshire,Charlbury Primary School,www.charlburyschool.org,,OX7 3TX,South East,no
140237,931,Oxfordshire,Charlton Primary School,http://charltonprimary.ovw10.devwebsite.co.uk,Wantage,OX12 7HG,South East,no
123100,931,Oxfordshire,Charlton-on-Otmoor Church of England Primary School,https://charlton-on-otmoor.sch.life,Kidlington,OX5 2UT,South East,no
123200,931,Oxfordshire,Checkendon Church of England (A) Primary School,www.checkendon.oxon.sch.uk,Checkendon,RG8 0SR,South East,no
139146,931,Oxfordshire,Cheney School,http://www.cheneyschool.org,Oxford,OX3 7QH,South East,no
147909,931,Oxfordshire,Cherry Fields Primary School,,Banbury,OX16 2DF,South East,no
123101,931,Oxfordshire,Chesterton Church of England Voluntary Aided Primary School,www.chestertonprimaryschool.org.uk/,Bicester,OX26 1UN,South East,no
123057,931,Oxfordshire,Chilton County Primary School,http://www.chilton.oxon.sch.uk,Didcot,OX11 0PQ,South East,no
137936,931,Oxfordshire,Chipping Norton School,http://www.chipping-norton.oxon.sch.uk,Chipping Norton,OX7 5DY,South East,no
140279,931,Oxfordshire,Cholsey Primary School,http://www.cholsey.oxon.sch.uk,Wallingford,OX10 9PP,South East,no
147716,931,Oxfordshire,Christopher Rawlins Church of England Primary School,www.christopher-rawlins.oxon.sch.uk,Banbury,OX17 3NH,South East,no
123139,931,Oxfordshire,Church Cowley St James Church of England Primary School,www.churchcowley.com/,Oxford,OX4 3QH,South East,no
123127,931,Oxfordshire,Clifton Hampden Church of England Primary School,http://www.clifton-hampden.oxon.sch.uk,Abingdon,OX14 3EE,South East,no
123116,931,Oxfordshire,Combe CofE Primary School,www.combeprimary.co.uk,Witney,OX29 8NQ,South East,no
122967,931,Oxfordshire,Comper Nursery School,comper.org.uk,Oxford,OX4 3AJ,South East,no
150303,931,Oxfordshire,Cropredy Church of England Primary School,,Banbury,OX17 1PU,South East,no
123133,931,Oxfordshire,Crowmarsh Gifford Church of England School,http://www.crowmarshgiffordprimary.com,Wallingford,OX10 8EN,South East,no
123146,931,Oxfordshire,Cumnor Church of England School (Voluntary Controlled),http://www.cumnorprimaryschool.co.uk,Oxford,OX2 9PQ,South East,no
139064,931,Oxfordshire,Cutteslowe Primary School,https://www.cuttesloweprimary.org/,Oxford,OX2 7SX,South East,no
138501,931,Oxfordshire,Dashwood Banbury Academy,www.dashwood-aspirations.org,Banbury,OX16 4RX,South East,no
144530,931,Oxfordshire,Deddington Church of England Primary School,www.deddingtonprimaryschool.co.uk/,Banbury,OX15 0TJ,South East,no
138490,931,Oxfordshire,Didcot Girls' School,www.didcotgirls.oxon.sch.uk,Didcot,OX11 7AJ,South East,no
140688,931,Oxfordshire,Didcot Primary Academy,www.didcotprimaryacademy.org.uk,Didcot,OX11 6DP,South East,no
123129,931,Oxfordshire,Dorchester St Birinus Church of England School,www.st-birinus-pri.oxon.sch.uk,Wallingford,OX10 7HR,South East,no
144186,931,Oxfordshire,Dr Radcliffe's Church of England Primary School,www.dr-radcliffes.org.uk/,Bicester,OX25 4SF,South East,no
143888,931,Oxfordshire,Dr South's Church of England Primary School,http://www.dr-souths.co.uk,Kidlington,OX5 2TQ,South East,no
123059,931,Oxfordshire,Drayton Community Primary School,http://www.drayton-pri.oxon.sch.uk,Abingdon,OX14 4JF,South East,no
123063,931,Oxfordshire,Dry Sandford Primary School,http://www.dry-sandford.oxon.sch.uk,Abingdon,OX13 6EE,South East,no
123107,931,Oxfordshire,Ducklington Primary School,http://ducklington.oxon.sch.uk/,Witney,OX29 7US,South East,no
135265,931,Oxfordshire,Dunmore Primary School,www.dunmore.oxon.sch.uk/,Abingdon,OX14 1NR,South East,no
123046,931,Oxfordshire,East Oxford Primary School,www.east-oxford.oxon.sch.uk/,Oxford,OX4 1JP,South East,no
144185,931,Oxfordshire,Edith Moorhouse Primary School,http://www.edith-moorhouse.oxon.sch.uk,Carterton,OX18 3HP,South East,no
151467,931,Oxfordshire,Edward Feild Primary School,http://www.efs.oxon.sch.uk,Kidlington,OX5 2LG,South East,no
140217,931,Oxfordshire,"Endeavour Academy, Oxford",www.endeavour-academy.org,Oxford,OX3 8DD,South East,no
123001,931,Oxfordshire,Enstone Primary School,http://www.enstone.oxon.sch.uk/,Chipping Norton,OX7 4LP,South East,no
138269,931,Oxfordshire,Europa School UK,https://europaschooluk.org,Abingdon,OX14 3DZ,South East,no
140827,931,Oxfordshire,Eynsham Community Primary School,www.eynsham.oxon.sch.uk,Witney,OX29 4LJ,South East,no
137993,931,Oxfordshire,Faringdon Community College,https://www.fccoxon.co.uk/,Faringdon,SN7 7LB,South East,no
147753,931,Oxfordshire,Finmere Church of England Primary School,www.finmere.oxon.sch.uk/,Buckingham,MK18 4AR,South East,no
142350,931,Oxfordshire,Finstock Church of England Primary School,,Chipping Norton,OX7 3BN,South East,no
145649,931,Oxfordshire,Fir Tree Junior School,www.firtreejuniors.org/,Wallingford,OX10 0NY,South East,no
146392,931,Oxfordshire,Fitzharrys School,http://www.fitzharrys.oxon.sch.uk,Abingdon,OX14 1NP,South East,no
139322,931,Oxfordshire,Fitzwaryn School,http://www.fitzwaryn.oxon.sch.uk,Wantage,OX12 9ET,South East,no
123006,931,Oxfordshire,Five Acres Primary School,www.fiveacres.org.uk,Bicester,OX25 2SN,South East,no
137992,931,Oxfordshire,Folly View Primary,www.follyviewprimary.co.uk,Faringdon,SN7 7XE,South East,no
123332,931,Oxfordshire,Frank Wise School,http://www.frankwise.oxon.sch.uk,Banbury,OX16 9RL,South East,no
140916,931,Oxfordshire,Freeland Church of England Primary School,www.freeland.oxon.sch.uk/,Witney,OX29 8HX,South East,no
123102,931,Oxfordshire,Fringford Church of England Primary School,http://www.fringford.oxon.sch.uk,Bicester,OX27 8DY,South East,no
150064,931,Oxfordshire,Fritwell Church of England Primary School,www.fritwellprimaryschool.co.uk,Bicester,OX27 7PX,South East,no
140886,931,Oxfordshire,Futures Institute Banbury,https://www.futuresbanbury.org,Banbury,OX16 9HY,South East,no
141201,931,Oxfordshire,Gagle Brook Primary School,www.gaglebrook.org.uk/,Bicester,OX27 8BD,South East,no
144433,931,Oxfordshire,Garsington Church of England Primary School,http://www.garsington.oxon.sch.uk,Oxford,OX44 9EW,South East,no
123016,931,Oxfordshire,Gateway Primary School,http://www.gateway.oxon.sch.uk,Carterton,OX18 3SF,South East,no
137921,931,Oxfordshire,Gillotts School,www.gillotts.org.uk,Henley-on-Thames,RG9 1PS,South East,no
141051,931,Oxfordshire,Glory Farm Primary School,www.gloryfarmschool.co.uk,Bicester,OX26 4YJ,South East,no
138897,931,Oxfordshire,Gosford Hill School,http://www.gosford-hill.oxon.sch.uk/,Kidlington,OX5 2NT,South East,no
122969,931,Oxfordshire,Grandpont Nursery School,www.grandpontnurseryschool.co.uk,Oxford,OX1 4QH,South East,no
149750,931,Oxfordshire,Graven Hill Primary School,https://www.gravenhillprimary.school/,Ambrosden,OX25 2BF,South East,no
123130,931,Oxfordshire,Great Milton Church of England Primary School,www.greatmiltonschool.co.uk,Oxford,OX44 7NT,South East,no
123183,931,Oxfordshire,Great Rollright Church of England (Aided) Primary School,www.great-rollright.oxon.sch.uk,Chipping Norton,OX7 5SA,South East,no
123002,931,Oxfordshire,Great Tew County Primary School,www.greattewschool.co.uk/,Chipping Norton,OX7 4DB,South East,no
146800,931,Oxfordshire,Greyfriars Catholic School,https://www.greyfriarsoxford.org.uk,Oxford,OX4 3DR,South East,no
140474,931,Oxfordshire,Grove Church of England School,www.groveprimary.org,Wantage,OX12 7PW,South East,no
150688,931,Oxfordshire,Hagbourne Church of England Primary School,www.hagbourne.oxon.sch.uk,Didcot,OX11 9LR,South East,no
141053,931,Oxfordshire,Hanborough Manor CofE School,www.hanboroughmanor.co.uk,Witney,OX29 8DJ,South East,no
137910,931,Oxfordshire,Hanwell Fields Community School,www.hanwellfieldscommunityschool.org.uk/,Banbury,OX16 1ER,South East,no
146810,931,Oxfordshire,Hardwick Primary School,http://www.hardwickschool.org,Banbury,OX16 1XE,South East,no
139298,931,Oxfordshire,Harriers Banbury Academy,www.harriers-aspirations.org,Banbury,OX16 9JW,South East,no
123062,931,Oxfordshire,Harwell Primary School,www.harwellprimaryschool.co.uk/,Didcot,OX11 0HX,South East,no
122968,931,Oxfordshire,Headington Quarry Foundation Stage School,,Oxford,OX3 8LH,South East,no
148353,931,Oxfordshire,Heyford Park School,https://heyfordparkschool.org/,Bicester,OX25 5HD,South East,no
145094,931,Oxfordshire,Hill View Primary School,www.hillview-school.co.uk/,Banbury,OX16 1DN,South East,no
141150,931,Oxfordshire,"Holy Trinity Catholic School, Chipping Norton",http://www.holy-trinity.oxon.sch.uk,Chipping Norton,OX7 5AX,South East,no
123097,931,Oxfordshire,Hook Norton Church of England Primary School,www.hook-norton.oxon.sch.uk/,Banbury,OX15 5JS,South East,no
142200,931,Oxfordshire,Hornton Primary School,www.horntonprimaryschool.co.uk,Banbury,OX15 6BZ,South East,no
144432,931,Oxfordshire,Horspath Church of England Primary School,http://www.horspathschool.org,Oxford,OX33 1RY,South East,no
143984,931,Oxfordshire,Icknield Community College,http://www.icknield.oxon.sch.uk/,Watlington,OX49 5RB,South East,no
140307,931,Oxfordshire,John Blandy Primary School,www.johnblandyprimary.org.uk/,Abingdon,OX13 5DJ,South East,no
123076,931,Oxfordshire,John Hampden Primary School,http://www.john-hampden.oxon.sch.uk,Thame,OX9 3HU,South East,no
138774,931,Oxfordshire,John Henry Newman Academy,www.jhnacademy.co.uk,Oxford,OX4 4LS,South East,no
140580,931,Oxfordshire,John Mason School,http://www.johnmason.oxon.sch.uk,Abingdon,OX14 1JB,South East,no
123333,931,Oxfordshire,John Watson School,www.johnwatsonschool.org,Oxford,OX33 1NN,South East,no
144577,931,Oxfordshire,Kidmore End Church of England Primary School,https://www.kidmore-end.co.uk/,Reading,RG4 9AU,South East,no
137140,931,Oxfordshire,King Alfred's,http://www.kaacademy.org,Wantage,OX12 9BY,South East,no
123011,931,Oxfordshire,King's Meadow Primary School,www.kings-meadow.oxon.sch.uk,Bicester,OX26 2LU,South East,no
139079,931,Oxfordshire,Kingfisher School,www.kingfisher.oxon.sch.uk,Abingdon,OX14 3RR,South East,no
123003,931,Oxfordshire,Kingham Primary School,http://www.kingham.oxon.sch.uk,Kingham,OX7 6YD,South East,no
123187,931,Oxfordshire,Kirtlington Church of England Primary School,kirtlington.oxon.sch.uk,Oxford,OX5 3HL,South East,no
139750,931,Oxfordshire,Ladygrove Park Primary School,http://www.ladygrove-park.oxon.sch.uk,Didcot,OX11 7GB,South East,no
130962,931,Oxfordshire,Langford Village Community Primary School,www.langford-village.oxon.sch.uk,Bicester,OX26 6SX,South East,no
137976,931,Oxfordshire,Langtree School,http://www.langtreeschool.com,Reading,RG8 0RA,South East,no
143890,931,Oxfordshire,Larkmead School,www.larkmead-school.com,Abingdon,OX14 1RF,South East,no
146815,931,Oxfordshire,Larkrise Primary School,www.larkriseprimary.org,Oxford,OX4 4AN,South East,no
123103,931,Oxfordshire,Launton Church of England Primary School,www.launtonschool.co.uk,Bicester,OX26 5DP,South East,no
143986,931,Oxfordshire,Leafield Church of England Primary School,www.leafield.oxon.sch.uk/,Witney,OX29 9NP,South East,no
123128,931,Oxfordshire,Lewknor Church of England Primary School,www.lewknor.eschools.co.uk,Watlington,OX49 5TH,South East,no
123198,931,Oxfordshire,Little Milton Church of England Primary School,www.little-milton.oxon.sch.uk/,Oxford,OX44 7QD,South East,no
123085,931,Oxfordshire,Long Furlong Primary School,http://www.longfurlongprimaryschool.org.uk,Abingdon,OX14 1XP,South East,no
150408,931,Oxfordshire,Long Wittenham (Church of England) Primary School,,Abingdon,OX14 4QJ,South East,no
140283,931,Oxfordshire,Longcot and Fernham Church of England Primary School,www.longcotandfernhamschool.co.uk,Faringdon,SN7 7SY,South East,no
123008,931,Oxfordshire,Longfields Primary and Nursery School,https://longfields.sch.life/,Bicester,OX26 6QL,South East,no
141951,931,Oxfordshire,Longford Park Primary School,www.longfordparkschool.org,Banbury,OX15 4FU,South East,no
138667,931,Oxfordshire,Lord Williams's School,http://www.lordwilliams.oxon.sch.uk,Thame,OX9 2AQ,South East,no
122972,931,Oxfordshire,Lydalls Nursery School,www.lydallsnurseryschool.co.uk,Didcot,OX11 7HX,South East,no
147821,931,Oxfordshire,Mabel Prichard School,www.mabelprichard.org,Oxford,OX4 6SB,South East,no
145648,931,Oxfordshire,Madley Brook Community Primary School,www.madleybrook.org/,Witney,OX28 1AR,South East,no
146103,931,Oxfordshire,Maiden Erlegh Chiltern Edge,www.maidenerleghchilternedge.co.uk,Reading,RG4 9LN,South East,no
147032,931,Oxfordshire,Manor Primary School,https://www.manorprimaryschool.org/,Didcot,OX11 7LB,South East,no
123131,931,Oxfordshire,Marsh Baldon CofE Primary School,http://www.marshbaldonschool.co.uk,Marsh Baldon,OX44 9LJ,South East,no
142104,931,Oxfordshire,Matthew Arnold School,http://www.maschool.org.uk,Oxford,OX2 9JE,South East,no
141727,931,Oxfordshire,Meadowbrook College,www.meadowbrook.oxon.sch.uk,Oxford,OX3 0PG,South East,no
146236,931,Oxfordshire,Middle Barton Primary School,www.middlebartonschool.org,Chipping Norton,OX7 7BX,South East,no
123036,931,Oxfordshire,Mill Lane Community Primary School,http://www.mill-lane.oxon.sch.uk,Chinnor,OX39 4RF,South East,no
141364,931,Oxfordshire,Millbrook Primary School,www.millbrookschool.org.uk/,Wantage,OX12 7LB,South East,no
123037,931,Oxfordshire,Nettlebed Community School,http://www.nettlebed.oxon.sch.uk,Henley-on-Thames,RG9 5DA,South East,no
123142,931,Oxfordshire,New Hinksey Church of England Primary School,http://www.new-hinksey.oxon.sch.uk,Oxford,OX1 4RQ,South East,no
143951,931,Oxfordshire,New Marston Primary School,http://www.nmps.org.uk,Oxford,OX3 0AY,South East,no
144584,931,Oxfordshire,North Hinksey Church of England Primary School,www.nhps.org.uk,Oxford,OX2 0LZ,South East,no
123025,931,Oxfordshire,North Kidlington Primary School,http://www.north-kidlington.oxon.sch.uk,Kidlington,OX5 2DA,South East,no
142152,931,Oxfordshire,North Leigh Church of England School,http://www.northleighprimaryschool.org.uk/,Witney,OX29 6SS,South East,no
135365,931,Oxfordshire,North Oxfordshire Academy,http://www.northoxfordshire-academy.org/,Banbury,OX16 0UD,South East,no
144688,931,Oxfordshire,Northbourne Church of England Primary School,www.northbourne.oxon.sch.uk,Didcot,OX11 8LJ,South East,no
147784,931,Oxfordshire,Northern House Academy,www.northernhouseacademy.co.uk,Oxford,OX2 7JN,South East,no
122994,931,Oxfordshire,Orchard Fields Community School,www.orchard-fields.oxon.sch.uk/,Banbury,OX16 0QT,South East,no
146380,931,Oxfordshire,Orchard Meadow Primary School,https://www.orchardmeadowprimary.com/,Oxford,OX4 6BG,South East,no
147728,931,Oxfordshire,Orion Academy,www.orionacademy.co.uk,Oxford,OX4 6DQ,South East,no
139527,931,Oxfordshire,"Our Lady of Lourdes Catholic Primary School, Witney",www.ololwit.org.uk/,Witney,OX28 5JZ,South East,no
139477,931,Oxfordshire,Our Lady's Roman Catholic Primary School,www.ourladyscowley.co.uk,Oxford,OX4 2LF,South East,no
136261,931,Oxfordshire,Oxford Spires Academy,http://www.oxfordspiresacademy.org/,Oxford,OX4 2AU,South East,no
123337,931,Oxfordshire,Oxfordshire Hospital School,http://www.ohs.oxon.sch.uk,Oxford,OX4 6SB,South East,no
139985,931,Oxfordshire,Pegasus School,www.pegasusprimary.com,Oxford,OX4 6RQ,South East,no
123135,931,Oxfordshire,Peppard Church of England Primary School,www.peppardprimary.co.uk/,Henley-on-Thames,RG9 5JU,South East,no
142362,931,Oxfordshire,Queen Emma's Primary School,www.queen-emmas.oxon.sch.uk,Witney,OX28 5JW,South East,no
122996,931,Oxfordshire,Queensway School,www.queensway.oxon.sch.uk,Banbury,OX16 9NF,South East,no
123028,931,Oxfordshire,RAF Benson Community Primary School,http://www.raf-benson.oxon.sch.uk,Wallingford,OX10 6EP,South East,no
146278,931,Oxfordshire,Rose Hill Primary School,,Oxford,OX4 4SF,South East,no
137920,931,Oxfordshire,Rush Common School,www.rushcommonschool.org/,Abingdon,OX14 2AW,South East,no
123204,931,Oxfordshire,"Sacred Heart Catholic Primary School, Henley-on-Thames",www.sacred-heart.oxon.sch.uk,Henley-on-Thames,RG9 1SL,South East,no
146270,931,Oxfordshire,Sandhills Community Primary School,www.sandhills.oxon.sch.uk,Oxford,OX3 8FN,South East,no
123222,931,Oxfordshire,Shellingford Church of England (Voluntary Aided) School,http://www.shellingford.oxon.sch.uk,Faringdon,SN7 7QA,South East,no
123273,931,Oxfordshire,Shenington Church of England Primary School,www.shenington.oxon.sch.uk,Shenington,OX15 6NF,South East,no
140293,931,Oxfordshire,Shrivenham Church of England School,www.shrivenhamschool.co.uk/,Swindon,SN6 8FX,South East,no
142206,931,Oxfordshire,Sibford Gower Endowed Primary School,www.sibford-gower.oxon.sch.uk,Banbury,OX15 5RW,South East,no
149696,931,Oxfordshire,Sires Hill Primary Academy,https://www.sireshillprimaryacademy.org.uk/,Didcot,OX11 9GY,South East,no
122970,931,Oxfordshire,Slade Nursery School,www.sladenurseryschool-headington.org.uk,Oxford,OX3 8QQ,South East,no
123038,931,Oxfordshire,Sonning Common Primary School,http://sonningcommonprimary.co.uk/,Reading,RG4 9RJ,South East,no
144547,931,Oxfordshire,South Moreton Primary School,http://www.south-moreton.oxon.sch.uk,Didcot,OX11 9AG,South East,no
123039,931,Oxfordshire,South Stoke Primary School,www.southstokeschool.org,,RG8 0JS,South East,no
142728,931,Oxfordshire,Southwold Primary School,www.southwoldschool.org,Bicester,OX26 3UU,South East,no
147127,931,Oxfordshire,Springfield School,www.springfield.oxon.sch.uk,WITNEY,OX28 1AR,South East,no
123218,931,Oxfordshire,St Aloysius' Catholic Primary School,www.staloysius.net/,Oxford,OX2 7PH,South East,no
123224,931,Oxfordshire,St Amand's Catholic Primary School,http://www.st-amands.oxon.sch.uk,Wantage,OX12 8LF,South East,no
123126,931,Oxfordshire,"St Andrew's Church of England Primary School, Chinnor",www.st-andrews.oxon.sch.uk/,Chinnor,OX39 4PU,South East,no
123140,931,Oxfordshire,"St Andrew's Church of England Primary School, Oxford",https://standrewsprimary.ovw5.juniperwebsites.co.uk/,Oxford,OX3 9ED,South East,no
123211,931,Oxfordshire,St Barnabas' Church of England Aided Primary School,http://www.st-barnabas.oxon.sch.uk,Oxford,OX2 6BN,South East,no
138762,931,Oxfordshire,St Birinus School,http://www.st-birinus-school.org.uk/,Didcot,OX11 8AZ,South East,no
123178,931,Oxfordshire,St Blaise CofE Primary School,http://www.st-blaise.oxon.sch.uk,ABINGDON,OX14 4DR,South East,no
141816,931,Oxfordshire,St Christopher's Church of England School,www.st-christophers.oxon.sch.uk/,Lechlade,GL7 3LA,South East,no
140556,931,Oxfordshire,"St Christopher's Church of England School, Cowley",http://www.st-christophers-pri.oxon.sch.uk,Oxford,OX4 2HB,South East,no
123212,931,Oxfordshire,St Ebbe's Church of England Aided Primary School,www.st-ebbes.oxon.sch.uk/,Oxford,OX1 4NA,South East,no
123225,931,Oxfordshire,St Edmund's Catholic Primary School,www.st-edmunds-rc.oxon.sch.uk,Abingdon,OX14 3PP,South East,no
150520,931,Oxfordshire,St Francis Church of England Primary School,http://www.st-francis.oxon.sch.uk,Oxford,OX4 2QT,South East,no
148247,931,Oxfordshire,St Frideswide Church of England Primary School,https://www.stfrideswides.co.uk/,Oxford,OX4 3DR,South East,no
142664,931,Oxfordshire,"St James Church of England Primary School, Hanney",www.stjamesprimaryhanney.co.uk,Wantage,OX12 0JN,South East,no
139480,931,Oxfordshire,"St John Fisher Catholic Primary School, Littlemore",www.st-john-fisher.oxon.sch.uk,Oxford,OX4 6LD,South East,no
147898,931,Oxfordshire,St John's Catholic Primary School,https://www.st-johns-banbury.oxon.sch.uk/,Banbury,OX16 9YA,South East,no
139762,931,Oxfordshire,St John's Primary School,www.stjohnswallingford.org.uk/,Wallingford,OX10 9AG,South East,no
149771,931,Oxfordshire,St Johns CofE Academy,https://www.vale-academy.org/stjohns,Wantage,OX12 0GR,South East,no
141155,931,Oxfordshire,"St Joseph's Catholic Primary School, Banbury",http://www.st-josephs-banbury.oxon.sch.uk,Banbury,OX16 0ET,South East,no
139532,931,Oxfordshire,"St Joseph's Catholic Primary School, Carterton",www.stjosephsprimarycarterton.co.uk,Carterton,OX18 3JY,South East,no
123216,931,Oxfordshire,"St Joseph's Catholic Primary School, Oxford",http://www.st-josephs-pri.oxon.sch.uk,Oxford,OX3 7SX,South East,no
139529,931,Oxfordshire,"St Joseph's Catholic Primary School, Thame",www.st-josephs.oxon.sch.uk,Thame,OX9 2AB,South East,no
123110,931,Oxfordshire,St Kenelm's Church of England (VC) School,www.st-kenelms.oxon.sch.uk/,Witney,OX29 0SP,South East,no
149405,931,Oxfordshire,St Laurence Church of England School,www.st-laurence.oxon.sch.uk,Wallingford,OX10 7DX,South East,no
123179,931,Oxfordshire,St Leonard's Church of England Primary School,http://www.st-leonards.oxon.sch.uk,Banbury,OX16 4SB,South East,no
123213,931,Oxfordshire,St Mary and St John Church of England Primary School,http://www.ssmj.oxon.sch.uk,Oxford,OX4 1TJ,South East,no
151182,931,Oxfordshire,"St Mary's Catholic Primary School, Bicester",http://www.st-marys-bicester.oxon.sch.uk,Bicester,OX26 2NX,South East,no
123227,931,Oxfordshire,"St Mary's Church of England (Aided) Primary School, Chipping Norton",www.st-maryscofeoxon.co.uk/,Chipping Norton,OX7 5DH,South East,no
142508,931,Oxfordshire,St Mary's Church of England Infant School,www.st-marys-witney.oxon.sch.uk/,Witney,OX28 4AZ,South East,no
144872,931,Oxfordshire,"St Mary's Church of England Primary School, Banbury",http://www.st-marys-banbury.oxon.sch.uk,Banbury,OX16 2EG,South East,no
123143,931,Oxfordshire,"St Michael's CofE Primary School, Oxford City",www.st-michaels-oxf.oxon.sch.uk/,Oxford,OX3 0EJ,South East,no
151280,931,Oxfordshire,"St Michael's CofE Primary School, Steventon Village",www.stmichaelssteventon.co.uk,Abingdon,OX13 6SQ,South East,no
141459,931,Oxfordshire,St Nicholas CofE Primary School,www.stnicholasceprimary.org,Wantage,OX12 9RY,South East,no
145650,931,Oxfordshire,"St Nicholas' Church of England Infants' School and Nursery Class, Wallingford",http://www.st-nicholas.co.uk,Wallingford,OX10 8HX,South East,no
123021,931,Oxfordshire,St Nicholas' Primary and Nursery School,www.stnicholasprimaryschool.org.uk/,Oxford,OX3 0PJ,South East,no
140915,931,Oxfordshire,"St Peter's Church of England Primary School, Cassington",http://www.st-peters.oxon.sch.uk,Witney,OX29 4DN,South East,no
141833,931,Oxfordshire,"St Peter's Church of England School, Alvescot",http://www.stpeters.oxon.sch.uk,Bampton,OX18 2PU,South East,no
123214,931,Oxfordshire,St Philip and James' Church of England Aided Primary School Oxford,https://philandjim.org.uk/,Oxford,OX2 6AB,South East,no
139530,931,Oxfordshire,"St Thomas More Catholic Primary School, Kidlington",www.st-thomas-more.oxon.sch.uk/,Kidlington,OX5 1EA,South East,no
146481,931,Oxfordshire,Stadhampton Primary School,www.stadhampton.oxon.sch.uk,Oxford,OX44 7XL,South East,no
140983,931,Oxfordshire,Standlake Church of England Primary School,www.standlakeschool.co.uk,Standlake,OX29 7SQ,South East,no
140871,931,Oxfordshire,Stanton Harcourt CofE Primary School,http://stantonharcourtschool.org.uk/,Witney,OX29 5RJ,South East,no
151279,931,Oxfordshire,Stephen Freeman Primary School,http://www.stephen-freeman.oxon.sch.uk,Didcot,OX11 7BZ,South East,no
123072,931,Oxfordshire,Stockham Primary School,www.stockham.oxon.sch.uk/,Wantage,OX12 9HL,South East,no
123136,931,Oxfordshire,Stoke Row CofE Primary School,www.stoke-row-school.co.uk/,Nr. Henley-on-Thames,RG9 5QS,South East,no
123022,931,Oxfordshire,Stonesfield Primary School,http://www.stonesfield.oxon.sch.uk,Witney,OX29 8PU,South East,no
123161,931,Oxfordshire,Sunningwell Church of England Primary School,http://www.sunningwell.oxon.sch.uk,Oxon,OX13 6RE,South East,no
146941,931,Oxfordshire,Sutton Courtenay Church of England Primary School,http://www.suttoncourtenayprimary.co.uk/,Abingdon,OX14 4DA,South East,no
143889,931,Oxfordshire,Tackley Church of England Primary School,www.tackley.oxon.sch.uk/,Kidlington,OX5 3AP,South East,no
123031,931,Oxfordshire,Tetsworth Primary School,www.tetsworth.oxon.sch.uk/,Thame,OX9 7AB,South East,no
144871,931,Oxfordshire,Thameside Primary School,www.thameside.oxon.sch.uk/,Abingdon,OX14 5NL,South East,no
122974,931,Oxfordshire,The ACE Centre Nursery School,www.ace-chipping-norton.co.uk,Chipping Norton,OX7 5DZ,South East,no
142377,931,Oxfordshire,The Batt Church of England Primary School,http://www.thebattschool.org.uk,Witney,OX28 6DY,South East,no
142024,931,Oxfordshire,The Bicester School,www.thebicesterschool.org.uk,Bicester,OX26 2NS,South East,no
141840,931,Oxfordshire,The Blake Church of England Primary School,www.blake.oxon.sch.uk/website,Witney,OX28 3FR,South East,no
137970,931,Oxfordshire,The Cherwell School,http://www.cherwell.oxon.sch.uk,Oxford,OX2 7EE,South East,no
141069,931,Oxfordshire,The Cooper School,www.thecooperschool.co.uk,Bicester,OX26 4RS,South East,no
138009,931,Oxfordshire,The Elms Primary School,www.theelmsprimary.co.uk,Faringdon,SN7 7HZ,South East,no
122997,931,Oxfordshire,The Grange Community Primary School,http://www.grange.oxon.sch.uk,Banbury,OX16 9YA,South East,no
140473,931,Oxfordshire,The Hendreds Church of England School,http://www.hendreds.oxon.sch.uk,Wantage,OX12 8JX,South East,no
138210,931,Oxfordshire,The Henry Box School,www.henrybox.oxon.sch.uk,Witney,OX28 4AX,South East,no
139312,931,Oxfordshire,The Iffley Academy,www.iffleyacademy.co.uk,Oxford,OX4 4DU,South East,no
138817,931,Oxfordshire,The Marlborough Church of England School,http://www.marlborough.oxon.sch.uk/,Woodstock,OX20 1LP,South East,no
148354,931,Oxfordshire,The Oxford Academy,www.theoxfordacademy.org.uk,Oxford,OX4 6JZ,South East,no
147203,931,Oxfordshire,The Swan School,www.theswanschool.org.uk,Oxford,OX2 7WP,South East,no
142218,931,Oxfordshire,The Warriner School,https://www.thewarrinerschool.co.uk/,Banbury,OX15 4LJ,South East,no
123073,931,Oxfordshire,Thomas Reade Primary School,www.thomasreadeschool.org/,Abingdon,OX14 3RR,South East,no
142449,931,Oxfordshire,Tower Hill Community Primary School,https://www.towerhillschool.org.uk/,Witney,OX28 6NB,South East,no
139777,931,Oxfordshire,Tyndale Community School,www.tyndalecommunityschool.co.uk,Oxford,OX4 2JX,South East,no
141111,931,Oxfordshire,UTC Oxfordshire,www.utcoxfordshire.org.uk,Didcot,OX11 6BZ,South East,no
123041,931,Oxfordshire,Valley Road School,http://www.valley-road.oxon.sch.uk,Henley-on-Thames,RG9 1RR,South East,no
137357,931,Oxfordshire,Wallingford School,http://www.wallingfordschool.com/,Wallingford,OX10 8HH,South East,no
140255,931,Oxfordshire,Wantage Church of England Primary School,www.wantagece.org,Wantage,OX12 8DJ,South East,no
147839,931,Oxfordshire,Wantage Primary Academy,https://www.wantageprimaryacademy.org.uk/,Wantage,OX12 7GQ,South East,no
140301,931,Oxfordshire,Watchfield Primary School,http://www.watchfieldprimary.co.uk,Watchfield,SN6 8SD,South East,no
147281,931,Oxfordshire,Watlington Primary School,http://www.watlington.oxon.sch.uk,Watlington,OX49 5RB,South East,no
144398,931,Oxfordshire,West Kidlington Primary and Nursery School,,Kidlington,OX5 1EA,South East,no
123050,931,Oxfordshire,West Oxford Community Primary School,http://www.westoxfordschool.co.uk/,Oxford,OX2 0BY,South East,no
123084,931,Oxfordshire,West Witney Primary School & Nursery,www.westwitneyprimaryschool.co.uk,Witney,OX28 5FZ,South East,no
140344,931,Oxfordshire,Wheatley Church of England Primary School,www.wheatley.oxon.sch.uk/,Oxford,OX33 1NN,South East,no
122983,931,Oxfordshire,Wheatley Nursery School,www.wheatleynurseryschool.org,Oxford,OX33 1NN,South East,no
140875,931,Oxfordshire,Wheatley Park School,www.wheatleypark.org,Oxford,OX33 1QH,South East,no
123009,931,Oxfordshire,Whitchurch Primary School,www.whitchurchprimary.org.uk,Reading,RG8 7EJ,South East,no
147872,931,Oxfordshire,Whitelands Academy,www.whitelandsacademy.org,Bicester,OX26 1AY,South East,no
123023,931,Oxfordshire,William Fletcher Primary School,www.william-fletcher.oxon.sch.uk/,Oxford,OX5 1LW,South East,no
142409,931,Oxfordshire,William Morris Primary School,www.williammorrisschool.org,Banbury,OX16 0UZ,South East,no
139770,931,Oxfordshire,Willowcroft Community School,http://www.willowcroft.org.uk,Didcot,OX11 8BA,South East,no
146381,931,Oxfordshire,Windale Primary School,www.windaleprimary.com,Oxford,OX4 6JD,South East,no
123047,931,Oxfordshire,Windmill Primary School,www.windmill.oxon.sch.uk/,Oxford,OX3 8NG,South East,no
148570,931,Oxfordshire,Windrush Church of England Primary School,https://windrushschool.org/,Witney,OX29 7DL,South East,no
145651,931,Oxfordshire,Witney Community Primary School,www.witneycp.org,Witney,OX28 1HL,South East,no
142384,931,Oxfordshire,Wolvercote Primary School,http://www.wolvercoteprimary.org,Oxford,OX2 8AQ,South East,no
123074,931,Oxfordshire,Wood Farm Primary School,www.woodfarmschool.org.uk/,Oxford,OX3 8QQ,South East,no
144008,931,Oxfordshire,Wood Green School,http://wgswitney.org.uk/,Witney,OX28 1DX,South East,no
123040,931,Oxfordshire,Woodcote Primary School,www.woodcote-primary.co.uk/,Reading,RG8 0QY,South East,no
123329,931,Oxfordshire,Woodeaton Manor School,http://www.woodeaton.oxon.sch.uk,Oxford,OX3 9TS,South East,no
123118,931,Oxfordshire,Woodstock Church of England Primary School,http://www.woodstock.oxon.sch.uk,Woodstock,OX20 1LL,South East,no
123223,931,Oxfordshire,Wootton St Peter's Church of England Primary School,www.wootton-school.co.uk/,Oxford,OX1 5HP,South East,no
144187,931,Oxfordshire,Wroxton Church of England Primary School,https://wroxtonceprimaryschool.co.uk/,Banbury,OX15 6QJ,South East,no
138499,931,Oxfordshire,Wykham Park,http://www.wykhampark-aspirations.org/,Banbury,OX16 9HY,South East,no
123106,931,Oxfordshire,Aston and Cote Church of England Primary School,www.aston-and-cote.oxon.sch.uk/,Bampton,OX18 2DU,South East,yes
132057,931,Oxfordshire,Bure Park Primary School,www.bureparkprimary.org,Bicester,OX26 3BP,South East,yes
123105,931,Oxfordshire,Clanfield CofE Primary School,http://www.clanfieldprimary.co.uk,Bampton,OX18 2SP,South East,yes
123197,931,Oxfordshire,Ewelme CofE Primary School,www.ewelmeprimaryschool.com/,Wallingford,OX10 6HU,South East,yes
123201,931,Oxfordshire,Goring Church of England Aided Primary School,http://www.goring.oxon.sch.uk,Reading,RG8 0BG,South East,yes
123108,931,Oxfordshire,Hailey Church of England Primary School,www.hailey.oxon.sch.uk/,Witney,OX29 9UB,South East,yes
123154,931,Oxfordshire,Longworth Primary School,www.longworthprimaryschool.uk/,Abingdon,OX13 5EU,South East,yes
123155,931,Oxfordshire,Marcham Church of England (Voluntary Controlled) Primary School,http://www.marcham.oxon.sch.uk,Abingdon,OX13 6PY,South East,yes
123157,931,Oxfordshire,Radley Church of England Primary School,http://www.radleyprimary.uk,Abingdon,OX14 3QF,South East,yes
123203,931,Oxfordshire,Shiplake Church of England School,www.shiplakeprimary.org.uk/,Henley-on-Thames,RG9 4DN,South East,yes
123188,931,Oxfordshire,St Edburg's Church of England (VA) School,http://www.st-edburgs.oxon.sch.uk,Bicester,OX26 1BF,South East,yes
133532,931,Oxfordshire,St John the Evangelist CofE VA Primary School,www.st-john.oxon.sch.uk,Carterton,OX18 1JF,South East,yes
123166,931,Oxfordshire,"St Nicolas Church of England Primary School, Abingdon",http://www.stnicolasprimary.co.uk,Abingdon,OX14 1HB,South East,yes
123177,931,Oxfordshire,St Swithun's CofE Primary School,www.stswithunsprimary.org,Oxford,OX1 5PS,South East,yes
123159,931,Oxfordshire,Stanford In the Vale CofE Primary School,www.stanford.oxon.sch.uk,Faringdon,SN7 8LH,South East,yes
123151,931,Oxfordshire,The Ridgeway Church of England (C) Primary School,https://ridgewayprimary.co.uk,Wantage,OX12 9UL,South East,yes
123173,931,Oxfordshire,Trinity Church of England Primary School,www.trinityprimaryschool.org,Henley-on-Thames,RG9 1HJ,South East,yes
123170,931,Oxfordshire,Uffington Church of England Primary School,https://www.uffingtonprimary.org/,Faringdon,SN7 7RA,South East,yes
123176,931,Oxfordshire,Wychwood Church of England Primary School,wychwood-pri.oxon.sch.uk,Chipping Norton,OX7 6BD,South East,yes
