urn,district_code,district_name,school_name,website,town,postcode,region,has_email_collected
150031,933,Somerset,Abbas and Templecombe Church School,http://abbastemplecombeprimary.co.uk/,Templecombe,BA8 0HP,South West,no
143958,933,Somerset,All Saints Church School,allsaintschurchschool.co.uk,Yeovil,TA15 6XG,South West,no
123754,933,Somerset,All Saints CofE VC Infants School,https://www.moorlandfed.co.uk/schools/all-saints-cofe-vc-infants-school,Dulverton,TA22 9EN,South West,no
136839,933,Somerset,Ansford Academy,http://www.ansford.org.uk,Castle Cary,BA7 7JJ,South West,no
150827,933,Somerset,Ash Church of England Primary School,www.ashprimaryschool.co.uk,Martock,TA12 6NS,South West,no
145199,933,Somerset,Ashill Community Primary School,https://www.ashillprimaryschool.org/,Ilminster,TA19 9ND,South West,no
150070,933,Somerset,Ashlands Church of England Primary School,www.ashlandsprimaryschool.co.uk/,Crewkerne,TA18 7AL,South West,no
147651,933,Somerset,Avanti Park School,https://avanti.org.uk/avantipark/,Frome,BA11 1EU,South West,no
137174,933,Somerset,Avishayes Community Primary School,www.avishayes.co.uk/,Chard,TA20 1NS,South West,no
138763,933,Somerset,Axbridge Church of England First School Academy,www.axbridgefirstschool.co.uk/,Axbridge,BS26 2BA,South West,no
151282,933,Somerset,Baltonsborough Church of England VC Primary School,www.baltonsboroughprimary.org.uk/,Glastonbury,BA6 8PX,South West,no
123718,933,Somerset,Barwick and Stoford Community Primary School,www.barwickstofordschool.co.uk,Yeovil,BA22 9TH,South West,no
151283,933,Somerset,Beckington Church First School,beckingtonandmellsfederation.co.uk,Frome,BA11 6TG,South West,no
123743,933,Somerset,Berkley Church of England First School,www.berkleyschool.co.uk,Frome,BA11 5JH,South West,no
149851,933,Somerset,Berrow Primary Church Academy,berrowprimaryschool.co.uk,Burnham-on-Sea,TA8 2LJ,South West,no
123730,933,Somerset,Birchfield Community Primary School,https://www.birchfieldprimaryschool.co.uk,Yeovil,BA21 5RL,South West,no
136851,933,Somerset,Bishop Fox's School,http://www.bishopfoxs.co.uk,Taunton,TA1 3HQ,South West,no
123747,933,Somerset,Bishop Henderson Church of England Primary School,http://www.bishophenderson.co.uk,Radstock,BA3 5PN,South West,no
123852,933,Somerset,"Bishop Henderson Church of England Primary School, Taunton",www.bishophendersonschool.org.uk/,Taunton,TA1 4TU,South West,no
151103,933,Somerset,Bishops Hull Primary School,http://www.bishopshull.somerset.sch.uk,Taunton,TA1 5EB,South West,no
142402,933,Somerset,Bishops Lydeard Church School,www.bishopslydeard.bwmat.org,Taunton,TA4 3AN,South West,no
146704,933,Somerset,Blackbrook Primary School,www.blackbrookschool.com,Taunton,TA1 2RA,South West,no
123672,933,Somerset,Bowlish Infant School,www.bowlishinfantschool.org.uk,Shepton Mallet,BA4 5JQ,South West,no
146942,933,Somerset,Brent Knoll Church of England Primary School,https://slp5.somerset.org.uk/webs/brentknoll/SitePages/Home.aspx,Highbridge,TA9 4EQ,South West,no
138375,933,Somerset,Bridgwater College Academy,http://www.bridgwatercollegeacademy.org,Bridgwater,TA6 4QY,South West,no
136848,933,Somerset,Brookside Community Primary School,https://www.brooksideacademy.co.uk/,Street,BA16 0PR,South West,no
123899,933,Somerset,Bruton Primary School,http://www.brutonprimary.org.uk,Bruton,BA10 0DP,South West,no
139655,933,Somerset,Brymore Academy,http://brymoreacademy.co.uk/,Bridgwater,TA5 2NB,South West,no
150638,933,Somerset,Buckland St Mary Church of England Primary School,www.bucklandstmaryceprimaryschool.co.uk,Chard,TA20 3SJ,South West,no
148830,933,Somerset,Buckler's Mead School,http://bucklersmead.com,Yeovil,BA21 4NH,South West,no
150952,933,Somerset,Burnham-On-Sea Infant School,http://www.burnhaminfants.com,Burnham-on-Sea,TA8 1JD,South West,no
123745,933,Somerset,Butleigh Church of England Primary School,www.butleighprimary.co.uk/,Glastonbury,BA6 8SX,South West,no
123786,933,Somerset,Cannington Church of England Primary School,https://www.cannington.somerset.sch.uk/,Bridgwater,TA5 2HP,South West,no
150285,933,Somerset,Castle Cary Community Primary School,,Castle Cary,BA7 7EH,South West,no
141695,933,Somerset,Castle Primary School,www.castleprimaryschool.com,Stoke-Sub-Hamdon,TA14 6RE,South West,no
123683,933,Somerset,Catcott Primary School,http://www.catcottprimary.co.uk,Bridgwater,TA7 9HD,South West,no
146896,933,Somerset,Charlton Horethorne Church of England Primary School,www.charltonhorethornecofeprimary.co.uk/,Sherborne,DT9 4NL,South West,no
123746,933,Somerset,Charlton Mackrell CofE Primary School,http://www.charltonmackrellschool.org.uk,Somerton,TA11 7BN,South West,no
147822,933,Somerset,Cheddar First School,cheddarfirstschool.co.uk,Cheddar,BS27 3HN,South West,no
139934,933,Somerset,Cheddon Fitzpaine Church School,www.cheddon.bwmat.org,Taunton,TA2 8JY,South West,no
123827,933,Somerset,Chewton Mendip Church of England VA Primary School,www.chewtonmendipschool.org.uk,Radstock,BA3 4LL,South West,no
123815,933,Somerset,Chilthorne Domer Church School,www.chilthornedomerchurchschool.co.uk,Yeovil,BA22 8RD,South West,no
145677,933,Somerset,Chilton Trinity School,http://www.chilton-trinity.co.uk/,Bridgwater,TA6 3JA,South West,no
149487,933,Somerset,Christ Church First School,https://www.christchurchschoolfrome.org.uk/,Frome,BA11 5AJ,South West,no
139278,933,Somerset,Churchfield Church School,www.churchfieldchurchschool.co.uk,Highbridge,TA9 3JF,South West,no
123828,933,Somerset,Combe St Nicholas Church of England VA Primary School,www.combestnicholascofeschool.co.uk,Chard,TA20 3NG,South West,no
133560,933,Somerset,Cotford St Luke Primary School,http://www.cotfordstlukeprimary.co.uk/,Taunton,TA4 1HZ,South West,no
146446,933,Somerset,Countess Gytha Primary School,www.countessgythaprimary.co.uk/,Yeovil,BA22 7FF,South West,no
140416,933,Somerset,Court Fields School,http://www.courtfields.net/,Wellington,TA21 8SW,South West,no
123793,933,Somerset,Creech St Michael Church of England Primary School,www.creechstmichaelprimary.co.uk/,Taunton,TA3 5QQ,South West,no
136913,933,Somerset,Crispin School Academy,http://www.crispinschool.co.uk/,Street,BA16 0AD,South West,no
147126,933,Somerset,Critchill Special School,https://www.critchillschool.co.uk/,Frome,BA11 4LB,South West,no
150853,933,Somerset,Croscombe Church of England Primary School,https://croscombeprimary.co.uk/,Wells,BA5 3QL,South West,no
123830,933,Somerset,Crowcombe CofE VA Primary School,www.crowcombeandstogumberprimaryschools.co.uk/,Taunton,TA4 4AA,South West,no
123751,933,Somerset,Curry Mallet Church of England Primary School,www.currymalletschool.co.uk/,Taunton,TA3 6TA,South West,no
123752,933,Somerset,Curry Rivel Church of England VC Primary School,www.curryrivelprimary.co.uk,Langport,TA10 0HD,South West,no
123831,933,Somerset,Cutcombe Church of England First School,www.moorlandfed.co.uk,Minehead,TA24 7DZ,South West,no
140631,933,Somerset,Danesfield Church of England Voluntary Controlled Community Middle School,www.danesfieldcofemiddleschool.co.uk,Taunton,TA4 4SW,South West,no
123642,933,Somerset,Ditcheat Primary School,https://www.ditcheatprimary.org.uk/,Shepton Mallet,BA4 6RB,South West,no
147824,933,Somerset,Draycott & Rodney Stoke Church of England First School,www.drsfirstschool.co.uk,Draycott,BS27 3SD,South West,no
123871,933,Somerset,Dulverton Junior School,https://www.moorlandfed.co.uk/schools/dulverton-junior-school-somerset,Dulverton,TA22 9EN,South West,no
143331,933,Somerset,East Brent Church of England First School,www.eastbrentcofeacademy.co.uk,Highbridge,TA9 4HZ,South West,no
148023,933,Somerset,East Huntspill Primary Academy,www.huntspillfederation.co.uk,Highbridge,TA9 3PT,South West,no
123679,933,Somerset,Eastover Primary School,https://www.eastoverschool.co.uk/,Bridgwater,TA6 5EX,South West,no
151102,933,Somerset,Elmhurst Junior School,www.elmhurstjuniorschool.org.uk,Street,BA16 0HH,South West,no
137437,933,Somerset,Enmore Church of England Primary School,http://www.enmoreprimaryschool.org,Bridgwater,TA5 2DX,South West,no
151186,933,Somerset,Evercreech Church of England Primary School,www.evercreechprimary.co.uk,Shepton Mallet,BA4 6EH,South West,no
123756,933,Somerset,Exford Church of England First School,www.exfordfirstschool.co.uk/,Minehead,TA24 7PP,South West,no
147825,933,Somerset,Fairlands Middle School,fairlandsmiddleschool.co.uk,Cheddar,BS27 3PG,South West,no
123944,933,Somerset,Fiveways Special School,www.fivewaysschool.co.uk,Yeovil,BA21 5AZ,South West,no
150667,933,Somerset,Frome Community College,http://www.fromecollege.org,Frome,BA11 2HQ,South West,no
141782,933,Somerset,Hambridge Community Primary School,www.hambridgecommunityprimary.co.uk,Langport,TA10 0AZ,South West,no
139717,933,Somerset,Hamp Academy,www.hampacademy.co.uk,Bridgwater,TA6 6JB,South West,no
150072,933,Somerset,Haselbury Plucknett Church of England Primary School,www.haselburyplucknettschool.co.uk/,Crewkerne,TA18 7RQ,South West,no
150637,933,Somerset,Hatch Beauchamp Church of England Primary School,https://www.hatchbeauchampprimaryschool.co.uk/,Taunton,TA3 6SQ,South West,no
139945,933,Somerset,Hayesdown First School,www.hayesdownschool.co.uk/,Frome,BA11 2BN,South West,no
136917,933,Somerset,Haygrove School,http://www.haygroveschool.co.uk/,Bridgwater,TA6 7HW,South West,no
146069,933,Somerset,Hemington Primary School,www.hemingtonprimary.co.uk/,Radstock,BA3 5XU,South West,no
123764,933,Somerset,Herne View Church of England Primary,www.herneviewschool.co.uk,Ilminster,TA19 0BL,South West,no
123761,933,Somerset,High Ham Church of England Primary School,http://www.highhamprimary.co.uk,Langport,TA10 9BY,South West,no
150778,933,Somerset,Hill View School,https://www.hillviewschool.co.uk/,Martock,TA12 6GD,South West,no
123762,933,Somerset,Hinton St George Church of England Primary School,www.hinton-st-george.somerset.sch.uk,Hinton St George,TA17 8SA,South West,no
123739,933,Somerset,Holway Park Community Primary School,www.holwaypark.somerset.sch.uk/,Taunton,TA1 2JA,South West,no
143621,933,Somerset,Holy Trinity Church School,https://holytrinitychurchschool.co.uk/,Yeovil,BA20 2PW,South West,no
144985,933,Somerset,Holy Trinity Church of England Primary School,www.trinityprimary.co.uk,Taunton,TA1 3AF,South West,no
136295,933,Somerset,Holyrood Academy,http://www.holyroodacademy.com,Chard,TA20 1JL,South West,no
150859,933,Somerset,Horizons Therapeutic Education Trust,,Crewkerne,TA18 8LZ,South West,no
139617,933,Somerset,Horrington Primary School,www.horringtonprimary.co.uk/,Wells,BA5 3EB,South West,no
140456,933,Somerset,Horsington Church School,www.horsingtonbwmat.org,Templecombe,BA8 0BW,South West,no
143329,933,Somerset,Hugh Sexey Church of England Middle School,http://www.hughsexey.com/,Wedmore,BS28 4ND,South West,no
150038,933,Somerset,Huish Episcopi Academy,https://www.huishepiscopi.net/,LANGPORT,TA10 9SS,South West,no
141790,933,Somerset,Huish Episcopi Primary School,www.huishepiscopiprimary.co.uk/,Langport,TA10 9RW,South West,no
140455,933,Somerset,Huish Primary School,www.huishprimary.co.uk,Yeovil,BA20 1AY,South West,no
123735,933,Somerset,Ilchester Community School,www.ilchestercommunityprimary.com,Yeovil,BA22 8JL,South West,no
147842,933,Somerset,Isambard Kingdom Brunel Primary School,www.ikbschool.co.uk,Wellington,TA21 8FP,South West,no
151285,933,Somerset,Kilmersdon Church School,http://www.kilmersdoncevaprisch.co.uk/,Radstock,BA3 5TE,South West,no
147016,933,Somerset,King Arthur's School,www.kingarthurs.org.uk,Wincanton,BA9 9BX,South West,no
138541,933,Somerset,King Ina Church of England Academy,http://www.kingina.somerset.sch.uk,Somerton,TA11 6FQ,South West,no
142326,933,Somerset,Kingfisher Primary School,www.kingfisherschool.org,Yeovil,BA22 8FJ,South West,no
136639,933,Somerset,Kingsmead Academy,http://www.kingsmead-school.com/,Taunton,TA4 2NE,South West,no
123738,933,Somerset,Kingsmoor Primary School,www.kingsmoorprimaryschool.co.uk/,Bridgwater,TA7 8PY,South West,no
123795,933,Somerset,Kingston St Mary Church of England Primary School,www.ksmprimary.com,Taunton,TA2 8JH,South West,no
123860,933,Somerset,Knights Templar Community Church School & Nursery,www.knightstemplarfirst.co.uk,Watchet,TA23 0EX,South West,no
123796,933,Somerset,Langford Budville Church of England Primary School,www.moorlandfed.co.uk/schools/langford-budville-primary-school,Wellington,TA21 0RD,South West,no
146447,933,Somerset,Leigh On Mendip School,http://www.leighonmendipschool.co.uk,Radstock,BA3 5QQ,South West,no
123835,933,Somerset,Long Sutton CofE Primary School,www.longsuttonprimaryschool.co.uk,Langport,TA10 9NT,South West,no
151295,933,Somerset,Lovington Church of England Primary School,,Castle Cary,BA7 7PX,South West,no
149379,933,Somerset,Lydeard St Lawrence Community Primary School,,Taunton,TA4 3SF,South West,no
143330,933,Somerset,Lympsham Church of England Academy,http://www.lympshamcofeacademy.co.uk/,Weston-Super-Mare,BS24 0EW,South West,no
148001,933,Somerset,Lyngford Park Primary School,www.lyngfordparkprimary.co.uk,Taunton,TA2 8EX,South West,no
137118,933,Somerset,Maiden Beech Academy,http://www.maidenbeechprimary.org,Crewkerne,TA18 8HG,South West,no
139385,933,Somerset,Manor Court Community Primary School,www.manorcourtcommunityprimary.co.uk,Chard,TA20 2ES,South West,no
143332,933,Somerset,Mark First and Pre-School CE Academy,www.markfirstschool.co.uk,Highbridge,TA9 4QA,South West,no
123856,933,Somerset,Martock Church of England VA Primary School,https://www.martockschool.co.uk,Martock,TA12 6EF,South West,no
151284,933,Somerset,Mells Church First School,beckingtonandmellsfederation.co.uk,Frome,BA11 3QE,South West,no
150069,933,Somerset,Merriott Primary School,https://merriottfirstschool.co.uk/,Merriott,TA16 5PT,South West,no
141795,933,Somerset,Middlezoy Primary School,www.middlezoyandotheryschools.co.uk,Bridgwater,TA7 0NZ,South West,no
151281,933,Somerset,Milborne Port Primary School,http://www.milborneport.somerset.sch.uk,Sherborne,DT9 5EP,South West,no
147420,933,Somerset,Milford Junior School,www.milfordjuniors.com,Yeovil,BA21 4PG,South West,no
142800,933,Somerset,Minehead First School,www.mineheadfirstschool.co.uk,Minehead,TA24 5RG,South West,no
136774,933,Somerset,Minehead Middle School,https://www.mineheadmiddleschool.co.uk,Minehead,TA24 5RH,South West,no
150636,933,Somerset,Minerva Primary School,www.minervaprimaryschool.clf.uk,Taunton,TA1 2BU,South West,no
150130,933,Somerset,Monkton Wood Academy,https://monktonwoodacademy.clf.uk/,Taunton,TA2 8PD,South West,no
148315,933,Somerset,Neroche Primary School,www.neroche.somerset.sch.uk/,Ilminster,TA19 9RG,South West,no
146778,933,Somerset,Nerrols Primary School and Nursery,https://www.nerrolsprimary.co.uk/,Taunton,TA2 8GS,South West,no
123789,933,Somerset,Nether Stowey Church of England Primary School,http://www.netherstowey.somerset.sch.uk/,Bridgwater,TA5 1NX,South West,no
147019,933,Somerset,North Cadbury Church of England Primary School,http://www.northcadburyprimaryschool.org.uk,Yeovil,BA22 7DE,South West,no
145675,933,Somerset,North Curry CofE Primary School,http://www.northcurryschool.co.uk/,Taunton,TA3 6NQ,South West,no
137126,933,Somerset,North Town Academy,www.northtownschool.org.uk/,Taunton,TA1 1DF,South West,no
144757,933,Somerset,Northgate Primary School,www.northgateprimaryschool.org.uk,Bridgwater,TA6 3EU,South West,no
141162,933,Somerset,Norton Fitzwarren Church School,www.nortonfitzwarrenprimary.co.uk,Taunton,TA2 6TB,South West,no
123836,933,Somerset,Norton St Philip Church of England First School,www.rodeandnortonschoolfederation.co.uk,Bath,BA2 7LU,South West,no
150032,933,Somerset,Norton Sub Hamdon Church School,www.nortonandwestchinnockschools.co.uk,Stoke-Sub-Hamdon,TA14 6SF,South West,no
142579,933,Somerset,Nunney First School,nunneyfirstschool.co.uk,Frome,BA11 4NE,South West,no
135832,933,Somerset,"Oake, Bradford and Nynehead VC Primary",www.oakebradfordnyneheadprimary.co.uk,Taunton,TA4 1AZ,South West,no
136970,933,Somerset,Oakfield Academy,http://www.oakfieldacademy.co.uk/,Frome,BA11 4JF,South West,no
141800,933,Somerset,Oakhill Church School,www.oakhillchurchschool.co.uk,Radstock,BA3 5AQ,South West,no
135612,933,Somerset,Oaklands Primary School,www.oaklandsprimaryschool.co.uk,Yeovil,BA20 2DU,South West,no
140636,933,Somerset,Old Cleeve Church of England First School,www.oldcleevecofefirstschool.co.uk,Washford,TA23 0PB,South West,no
149764,933,Somerset,Orchard Grove Primary School,https://www.orchardgroveschool.co.uk/,Taunton,TA3 7FD,South West,no
148550,933,Somerset,Othery Village School,middlezoyandotheryschools.co.uk,Bridgwater,TA7 0PX,South West,no
146243,933,Somerset,Otterhampton Primary School,http://www.otterhamptonprisch.co.uk/,Bridgwater,TA5 2QS,South West,no
148953,933,Somerset,Our Lady of Mount Carmel Catholic Primary,www.ourladyofmtcarmelschool.org.uk/,Wincanton,BA9 9DH,South West,no
147015,933,Somerset,Pawlett Primary School Academy,www.pawlettprimaryschool.co.uk,Bridgwater,TA6 4SB,South West,no
150875,933,Somerset,Pen Mill Infant and Nursery Academy,,Yeovil,BA21 4LD,South West,no
123938,933,Somerset,Polden Bower School,https://www.poldenbower.org.uk,Bridgwater,TA6 4GU,South West,no
140305,933,Somerset,Preston CofE Primary School,www.prestoncofeprimary.co.uk/,Yeovil,BA21 3SN,South West,no
136894,933,Somerset,Preston School Academy,http://www.prestonschool.co.uk/,Yeovil,BA21 3JD,South West,no
123658,933,Somerset,Priddy Primary School,www.priddyandstlawrences.co.uk,Wells,BA5 3BE,South West,no
142327,933,Somerset,Primrose Lane Primary School,www.primroselaneprimary.co.uk,Yeovil,BA21 5FH,South West,no
146747,933,Somerset,Priorswood Primary School,www.priorswoodprimaryschool.co.uk,Taunton,TA2 7AD,South West,no
144436,933,Somerset,Puriton Primary School,www.puritonprimaryschool.org.uk,Bridgwater,TA7 8BT,South West,no
136193,933,Somerset,Pyrland School,http://www.pyrlandschool.com/,Taunton,TA2 7QP,South West,no
123726,933,Somerset,Reckleford Infant School and Nursery,,Yeovil,BA21 4ET,South West,no
148791,933,Somerset,Richard Huish College,https://www.huish.ac.uk/,Taunton,TA1 3DZ,South West,no
123878,933,Somerset,Robert Blake School,http://robertblake.org.uk/,Bridgwater,TA6 6AW,South West,no
123800,933,Somerset,Rockwell Green Church of England Primary School,http://www.rockwellgreenprimary.co.uk/,Wellington,TA21 9DJ,South West,no
123823,933,Somerset,Rode Methodist VC First School,www.rodeandnortonschoolfederation.co.uk,Frome,BA11 6NZ,South West,no
146717,933,Somerset,Ruishton Church of England School,http://www.ruishtonschool.co.uk,Taunton,TA3 5JZ,South West,no
137741,933,Somerset,Selwood Academy,http://www.selwood.somerset.sch.uk,Frome,BA11 2EF,South West,no
146698,933,Somerset,Selworthy Special School,,Taunton,TA2 8HD,South West,no
137313,933,Somerset,Sexey's School,http://www.sexeys.somerset.sch.uk/,Bruton,BA10 0DF,South West,no
147523,933,Somerset,Shepton Beauchamp Church School,,Ilminster,TA19 0LQ,South West,no
147823,933,Somerset,Shipham Church of England First School,www.shiphamfirst.co.uk/,Winscombe,BS25 1TX,South West,no
123695,933,Somerset,Somerset Bridge Primary School,www.somersetbridge.co.uk,Bridgwater,TA6 6AH,South West,no
123854,933,Somerset,South Petherton Church of England Infants and Pre School,www.southpethertoncofeinfants.co.uk/,South Petherton,TA13 5DY,South West,no
147324,933,Somerset,Spaxton CofE Primary School,www.spaxton-school.co.uk,Bridgwater,TA5 1BS,South West,no
150030,933,Somerset,St Aldhelms Church School,www.staldhelms.co.uk/,Shepton Mallet,BA4 4PL,South West,no
150953,933,Somerset,St Andrew's Church Junior School,www.standrewsjuniors.co.uk,Burnham-on-Sea,TA8 1ER,South West,no
140062,933,Somerset,St Andrew's Church School,www.standrewsbwmat.org,Taunton,TA2 6HA,South West,no
150071,933,Somerset,St Bartholomew's Church of England Primary School,www.st-bartholomews.somerset.sch.uk,Crewkerne,TA18 8AS,South West,no
123840,933,Somerset,St Benedict's Catholic Primary School,https://stbenedicts.info/somerset/primary/st-benedicts,Radstock,BA3 4BD,South West,no
123833,933,Somerset,St Benedict's Church of England Voluntary Aided Junior School,www.stbenedictscofevajuniorschoolglastonbury.co.uk,Glastonbury,BA6 9EX,South West,no
138942,933,Somerset,St Cuthbert's Church of England Academy Infants and Pre-School,www.stcuthbertsinfantswells.co.uk,Wells,BA5 1TZ,South West,no
123777,933,Somerset,St Cuthbert's CofE Junior School,www.stcuthbertsjuniorswells.co.uk,Wells,BA5 1TS,South West,no
123837,933,Somerset,St Dubricius Church of England VA School,www.stdubriciuscofeschool.co.uk,Minehead,TA24 8QJ,South West,no
137202,933,Somerset,St Dunstan's School,http://www.stdunstansschool.com,Glastonbury,BA6 9BY,South West,no
148952,933,Somerset,St Gildas Catholic Primary School,www.stgildasprimary.co.uk,Yeovil,BA21 4EG,South West,no
139324,933,Somerset,St James Church School,www.stjamessch.co.uk/,Taunton,TA1 1XU,South West,no
139338,933,Somerset,St John and St Francis Church School,www.stjohnstfrancisbwmat.org,Bridgwater,TA6 5BP,South West,no
123900,933,Somerset,St John's Church of England Primary School,www.stjohnscofeprimary.co.uk,Wellington,TA21 9EJ,South West,no
123759,933,Somerset,St John's Church of England Voluntary Controlled Infants School,www.stjohnsinfantsglastonbury.co.uk,Glastonbury,BA6 9DR,South West,no
148949,933,Somerset,St Joseph and St Teresa Catholic Primary School,www.stjosephandstteresa.co.uk/,Wells,BA5 2QL,South West,no
148950,933,Somerset,"St Joseph's Catholic Primary School, Bridgwater",https://www.st-josephs-bridgwater.somerset.sch.uk/,Bridgwater,TA6 7EE,South West,no
148951,933,Somerset,St Joseph's Catholic Primary and Nursery School,www.st-josephs-burnham.co.uk/,Burnham-on-Sea,TA8 1LG,South West,no
123779,933,Somerset,St Lawrence's CofE Primary School,www.priddyandstlawrences.co.uk,Wells,BA5 1HL,South West,no
150177,933,Somerset,"St Louis Catholic Primary School, Frome",www.stlouisfrome.co.uk,Frome,BA11 3AP,South West,no
123855,933,Somerset,"St Margaret's School, Tintinhull",http://www.stmargaretsceva.com/,Yeovil,BA22 8PX,South West,no
147522,933,Somerset,St Mary's & St Peter's Church School,,Ilminster,TA19 9EX,South West,no
123784,933,Somerset,St Mary's Voluntary Controlled Church of England Primary School,www.stmarysbridgwater.co.uk,Bridgwater,TA6 7LX,South West,no
142819,933,Somerset,St Michael's Church of England First School,www.stmichaelsfirstschool.co.uk,Minehead,TA24 5NY,South West,no
150587,933,Somerset,"St Nicholas CofE Primary School, Henstridge",www.stnicholashenstridge.co.uk/,Templecombe,BA8 0QD,South West,no
123783,933,Somerset,St Paul's Church of England VC Junior School,www.stpaulsjuniorsomerset.org.uk,Shepton Mallet,BA4 5LA,South West,no
140645,933,Somerset,St Peter's Church of England First School,www.stpeterscofefirstschool.co.uk/,Taunton,TA4 4SF,South West,no
145676,933,Somerset,St Vigor & St John Church School,www.stvigorandstjohnschool.co.uk/,Radstock,BA3 4EX,South West,no
138843,933,Somerset,St. Michael's Academy,www.stmichaelsacademy.co.uk,Yeovil,BA21 4JW,South West,no
137080,933,Somerset,Stanchester Academy,http://stanchester-academy.co.uk/,Stoke-sub-Hamdon,TA14 6UG,South West,no
141159,933,Somerset,Staplegrove Church School,www.staplegroveprimary.co.uk/,Taunton,TA2 6UP,South West,no
151291,933,Somerset,Stoberry Park School,www.stoberryparkschool.com/,Wells,BA5 2TJ,South West,no
123774,933,Somerset,Stogumber CofE Primary School,www.crowcombeandstogumberprimaryschools.co.uk/,Taunton,TA4 3TQ,South West,no
147326,933,Somerset,Stogursey Church of England Primary School,http://www.stogurseyprimaryschool.co.uk/,Bridgwater,TA5 1PR,South West,no
150233,933,Somerset,Stoke St Gregory Church of England Primary School,https://www.stokestgregory.school/,Taunton,TA3 6EG,South West,no
150967,933,Somerset,Stoke St Michael Primary School,https://stokestmichaelprimary.co.uk/,Radstock,BA3 5LG,South West,no
137175,933,Somerset,Tatworth Primary School,http://www.tatworth.somerset.sch.uk,Chard,TA20 2RX,South West,no
137285,933,Somerset,The Blue School,https://www.theblueschoolwells.co.uk/,Wells,BA5 2NR,South West,no
134758,933,Somerset,The Bridge School Sedgemoor,,Bridgwater,TA6 5HT,South West,no
136916,933,Somerset,The Castle School,http://www.castleschool.co.uk/,Taunton,TA1 5AU,South West,no
146439,933,Somerset,The King Alfred School an Academy,tkasa.org.uk,Highbridge,TA9 3EE,South West,no
136783,933,Somerset,The Kings of Wessex Academy,http://www.kowessex.co.uk/,Cheddar,BS27 3AQ,South West,no
142118,933,Somerset,The Mendip School,https://www.themendipschool.co.uk/,Shepton Mallet,BA4 4FZ,South West,no
136926,933,Somerset,The Redstart Primary School,www.theredstartprimaryschool.co.uk/,Chard,TA20 1SD,South West,no
150134,933,Somerset,The Sky Academy,theskyacademy.clf.uk,Taunton,TA2 7HW,South West,no
151187,933,Somerset,Trinity Church of England First School,www.trinityfirstfrome.co.uk/,Frome,BA11 4LB,South West,no
123850,933,Somerset,Trull Church of England VA Primary School,http://www.trullprimary.com,Taunton,TA3 7JZ,South West,no
123782,933,Somerset,Upton Noble CofE VC Primary School,www.uptonnoble.org.uk,Shepton Mallet,BA4 6AU,South West,no
123644,933,Somerset,Vallis First School,www.vallisfirstschool.org,Frome,BA11 3DB,South West,no
123893,933,Somerset,Wadham School,http://www.wadhamschool.co.uk,Crewkerne,TA18 7NT,South West,no
123776,933,Somerset,Walton Church of England Voluntary Controlled Primary School,http://www.waltonprimary.co.uk,Street,BA16 9LA,South West,no
136601,933,Somerset,Weare Academy First School,http://www.weareacademy.co.uk,Axbridge,BS26 2JS,South West,no
136841,933,Somerset,Wedmore First School Academy,www.wedmorefirstschool.org.uk/,Wedmore,BS28 4BS,South West,no
139387,933,Somerset,Wellesley Park Primary School,www.wellesleyparkschool.co.uk,Wellington,TA21 9AJ,South West,no
144984,933,Somerset,Wembdon St George's Church School,http://www.wembdonstgeorges.co.uk/,Bridgwater,TA6 7PS,South West,no
145674,933,Somerset,West Buckland Primary School,www.westbucklandprimary.org.uk,Wellington,TA21 9LD,South West,no
150027,933,Somerset,West Chinnock Church School,www.nortonandwestchinnockschools.co.uk,Crewkerne,TA18 7PU,South West,no
123821,933,Somerset,West Coker CofE VC Primary School,https://www.westcoker.somerset.sch.uk/,Yeovil,BA22 9AS,South West,no
148531,933,Somerset,West Huntspill Primary Academy,https://www.huntspillfederation.co.uk/,Highbridge,TA9 3QE,South West,no
146676,933,Somerset,West Monkton Church of England School,https://www.westmonktonschool.co.uk/,Taunton,TA2 8FT,South West,no
123780,933,Somerset,West Pennard Church of England Primary School,www.westpennardschool.co.uk/,Glastonbury,BA6 8NT,South West,no
136791,933,Somerset,West Somerset College,http://www.westsomersetcollege.org/,Minehead,TA24 6AY,South West,no
137203,933,Somerset,Westfield Academy,http://www.westfieldacademy.co.uk/,Yeovil,BA21 3DB,South West,no
123697,933,Somerset,Westonzoyland Community Primary School,www.westonzoylandprimary.co.uk,Bridgwater,TA7 0EY,South West,no
144437,933,Somerset,Westover Green Community School and Autism Centre,www.westovergreenschool.org.uk,Bridgwater,TA6 7HB,South West,no
137192,933,Somerset,Whitstone,http://www.whitstoneschool.org/,Shepton Mallet,BA4 5PF,South West,no
140220,933,Somerset,Willowdown Primary School,http://www.willowdownprimaryschool.org.uk/,Bridgwater,TA6 4FU,South West,no
123667,933,Somerset,Wincanton Primary School,http://www.wincantonprimaryschool.co.uk,Wincanton,BA9 9EL,South West,no
147024,933,Somerset,Winsham Primary School,www.winshamprimaryschool.co.uk,Near Chard,TA20 4HU,South West,no
123669,933,Somerset,Wookey Primary School,www.wookeyprimaryschool.co.uk/,Wells,BA5 1LQ,South West,no
140408,933,Somerset,Woolavington Village Primary School,www.woolavingtonvillageprimaryschool.co.uk,Bridgwater,TA7 8EA,South West,no
123678,933,Somerset,Ashcott Primary School,http://www.ashcott.somerset.sch.uk,Bridgwater,TA7 9PP,South West,yes
123945,933,Somerset,Avalon School,https://www.avalonschool.org.uk/,Street,BA16 0PS,South West,yes
123711,933,Somerset,Beech Grove Primary School,www.beechgrove.somerset.sch.uk/,Wellington,TA21 8NE,South West,yes
123701,933,Somerset,Churchstanton Primary School,https://churchstanton.somerset.sch.uk,Taunton,TA3 7RL,South West,yes
123641,933,Somerset,Coxley Primary School,www.coxleyschool.co.uk,Wells,BA5 1RD,South West,yes
123643,933,Somerset,Dunster First School,http://www.dunsterfirstschool.co.uk,Minehead,TA24 6RX,South West,yes
123719,933,Somerset,East Coker Community Primary School,www.eastcokerschool.co.uk,Yeovil,BA22 9HY,South West,yes
123940,933,Somerset,Fairmead School,http://www.fairmeadschool.com,Yeovil,BA21 4NZ,South West,yes
123681,933,Somerset,Hamp Nursery and Infants' School,www.hampnurseryandinfantschool.co.uk/,Bridgwater,TA6 6JB,South West,yes
123664,933,Somerset,Hindhayes Infant School,http://www.hindhayes.co.uk,Street,BA16 0HB,South West,yes
123650,933,Somerset,Keinton Mandeville Primary School,www.keintonmandevilleschool.co.uk/,Somerton,TA11 6ES,South West,yes
123651,933,Somerset,Kingsbury Episcopi Primary School,www.kingsburyepiscopiprimary.co.uk/,Martock,TA12 6BP,South West,yes
123653,933,Somerset,Meare Village Primary School,www.meareprimary.co.uk/,Glastonbury,BA6 9SP,South West,yes
123724,933,Somerset,Milford Infants' School,http://www.milford-inf.somerset.sch.uk,Yeovil,BA21 4PG,South West,yes
123703,933,Somerset,Milverton Community Primary School and Pre-School,http://www.milvertonprimary.co.uk,Taunton,TA4 1JP,South West,yes
123689,933,Somerset,North Newton Community Primary School,www.northnewtonprimaryschool.co.uk,Bridgwater,TA7 0BG,South West,yes
135830,933,Somerset,North Petherton Primary School,www.northpethertonprimary.co.uk/,Bridgwater,TA6 6LU,South West,yes
123714,933,Somerset,Parkfield Primary School,www.parkfieldschool.co.uk/,Taunton,TA1 4RT,South West,yes
123705,933,Somerset,Sampford Arundel Community Primary School,www.sampfordarundelprimary.com,Wellington,TA21 9QN,South West,yes
123660,933,Somerset,Shepton Mallet Community Infants' School & Nursery,www.sheptonmalletinfants.co.uk,Shepton Mallet,BA4 5HE,South West,yes
123720,933,Somerset,South Petherton Junior School,https://www.southpetherton-jun.somerset.sch.uk/,South Petherton,TA13 5AG,South West,yes
134697,933,Somerset,South Somerset Partnership School,www.ssps.org.uk,Yeovil,BA21 4EN,South West,yes
123851,933,Somerset,St George's Catholic School,www.st-georges-somerset.org.uk/,Taunton,TA1 3NR,South West,yes
123843,933,Somerset,"St John's Church of England Voluntary Aided First School, Frome",stjohnsfrome.co.uk,Frome,BA11 1QG,South West,yes
123706,933,Somerset,Stawley Primary School,www.stawleyschool.com,Wellington,TA21 0HH,South West,yes
134699,933,Somerset,Taunton Deane Partnership College,www.tauntondeanepartnershipcollege.org,Taunton,TA1 2JD,South West,yes
123849,933,Somerset,Thurlbear Church of England Primary School,https://www.thurlbear.somerset.sch.uk/,Taunton,TA3 5BW,South West,yes
123841,933,Somerset,Timberscombe Church of England First School,www.moorlandfed.co.uk,Minehead,TA24 7TY,South West,yes
134694,933,Somerset,Tor School,http://www.torschool.org,Glastonbury,BA6 9NS,South West,yes
123710,933,Somerset,Wellsprings Primary School,https://wellsprings.somerset.sch.uk,Taunton,TA2 7NF,South West,yes
123713,933,Somerset,Wiveliscombe Primary School,http://www.wiveliscombeprimary.com,Taunton,TA4 2LA,South West,yes
