urn,district_code,district_name,school_name,website,town,postcode,region,has_email_collected
147063,935,Suffolk,Abbeygate Sixth Form College,https://www.abbeygatesfc.ac.uk/,Bury St Edmunds,IP33 3YU,East of England,no
147933,935,Suffolk,Abbot's Hall Community Primary School,www.abbotshall.suffolk.sch.uk/,Stowmarket,IP14 1QF,East of England,no
145698,935,Suffolk,Abbots Green Primary Academy,www.abbotsgreenacademy.co.uk,Bury St Edmunds,IP32 7PJ,East of England,no
141236,935,Suffolk,Alde Valley Academy,http://www.aldevalley.suffolk.sch.uk,Leiston,IP16 4BG,East of England,no
144211,935,Suffolk,Aldeburgh Primary School,www.aldeburghprimary.org.uk,Aldeburgh,IP15 5EU,East of England,no
144879,935,Suffolk,Alderwood Academy,www.raedwaldtrust.org,Ipswich,IP3 0EW,East of England,no
145693,935,Suffolk,"All Saints Church of England Primary School, Laxfield",www.laxfieldprimary.org.uk,Woodbridge,IP13 8HD,East of England,no
146086,935,Suffolk,"All Saints Church of England Primary School, Newmarket",www.allsaints.suffolk.sch.uk,Newmarket,CB8 8JE,East of England,no
124706,935,Suffolk,"All Saints' Church of England Voluntary Controlled Primary School, Lawshall",http://allsaintsprimary.org,Bury St Edmunds,IP29 4QA,East of England,no
143359,935,Suffolk,Bacton Primary School,www.bacton-pri.suffolk.sch.uk,Stowmarket,IP14 4LL,East of England,no
143056,935,Suffolk,Bardwell Church of England Primary School,https://www.bardwell.org.uk/,Bury St Edmunds,IP31 1AD,East of England,no
144828,935,Suffolk,Barnby and North Cove Community Primary School,https://www.barnbynorthcove.suffolk.sch.uk/,Beccles,NR34 7QB,East of England,no
124690,935,Suffolk,Barrow Church of England Voluntary Controlled Primary School,www.barrowcevcprimaryschool.co.uk,Bury St Edmunds,IP29 5AU,East of England,no
124719,935,Suffolk,Bawdsey Church of England Voluntary Controlled Primary School,www.bawdseyprimary.com,Woodbridge,IP12 3AR,East of England,no
124595,935,Suffolk,Bealings School,www.bealings.org.uk,Woodbridge,IP13 6LW,East of England,no
133605,935,Suffolk,Beaumont Community Primary School,www.beaumontcp.co.uk,Hadleigh,IP7 6GD,East of England,no
138274,935,Suffolk,Beccles High School,www.becclesschool.org.uk,Beccles,NR34 7BQ,East of England,no
142017,935,Suffolk,Beccles Primary Academy,www.becclesacademy.org,Beccles,NR34 7AB,East of England,no
144275,935,Suffolk,Beck Row Primary Academy,,Bury St Edmunds,IP28 8AE,East of England,no
148752,935,Suffolk,Bedfield Church of England Primary School,www.bedfieldschool.co.uk/,Woodbridge,IP13 7EA,East of England,no
149991,935,Suffolk,Benhall St Mary's Church of England Primary School,www.benhallschool.co.uk,Saxmundham,IP17 1HE,East of England,no
142759,935,Suffolk,Benjamin Britten Academy of Music and Mathematics,https://www.benjaminbritten.school/,Lowestoft,NR32 4PZ,East of England,no
124754,935,Suffolk,Bentley Church of England Voluntary Controlled Primary School,www.bentley.suffolk.sch.uk,Ipswich,IP9 2BT,East of England,no
124531,935,Suffolk,Bildeston Primary School,http://www.bildeston.suffolk.sch.uk,Ipswich,IP7 7ES,East of England,no
124751,935,Suffolk,Blundeston Church of England Voluntary Controlled Primary School,http://www.blundestoncevcp.co.uk,Lowestoft,NR32 5AX,East of England,no
147934,935,Suffolk,Bosmere Community Primary School,www.bosmereprimary.net,Ipswich,IP6 8BP,East of England,no
124691,935,Suffolk,Boxford Church of England Voluntary Controlled Primary School,http://www.boxford.suffolk.sch.uk,Sudbury,CO10 5NP,East of England,no
143050,935,Suffolk,Bramfield Church of England Primary School,https://bmpy-suffolk.secure-dbprimary.com/suffolk/primary/bmpy,Halesworth,IP19 9HZ,East of England,no
124723,935,Suffolk,Bramford Church of England Voluntary Controlled Primary School,http://www.bramsomfederation.net,Ipswich,IP8 4AH,East of England,no
144827,935,Suffolk,Brampton Church of England Primary School,,Beccles,NR34 8DW,East of England,no
138250,935,Suffolk,Breckland School,https://www.brecklandschool.co.uk/,Brandon,IP27 0PE,East of England,no
146323,935,Suffolk,Britannia Primary School and Nursery,www.britannia.suffolk.sch.uk,Ipswich,IP4 5HE,East of England,no
146460,935,Suffolk,Broke Hall Community Primary School,http://www.brokehall.suffolk.sch.uk,Ipswich,IP4 5XD,East of England,no
145835,935,Suffolk,Brooklands Primary School,http://www.brooklands.omat.org.uk,Nr Manningtree,CO11 1RX,East of England,no
124572,935,Suffolk,Bucklesham Primary School,http://www.buckleshamprimaryschool.co.uk/,Ipswich,IP10 0AX,East of England,no
136998,935,Suffolk,Bungay High School,http://www.bungayhigh.co.uk/,Bungay,NR35 1RW,East of England,no
144443,935,Suffolk,Bungay Primary School,www.bungayprimary.co.uk/,Bungay,NR35 1HA,East of England,no
141546,935,Suffolk,Burton End Primary Academy,http://www.burtonendschool.co.uk,Haverhill,CB9 9DE,East of England,no
136990,935,Suffolk,Bury St Edmunds County High School,http://www.countyhigh.uk,Bury St Edmunds,IP32 6RF,East of England,no
148541,935,Suffolk,Castle EAST School,https://www.castleeastschool.co.uk/,Bungay,NR35 1JS,East of England,no
141372,935,Suffolk,Castle Hill Infant School,www.castlehillprimary.org.uk,Ipswich,IP1 6QD,East of England,no
141373,935,Suffolk,Castle Hill Junior School,www.castlehillprimary.org.uk,Ipswich,IP1 6QD,East of England,no
138162,935,Suffolk,Castle Manor Academy,http://www.castlemanor.org.uk,Haverhill,CB9 9JE,East of England,no
143360,935,Suffolk,Cedars Park Community Primary School,www.cedarspark.suffolk.sch.uk/,Stowmarket,IP14 5FP,East of England,no
131962,935,Suffolk,Cedarwood Primary School,www.cedarwoodprimary.org.uk,Ipswich,IP5 2ES,East of England,no
147594,935,Suffolk,Chalk Hill,https://sendat.academy/chalkhill/,Sudbury,CO10 2SF,East of England,no
138373,935,Suffolk,Chantry Academy,http://www.chantryacademy.org,Ipswich,IP2 9LR,East of England,no
146148,935,Suffolk,Charsfield Church of England Primary School,www.charsfieldprimaryschool.org.uk/,Woodbridge,IP13 7QB,East of England,no
144625,935,Suffolk,Chelmondiston Church of England Primary School,www.chelmondiston.suffolk.sch.uk,Ipswich,IP9 1DT,East of England,no
147932,935,Suffolk,Chilton Community Primary School,www.chilton.suffolk.sch.uk/,Stowmarket,IP14 1NN,East of England,no
139732,935,Suffolk,Churchill Special Free School,www.churchillschool.co.uk,Haverhill,CB9 0LB,East of England,no
144399,935,Suffolk,Clare Community Primary School,www.clareprimary.org,Sudbury,CO10 8PZ,East of England,no
144214,935,Suffolk,Claydon High School,www.claydonhigh.co.uk,Ipswich,IP6 0EG,East of England,no
146021,935,Suffolk,Claydon Primary School,www.claydonprimary.net,Ipswich,IP6 0DX,East of England,no
144276,935,Suffolk,Clements Primary Academy,www.clementsprimary.co.uk,Haverhill,CB9 8NJ,East of England,no
141591,935,Suffolk,Cliff Lane Primary School,www.clifflaneprimary.co.uk,Ipswich,IP3 0PJ,East of England,no
124654,935,Suffolk,Clifford Road Primary School & Nursery,www.cliffordroadschool.org.uk,Ipswich,IP4 1PJ,East of England,no
150065,935,Suffolk,Cockfield Church of England Primary School,http://www.cockfieldprimaryschool.co.uk,Bury St Edmunds,IP30 0LA,East of England,no
146875,935,Suffolk,Coldfair Green Community Primary School,www.coldfairgreenprimaryschool.co.uk,Saxmundham,IP17 1UY,East of England,no
124624,935,Suffolk,Colneis Junior School,http://www.fairfieldandcolneis.co.uk/,Felixstowe,IP11 9HH,East of England,no
147880,935,Suffolk,Combs Ford Primary School,www.combsfordprimary.co.uk,Stowmarket,IP14 2PN,East of England,no
136827,935,Suffolk,Copleston High School,http://www.copleston.suffolk.sch.uk,Ipswich,IP4 5HD,East of England,no
124727,935,Suffolk,Corton Church of England Voluntary Aided Primary School,http://www.corton.suffolk.sch.uk,Lowestoft,NR32 5HW,East of England,no
141371,935,Suffolk,Coupals Primary Academy,www.coupalsacademy.co.uk/,Haverhill,CB9 0LB,East of England,no
146175,935,Suffolk,Crawford's Church of England Primary School,www.crawforsprimaryschool.com,Stowmarket,IP14 3QZ,East of England,no
124770,935,Suffolk,Creeting St Mary Church of England Voluntary Aided Primary School,http://www.creetingstmary.suffolk.sch.uk,Ipswich,IP6 8NF,East of England,no
150424,935,Suffolk,Dale Hall Community Primary School,http://www.dalehall.suffolk.sch.uk,Ipswich,IP1 4LX,East of England,no
136416,935,Suffolk,Debenham High School,http://www.debenhamhighschool.suffolk.sch.uk/,Stowmarket,IP14 6BL,East of England,no
141736,935,Suffolk,Dell Primary School,www.dellprimaryschool.co.uk,Lowestoft,NR33 9NU,East of England,no
146234,935,Suffolk,Dennington Church of England Primary School,www.denningtonprimaryschool.org.uk,Woodbridge,IP13 8AE,East of England,no
124729,935,Suffolk,East Bergholt Church of England Voluntary Controlled Primary School,http://www.eastbergholt-pri.suffolk.sch.uk,Nr Colchester,CO7 6SW,East of England,no
137218,935,Suffolk,East Bergholt High School,http://www.ebhigh.org.uk,Colchester,CO7 6RJ,East of England,no
137134,935,Suffolk,East Point Academy,http://www.inspirationtrust.org/eastpointacademy,Lowestoft,NR33 0UQ,East of England,no
141550,935,Suffolk,Easton Primary School,http://www.eastonprimary.org.uk/,Woodbridge,IP13 0ED,East of England,no
144444,935,Suffolk,Edgar Sewter Community Primary School,www.edgarsewterprimary.co.uk,Halesworth,IP19 8BU,East of England,no
142580,935,Suffolk,Elm Tree Primary School,www.elmtreeprimaryacademy.co.uk,Lowestoft,NR33 9HN,East of England,no
148751,935,Suffolk,Elmsett Church of England Primary School,www.elmsettschool.co.uk,Ipswich,IP7 6PA,East of England,no
139149,935,Suffolk,Elveden Church of England Primary Academy,http://www.elveden.suffolk.sch.uk,Thetford,IP24 3TN,East of England,no
151104,935,Suffolk,Exning Primary School,https://www.exning.suffolk.sch.uk/,Newmarket,CB8 7EW,East of England,no
143549,935,Suffolk,Eyke Church of England Primary School,,Woodbridge,IP12 2QW,East of England,no
136834,935,Suffolk,Farlingaye High School,http://www.farlingaye.suffolk.sch.uk/,Woodbridge,IP12 4JX,East of England,no
147261,935,Suffolk,Felix Primary School,https://www.felixprimaryschool.org/,Felixstowe,IP11 9ED,East of England,no
137321,935,Suffolk,Felixstowe School,http://www.fxa.org.uk,Felixstowe,IP11 9QR,East of England,no
146072,935,Suffolk,First Base Bury St Edmunds,www.raedwaldtrust.org,Bury St Edmunds,IP32 7PJ,East of England,no
145101,935,Suffolk,First Base Ipswich Academy,http://www.raedwaldtrust.org,Ipswich,IP3 0EW,East of England,no
136316,935,Suffolk,Forest Academy,http://www.forest.suffolk.sch.uk,Brandon,IP27 0FP,East of England,no
124775,935,Suffolk,Framlingham Sir Robert Hitcham's Church of England Voluntary Aided Primary School,http://www.hitchamsframlingham.org.uk,"Framlingham, Woodbridge",IP13 9EP,East of England,no
147931,935,Suffolk,Freeman Community Primary School,www.freeman.suffolk.sch.uk,Stowmarket,IP14 4BQ,East of England,no
145696,935,Suffolk,Fressingfield Church of England Primary School,http://www.fressingfield.suffolk.sch.uk/,Eye,IP21 5RU,East of England,no
143065,935,Suffolk,Gislingham Church of England Primary School,www.gislingham.suffolk.sch.uk,Eye,IP23 8HX,East of England,no
145476,935,Suffolk,Glade Academy,www.gladeacademy.co.uk,Brandon,IP27 0DA,East of England,no
141406,935,Suffolk,Glemsford Primary Academy,www.glemsfordprimaryacademy.co.uk,Sudbury,CO10 7RF,East of England,no
149067,935,Suffolk,Grace Cook Primary School,https://www.gracecook.omat.org.uk/,Stowmarket,IP14 1GG,East of England,no
146532,935,Suffolk,Grange Community Primary School,www.grange.omat.org.uk,Felixstowe,IP11 2LA,East of England,no
142547,935,Suffolk,Great Barton Church of England Primary Academy,http://greatbartonprimaryschool.co.uk/contact-us/,Bury St Edmunds,IP31 2RJ,East of England,no
124732,935,Suffolk,Great Finborough Church of England Voluntary Controlled Primary School,www.greatfinborough.suffolk.sch.uk,Stowmarket,IP14 3AQ,East of England,no
142027,935,Suffolk,Great Heath Academy,http://www.greatheathacademy.attrust.org.uk/,Bury St Edmunds,IP28 7PT,East of England,no
124699,935,Suffolk,Great Waldingfield Church of England Voluntary Controlled Primary School,http://www.greatwaldingfield.suffolk.sch.uk,Sudbury,CO10 0RR,East of England,no
147450,935,Suffolk,Great Whelnetham Church of England Primary School,https://www.greatwhelnetham.suffolk.sch.uk/website,Bury St. Edmunds,IP30 0UA,East of England,no
140823,935,Suffolk,Grove Primary School,www.groveprimaryschool.org,Lowestoft,NR33 8RQ,East of England,no
124550,935,Suffolk,Guildhall Feoffment Community Primary School,www.guildhallfeoffment.org,Bury St Edmunds,IP33 1RE,East of England,no
142187,935,Suffolk,Gunton Primary Academy,https://www.guntonprimary.co.uk,Lowestoft,NR32 4LX,East of England,no
139803,935,Suffolk,Gusford Community Primary School,www.gusfordprimary.net,Ipswich,IP2 9LQ,East of England,no
124559,935,Suffolk,Hadleigh Community Primary School,https://hadleighcp.school/,Hadleigh,IP7 5HQ,East of England,no
136918,935,Suffolk,Hadleigh High School,http://www.hadleighhigh.net/,Ipswich,IP7 5HU,East of England,no
144217,935,Suffolk,Halifax Primary School,www.halifax.omat.org.uk,Ipswich,IP2 8PY,East of England,no
144212,935,Suffolk,Handford Hall Primary School,http://www.handfordhall.omat.org.uk,Ipswich,IP1 2LQ,East of England,no
148509,935,Suffolk,Hardwick Primary School,www.hardwickprimaryschool.co.uk/,Bury St Edmunds,IP33 2PW,East of England,no
144215,935,Suffolk,Hartest Church of England Primary School,http://www.hartest.suffolk.sch.uk/,Bury St Edmunds,IP29 4DL,East of England,no
136271,935,Suffolk,Hartismere School,http://www.hartismere.com/,Eye,IP23 7BL,East of England,no
124593,935,Suffolk,"Heath Primary School, Kesgrave",https://heathprimary.co.uk,Ipswich,IP5 1JG,East of England,no
146961,935,Suffolk,Helmingham Primary School and Nursery,www.helminghamprimaryschool.org.uk,Stowmarket,IP14 6EX,East of England,no
144850,935,Suffolk,Henley Primary School,www.henleyprimaryschool.net,Ipswich,IP6 0QX,East of England,no
140887,935,Suffolk,Hillside Primary School,www.hillsideprimary.co.uk,Ipswich,IP2 8NU,East of England,no
124903,935,Suffolk,Hillside Special School,http://www.hillsidespecial.org.uk,Sudbury,CO10 1NN,East of England,no
145539,935,Suffolk,Hintlesham and Chattisham Church of England Primary School,https://www.hintleshamchattishamschool.com/,Ipswich,IP8 3NH,East of England,no
137208,935,Suffolk,Holbrook Academy,http://holbrookacademy.org/,Ipswich,IP9 2QX,East of England,no
124589,935,Suffolk,Hollesley Primary School,www.hollesley.school,Woodbridge,IP12 3RE,East of England,no
144442,935,Suffolk,Holton St Peter Community Primary School,www.holtonstpeterschool.co.uk,Halesworth,IP19 8PL,East of England,no
124702,935,Suffolk,Honington Church of England Voluntary Controlled Primary School,www.honington.edublogs.org/,Bury St Edmunds,IP31 1RE,East of England,no
124703,935,Suffolk,Hopton Church of England Voluntary Controlled Primary School,www.hopton.suffolk.sch.uk,Diss,IP22 2QY,East of England,no
140121,935,Suffolk,Horizon School,www.horizonschool.org.uk,Lowestoft,NR32 4TD,East of England,no
143861,935,Suffolk,Houldsworth Valley Primary Academy,,Newmarket,CB8 0PU,East of England,no
146280,935,Suffolk,Howard Community Academy,www.howardacademy.org,Bury St Edmunds,IP32 6SA,East of England,no
124538,935,Suffolk,Hundon Community Primary School,https://www.htpfederation.co.uk/index.php/hundon,Sudbury,CO10 8EE,East of England,no
151388,935,Suffolk,Ickworth Park Primary School,www.ickworthpark.co.uk,Bury St Edmunds,IP29 5SB,East of England,no
144445,935,Suffolk,Ilketshall St Lawrence School,www.ilketshallstlawrenceprimary.co.uk,Beccles,NR34 8ND,East of England,no
136453,935,Suffolk,Ipswich Academy,http://ipswichacademy.paradigmtrust.org,Ipswich,IP3 0SP,East of England,no
145234,935,Suffolk,Ixworth Church of England Primary School,https://sites.google.com/tilian.org.uk/ixworthceprimary/home,Bury St. Edmunds,IP31 2EL,East of England,no
140047,935,Suffolk,Ixworth High School,www.ixworthschool.org.uk,Ixworth,IP31 2HS,East of England,no
139485,935,Suffolk,Kedington Primary Academy,www.kedington.suffolk.sch.uk/,Haverhill,CB9 7QZ,East of England,no
124735,935,Suffolk,Kelsale Church of England Voluntary Controlled Primary School,www.kelsaleprimary.co.uk,Saxmundham,IP17 2NP,East of England,no
148846,935,Suffolk,Kersey Church of England Primary School,http://www.kersey.suffolk.sch.uk/,Ipswich,IP7 6EG,East of England,no
136969,935,Suffolk,Kesgrave High School,http://www.kesgrave.suffolk.sch.uk,Ipswich,IP5 2PB,East of England,no
141172,935,Suffolk,Kessingland Church of England Primary Academy,www.kessingland.dneat.org/,Lowestoft,NR33 7QA,East of England,no
124856,935,Suffolk,King Edward VI CEVC School,http://www.king-ed.suffolk.sch.uk/,Bury St Edmunds,IP33 3BH,East of England,no
124627,935,Suffolk,Kingsfleet Primary School,www.kingsfleetprimaryschool.co.uk,Felixstowe,IP11 9LY,East of England,no
124628,935,Suffolk,Kyson Primary School,www.kysonprimaryschool.co.uk,Woodbridge,IP12 4HX,East of England,no
138117,935,Suffolk,Langer Primary Academy,http://www.langerprimaryacademy.org/,Felixstowe,IP11 2HL,East of England,no
142993,935,Suffolk,Laureate Community Academy,http://www.laureateacademy.co.uk,Newmarket,CB8 0AN,East of England,no
141554,935,Suffolk,Leiston Primary School,www.leistonprimary.org.uk,Leiston,IP16 4JQ,East of England,no
143147,935,Suffolk,Long Melford Church of England Primary School,http://www.longmelfordprimaryschool.co.uk,Sudbury,CO10 9ED,East of England,no
142018,935,Suffolk,Martlesham Primary Academy,www.martleshamacademy.org,Woodbridge,IP12 4SS,East of England,no
143807,935,Suffolk,Mellis Church of England Primary School,http://www.mellis.suffolk.sch.uk/,Eye,IP23 8DP,East of England,no
124597,935,Suffolk,Melton Primary School,http://www.melton.suffolk.sch.uk,Woodbridge,IP12 1PG,East of England,no
143069,935,Suffolk,Mendham Primary School,http://www.waveneyvalleypartnership.org.uk,Harleston,IP20 0NJ,East of England,no
143361,935,Suffolk,Mendlesham Primary School,http://www.mendlesham.suffolk.sch.uk/,Stowmarket,IP14 5RT,East of England,no
143806,935,Suffolk,Middleton Community Primary School,www.middletonprimaryschool.org.uk,Saxmundham,IP17 3NW,East of England,no
139867,935,Suffolk,Mildenhall College Academy,http://www.mildenhall.attrust.org.uk/,Mildenhall,IP28 7JX,East of England,no
145851,935,Suffolk,Morland Church of England Primary School,morlandprimary.com,Ipswich,IP3 0LH,East of England,no
124709,935,Suffolk,Moulton Church of England Voluntary Controlled Primary School,www.moulton.suffolk.sch.uk/,Newmarket,CB8 8PR,East of England,no
143550,935,Suffolk,Murrayfield Primary - A Paradigm Academy,http://murrayfieldacademy.paradigmtrust.org/,Ipswich,IP3 9JL,East of England,no
142994,935,Suffolk,Nacton Church of England Primary School,http://www.nacton.suffolk.sch.uk,Ipswich,IP10 0EU,East of England,no
124543,935,Suffolk,Nayland Primary School,www.naylandschool.com,Nr Colchester,CO6 4HZ,East of England,no
140669,935,Suffolk,Newmarket Academy,http://www.newmarketacademy.co.uk/,Newmarket,CB8 0EB,East of England,no
142016,935,Suffolk,Northfield St Nicholas Primary Academy,http://www.nsnacademy.com/,Lowestoft,NR32 4HN,East of England,no
124840,935,Suffolk,Northgate High School,http://www.northgate.suffolk.sch.uk/,Ipswich,IP4 3DL,East of England,no
124710,935,Suffolk,Norton CEVC Primary School,http://www.norton.suffolk.sch.uk/,Bury St Edmunds,IP31 3LZ,East of England,no
146173,935,Suffolk,Occold Primary School,www.occoldprimaryschool.org/,Eye,IP23 7PL,East of England,no
143070,935,Suffolk,Old Newton Church of England Primary School,http://www.oldnewton.suffolk.sch.uk/,Stowmarket,IP14 4PJ,East of England,no
142820,935,Suffolk,Olive AP Academy - Suffolk,apsuffolk.oliveacademies.org.uk,Stowmarket,IP14 1SZ,East of England,no
142283,935,Suffolk,One Sixth Form College,http://www.suffolkone.ac.uk/,Ipswich,IP8 3SU,East of England,no
150252,935,Suffolk,Orford Church of England Primary School and Nursery,www.orfordprimary.co.uk,Woodbridge,IP12 2LU,East of England,no
139403,935,Suffolk,Ormiston Denes Academy,www.ormistondenes.co.uk,Lowestoft,NR32 4AH,East of England,no
137674,935,Suffolk,Ormiston Endeavour Academy,http://ormistonendeavouracademy.co.uk/,Ipswich,IP1 6SG,East of England,no
138506,935,Suffolk,Ormiston Sudbury Academy,www.ormistonsudburyacademy.co.uk,Sudbury,CO10 1NW,East of England,no
124602,935,Suffolk,Otley Primary School,http://www.owfed.co.uk/,Ipswich,IP6 9NT,East of England,no
124676,935,Suffolk,Oulton Broad Primary School,http://www.oultonbroad.suffolk.sch.uk,Lowestoft,NR32 3JX,East of England,no
146909,935,Suffolk,Pakefield High School,www.pakefield.org.uk,Lowestoft,NR33 7AQ,East of England,no
141640,935,Suffolk,Pakefield Primary School,www.pakefieldprimaryschool.org.uk/,Lowestoft,NR33 7AQ,East of England,no
143071,935,Suffolk,Palgrave Church of England Primary School,www.palgrave.suffolk.sch.uk/,Nr Diss,IP22 1AG,East of England,no
142801,935,Suffolk,Parkside Academy,http://www.raedwaldtrust.org,Ipswich,IP4 5ND,East of England,no
141983,935,Suffolk,Phoenix St Peter Academy,www.phoenixstpeter.co.uk,"Lowestoft, Suffolk",NR33 0NE,East of England,no
145118,935,Suffolk,Piper's Vale Primary - A Paradigm Academy,http://pipersvaleacademy.paradigmtrust.org/,Ipswich,IP3 0EW,East of England,no
138161,935,Suffolk,Place Farm Primary Academy,www.placefarm.org.uk,Haverhill,CB9 8HF,East of England,no
145541,935,Suffolk,Poplars Community Primary School,http://www.poplars.suffolk.sch.uk,Lowestoft,NR32 4HN,East of England,no
137433,935,Suffolk,Priory School,https://sendat.academy/priory/,Bury St Edmunds,IP32 7BH,East of England,no
124645,935,Suffolk,Ranelagh Primary School,http://www.ranelaghprimary.co.uk,Ipswich,IP2 0AN,East of England,no
142554,935,Suffolk,Rattlesden Church of England Primary Academy,http://www.rattlesdenprimaryschool.co.uk,Bury St Edmunds,IP30 0SE,East of England,no
143491,935,Suffolk,Ravensmere Infant School,www.ravensmere.suffolk.sch.uk,Beccles,NR34 9UL,East of England,no
151105,935,Suffolk,Ravenswood Community Primary School,http://www.ravenswoodcpschool.co.uk/,Ipswich,IP3 9UA,East of England,no
140573,935,Suffolk,Red Oak Primary School,https://www.redoakprimaryschool.co.uk/suffolk/primary/redoak,Lowestoft,NR33 0RZ,East of England,no
145795,935,Suffolk,Rendlesham Primary School,http://www.rendleshamprimaryschool.org.uk,Woodbridge,IP12 2GF,East of England,no
141702,935,Suffolk,Reydon Primary School,www.reydonprimary.org/,Southwold,IP18 6QB,East of England,no
144849,935,Suffolk,Ringsfield Church of England Primary School,www.ringsfield.suffolk.sch.uk/,Beccles,NR34 8NZ,East of England,no
147509,935,Suffolk,Ringshall School,http://www.ringshallschool.co.uk/,Stowmarket,IP14 2JD,East of England,no
124712,935,Suffolk,Risby Church of England Voluntary Controlled Primary School,http://www.risbyprimary.com,Bury St Edmunds,IP28 6RT,East of England,no
146418,935,Suffolk,Riverwalk School,www.riverwalk.org.uk,Bury St. Edmunds,IP33 2PD,East of England,no
145559,935,Suffolk,Roman Hill Primary School,www.romanhill-pri.suffolk.sch.uk,Lowestoft,NR32 2NX,East of England,no
145540,935,Suffolk,Rose Hill Primary,www.rosehillprimary.net/,Ipswich,IP3 8DL,East of England,no
145237,935,Suffolk,Rougham Church of England Primary School,roughamprimary.net,Bury St. Edmunds,IP30 9JJ,East of England,no
148414,935,Suffolk,Rushmere Hall Primary School,www.rushmerehallprimaryschool.com,Ipswich,IP4 3EJ,East of England,no
136322,935,Suffolk,Samuel Ward Academy,http://www.samuelward.co.uk,Haverhill,CB9 0LD,East of England,no
124685,935,Suffolk,Sandlings Primary School,www.sandlingsprimary.co.uk,Woodbridge,IP12 3TD,East of England,no
146494,935,Suffolk,Saxmundham Primary School,www.saxmundhamprimary.org.uk,Saxmundham,IP17 1XQ,East of England,no
150689,935,Suffolk,Sexton's Manor Primary School,www.sextonsmanorschool.com/,Bury St Edmunds,IP33 3HG,East of England,no
146271,935,Suffolk,Shotley Community Primary School,www.shotley.org.uk,Ipswich,IP9 1NR,East of England,no
140822,935,Suffolk,Sidegate Primary School,www.sidegate.net,Ipswich,IP4 4JD,East of England,no
147849,935,Suffolk,Sir Bobby Robson School,www.sirbobbyrobsonschool.co.uk,Ipswich,IP3 9FA,East of England,no
137055,935,Suffolk,Sir John Leman High School,http://www.sirjohnleman.co.uk,Beccles,NR34 9PG,East of England,no
149108,935,Suffolk,Sir Peter Hall School,https://www.sphschool.org/,Bury St. Edmunds,IP32 7PJ,East of England,no
124774,935,Suffolk,Sir Robert Hitcham Church of England Voluntary Aided School,www.sirroberthitcham.suffolk.sch.uk,Stowmarket,IP14 6PL,East of England,no
148824,935,Suffolk,Snape Primary School,https://www.snape.suffolk.sch.uk,Saxmundham,IP17 1QG,East of England,no
145694,935,Suffolk,Somerleyton Primary School,www.somerleytonprimary.co.uk,Lowestoft,NR32 5PT,East of England,no
124609,935,Suffolk,Somersham Primary School,http://www.bramsomfederation.net/,Ipswich,IP8 4PN,East of England,no
144826,935,Suffolk,Southwold Primary School,www.southwoldprimaryschool.org.uk,Southwold,IP18 6JP,East of England,no
144213,935,Suffolk,Springfield Infant School and Nursery,https://www.springinf.omat.org.uk,Ipswich,IP1 4PP,East of England,no
144329,935,Suffolk,Springfield Junior School,http://www.springfieldjuniors.org.uk/,Ipswich,IP1 4DT,East of England,no
141985,935,Suffolk,Sprites Primary Academy,http://spritesacademy.org/,Ipswich,IP2 0SA,East of England,no
142595,935,Suffolk,Sproughton Church of England Primary School,www.sproughtonprimary.org.uk/,Ipswich,IP8 3BB,East of England,no
137849,935,Suffolk,St Alban's Catholic High School,http://www.st-albans.suffolk.sch.uk,Ipswich,IP4 3NJ,East of England,no
149285,935,Suffolk,St Benedict's Catholic School,http://www.st-benedicts.suffolk.sch.uk,Bury St Edmunds,IP32 6RH,East of England,no
142786,935,Suffolk,St Benet's Catholic Primary School,https://www.st-benets.suffolk.sch.uk/,Beccles,NR34 9PQ,East of England,no
124758,935,Suffolk,St Botolph's Church of England Voluntary Controlled Primary School,http://stbotolphs.suffolk.dbprimary.com,Nr Diss,IP22 1DW,East of England,no
143490,935,Suffolk,St Christopher's Academy,www.raedwaldtrust.org,Ipswich,IP4 3HG,East of England,no
142025,935,Suffolk,St Christopher's CEVCP School,stchristophers.demat.org.uk,Bury St Edmunds,IP28 8XQ,East of England,no
124764,935,Suffolk,St Edmund's Catholic Primary School,https://www.stedmundsandstjosephs.com/,Bury St Edmunds,IP33 1QG,East of England,no
142770,935,Suffolk,St Edmund's Catholic Primary School,www.st-edmundsrc.suffolk.sch.uk,Bungay,NR35 1AY,East of England,no
143074,935,Suffolk,St Edmund's Primary School,http://www.waveneyvalleypartnership.org,Eye,IP21 5AD,East of England,no
151165,935,Suffolk,St Edmundsbury CofE Primary Academy,,Bury St. Edmunds,IP33 3BJ,East of England,no
143624,935,Suffolk,"St Felix Roman Catholic Primary School, Haverhill",http://www.stfelixhaverhill.com,HAVERHILL,CB9 9DE,East of England,no
124757,935,Suffolk,St Gregory Church of England Voluntary Controlled Primary School,www.stgregoryschool.co.uk/,Sudbury,CO10 2BJ,East of England,no
141819,935,Suffolk,St Helen's Primary School,www.sthelensprimary.net,Ipswich,IP4 2LT,East of England,no
124781,935,Suffolk,"St John's Church of England Voluntary Aided Primary School, Ipswich",http://www.st-johns.suffolk.sch.uk/,Ipswich,IP4 4LE,East of England,no
124763,935,Suffolk,St Joseph's Roman Catholic Primary School,www.st-josephs.suffolk.sch.uk,Sudbury,CO10 1JP,East of England,no
139448,935,Suffolk,St Louis Catholic Academy,http://www.stlouisacademy.co.uk,Newmarket,CB8 7AA,East of England,no
124782,935,Suffolk,"St Margaret's Church of England Voluntary Aided Primary School, Ipswich",http://www.stmargaretsipswich.org,Ipswich,IP4 2BT,East of England,no
141984,935,Suffolk,St Margaret's Primary Academy,http://www.st-margarets.suffolk.sch.uk/,Lowestoft,NR32 4JF,East of England,no
124786,935,Suffolk,"St Mark's Catholic Primary School, Ipswich",http://www.stmarkscatholicprimary.co.uk/,Ipswich,IP2 9HN,East of England,no
145382,935,Suffolk,"St Mary's Catholic Primary School, Ipswich",www.stmaryscatholicprimaryipswich.com,Ipswich,IP4 4EU,East of England,no
137419,935,Suffolk,St Mary's Church of England Academy,www.smpsac.org/,Bury St Edmunds,IP28 7LR,East of England,no
142597,935,Suffolk,"St Mary's Church of England Primary School, Hadleigh",http://www.stmaryshad.co.uk/,Ipswich,IP7 5BH,East of England,no
142598,935,Suffolk,"St Mary's Church of England Primary School, Woodbridge",http://www.st-maryscofe.suffolk.sch.uk/,Woodbridge,IP12 4JJ,East of England,no
142806,935,Suffolk,St Mary's Roman Catholic Primary School,www.stmarysrcps.com/,Lowestoft,NR33 0DG,East of England,no
146229,935,Suffolk,"St Matthew's Church of England Primary School, Ipswich",http://www.stmatthewsprimary.co.uk,Ipswich,IP1 2AX,East of England,no
146977,935,Suffolk,St Pancras Catholic Primary School,www.stpancrasschool.co.uk/,Ipswich,IP1 6EF,East of England,no
145692,935,Suffolk,"St Peter and St Paul Church of England Primary School, Eye",www.stpeterandstpaulschool.co.uk/,Eye,IP23 7BD,East of England,no
124547,935,Suffolk,Stanton Community Primary School,www.stantonprimarysch.co.uk,Bury St. Edmunds,IP31 2AW,East of England,no
140032,935,Suffolk,Stoke High School - Ormiston Academy,http://www.stokehighoa.co.uk/,Ipswich,IP2 8PL,East of England,no
144553,935,Suffolk,Stoke-by-Nayland Church of England Primary School,www.stokebynaylandprimaryschool.org.uk,Nr Colchester,CO6 4QY,East of England,no
141407,935,Suffolk,Stone Lodge Academy,https://sendat.academy/stonelodge/,Ipswich,IP2 9HW,East of England,no
124772,935,Suffolk,Stonham Aspal Church of England Voluntary Aided Primary School,http://www.stonhamaspal.suffolk.sch.uk,Stowmarket,IP14 6AF,East of England,no
136757,935,Suffolk,Stour Valley Community School,http://www.stourvalleycommunityschool.org/,Sudbury,CO10 8PJ,East of England,no
145055,935,Suffolk,Stowmarket High School,www.stowhigh.com,Stowmarket,IP14 1QR,East of England,no
151384,935,Suffolk,Stowupland High School,https://www.stowuplandhighschool.co.uk/,Stowmarket,IP14 4BQ,East of England,no
145697,935,Suffolk,Stradbroke Church of England Primary School,http://www.stradbroke.suffolk.sch.uk/,Eye,IP21 5HH,East of England,no
137901,935,Suffolk,Stradbroke High School,http://www.stradbrokehigh.co.uk,Eye,IP21 5JN,East of England,no
124675,935,Suffolk,Stratford St Mary Primary School,http://www.stratfordstmaryprimary.co.uk/,Nr Colchester,CO7 6YG,East of England,no
145979,935,Suffolk,Stutton Church of England Primary School,www.stuttonprimary.co.uk,IPSWICH,IP9 2RY,East of England,no
149151,935,Suffolk,Sunrise Academy,,Lowestoft,NR33 8AX,East of England,no
140969,935,Suffolk,Sybil Andrews Academy,www.sybilandrewsacademy.co.uk,Bury St. Edmunds,IP32 7QB,East of England,no
124744,935,Suffolk,Tattingstone Church of England Voluntary Controlled Primary School,http://www.tattingstonecevcpschool.co.uk/,Ipswich,IP9 2NA,East of England,no
150266,935,Suffolk,The Albany,,Bury St. Edmunds,IP33 3JX,East of England,no
143492,935,Suffolk,The Albert Pye Community Primary School,www.albertpye.suffolk.sch.uk/,Beccles,NR34 9UL,East of England,no
137459,935,Suffolk,The Ashley School,www.ashleyschool.co.uk,Lowestoft,NR32 4EU,East of England,no
141849,935,Suffolk,The Beeches Community Primary School,https://www.beechescps.org.uk/,Ipswich,IP1 6ET,East of England,no
147162,935,Suffolk,The Bridge School,www.thebridgeschool.org.uk,Ipswich,IP8 3ND,East of England,no
143671,935,Suffolk,The Limes Primary Academy,http://thelimesacademy.org/,Lowestoft,NR32 3BQ,East of England,no
141842,935,Suffolk,The Oaks Primary School,http://www.theoaksprimary.co.uk/,Ipswich,IP2 0NR,East of England,no
145031,935,Suffolk,The Pines Primary School,www.pinesprimary.org,Bury St. Edmunds,IP28 8WL,East of England,no
144216,935,Suffolk,The Willows Primary School,https://www.thewillows.omat.org.uk/,Ipswich,IP2 9ER,East of England,no
141639,935,Suffolk,Thomas Gainsborough School,http://tgschool.net/,Sudbury,CO10 0NH,East of England,no
136782,935,Suffolk,Thomas Mills High School & Sixth Form,http://www.thomasmills.suffolk.sch.uk,Woodbridge,IP13 9HE,East of England,no
137838,935,Suffolk,Thomas Wolsey Ormiston Academy,http://www.thomaswolseyoa.co.uk,Ipswich,IP1 6SG,East of England,no
149423,935,Suffolk,Thorndon Church of England Primary School,http://www.thorndonprimarysuffolk.co.uk/,Eye,IP23 7JR,East of England,no
124698,935,Suffolk,Thurlow Voluntary Controlled Primary School,www.htpfederation.co.uk/index.php/thurlow,Haverhill,CB9 7HY,East of England,no
142562,935,Suffolk,Thurston Church of England Primary Academy,http://www.thurstonprimary.net,Bury St. Edmunds,IP31 3FT,East of England,no
124802,935,Suffolk,Thurston Community College,http://www.thurstoncollege.org/,Bury St Edmunds,IP31 3PB,East of England,no
140998,935,Suffolk,Tollgate Primary School,www.tollgateprimary.org,Bury St Edmunds,IP32 6DG,East of England,no
124614,935,Suffolk,Trimley St Martin Primary School,www.trimleystmartinprimaryschool.com,Felixstowe,IP11 0QL,East of England,no
124613,935,Suffolk,Trimley St Mary Primary School,http://www.trimley.net,Felixstowe,IP11 0ST,East of England,no
140623,935,Suffolk,Trinity Church of England Voluntary Aided Primary School,www.trinityprimaryschool.com/,Stowmarket,IP14 2BZ,East of England,no
142026,935,Suffolk,"Tudor Church of England Primary School, Sudbury",,Sudbury,CO10 1NL,East of England,no
124615,935,Suffolk,Waldringfield Primary School,http://www.waldringfield.suffolk.sch.uk,Woodbridge,IP12 4QL,East of England,no
124717,935,Suffolk,Walsham-le-Willows Church of England Voluntary Controlled Primary School,http://www.walsham.suffolk.dbprimary.com/suffolk/primary/walsham,Bury St Edmunds,IP31 3BD,East of England,no
146431,935,Suffolk,Warren School,www.warrenschool.co.uk,Lowestoft,NR33 8HT,East of England,no
144218,935,Suffolk,Wells Hall Primary School,www.wellshall.co.uk,Sudbury,CO10 0NH,East of England,no
144446,935,Suffolk,Wenhaston Primary School,http://www.wenhastonprimary.co.uk,Halesworth,IP19 9EP,East of England,no
150276,935,Suffolk,West Row Academy,www.westrow-academy.co.uk,Bury St. Edmunds,IP28 8NY,East of England,no
139288,935,Suffolk,Westbourne Academy,http://www.westbourne.attrust.org.uk,Ipswich,IP1 5JN,East of England,no
142808,935,Suffolk,Westbridge Academy,,Ipswich,IP1 2HE,East of England,no
140044,935,Suffolk,Westfield Primary Academy,www.westfieldprimaryacademy.co.uk,Haverhill,CB9 0BW,East of England,no
124552,935,Suffolk,Westgate Community Primary School and Nursery,http://www.westgatecp.co.uk,Bury St Edmunds,IP33 3JX,East of England,no
139804,935,Suffolk,Westwood Primary School,www.westwoodprimary.org,Lowestoft,NR33 9RR,East of England,no
147575,935,Suffolk,Wetheringsett Church of England Primary School,www.wetheringsett.suffolk.sch.uk,Stowmarket,IP14 5PJ,East of England,no
124718,935,Suffolk,Whatfield Church of England Voluntary Controlled Primary School,http://www.whatfield.suffolk.sch.uk,Ipswich,IP7 6QU,East of England,no
148750,935,Suffolk,Whitehouse Community Primary School,www.whcps.org,Ipswich,IP1 5JN,East of England,no
141551,935,Suffolk,Wickham Market Primary School,www.wickhammarketprimary.org.uk,Woodbridge,IP13 0RP,East of England,no
142995,935,Suffolk,Wickhambrook Primary Academy,http://www.wickhambrookschool.co.uk,Newmarket,CB8 8XN,East of England,no
150251,935,Suffolk,Wilby Church of England Primary School,http://www.axcis.co.uk/schools-directory/Wilby-CE-Primary-School/47658,Eye,IP21 5LR,East of England,no
124618,935,Suffolk,Witnesham Primary School,www.owfed.co.uk,Ipswich,IP6 9EX,East of England,no
124680,935,Suffolk,Wood Ley Community Primary School,http://woodley.suffolk.sch.uk/,Stowmarket,IP14 1UF,East of England,no
124619,935,Suffolk,Woodbridge Primary School,www.woodbridgeprimary.suffolk.sch.uk,Woodbridge,IP12 1SS,East of England,no
149072,935,Suffolk,Woodbridge Road Academy,https://www.woodbridgeroadacademy.org/,Ipswich,IP4 2EB,East of England,no
143860,935,Suffolk,Woodhall Primary School,www.woodhallprimary.co.uk,Sudbury,CO10 1ST,East of England,no
145695,935,Suffolk,Woods Loke Primary School,www.woodsloke.org,Lowestoft,NR32 3EB,East of England,no
142566,935,Suffolk,Woolpit Primary Academy,http://www.woolpitprimary.net,Bury St Edmunds,IP30 9RU,East of England,no
124748,935,Suffolk,Worlingham Church of England Voluntary Controlled Primary School,www.worlingham.org,Beccles,NR34 7SB,East of England,no
124750,935,Suffolk,Worlingworth Church of England Voluntary Controlled Primary School,www.worlingworthschool.co.uk,Woodbridge,IP13 7HX,East of England,no
145460,935,Suffolk,Wortham Primary School,www.worthamprimary.org.uk,Diss,IP22 1PX,East of England,no
143830,935,Suffolk,Yoxford & Peasenhall Primary Academy,https://www.yoxfordandpeasenhallprimaryschool.org.uk,Saxmundham,IP17 3EU,East of England,no
124686,935,Suffolk,Acton Church of England Voluntary Controlled Primary School,http://www.acton.suffolk.sch.uk,Sudbury,CO10 0US,East of England,yes
124688,935,Suffolk,Barnham Church of England Voluntary Controlled Primary School,www.barnham.suffolk.sch.uk/,Nr Thetford,IP24 2NG,East of England,yes
124689,935,Suffolk,Barningham Church of England Voluntary Controlled Primary School,http://www.barningham.suffolk.sch.uk,Bury St Edmunds,IP31 1DD,East of England,yes
124681,935,Suffolk,Birchwood Primary School,www.birchwoodprimary.co.uk/,Ipswich,IP5 3SP,East of England,yes
124692,935,Suffolk,Bures Church of England Voluntary Controlled Primary School,www.bures.suffolk.sch.uk,Bures,CO8 5BX,East of England,yes
124749,935,Suffolk,Capel St Mary Church of England Voluntary Controlled Primary School,http://www.capel-st-mary.suffolk.sch.uk,Ipswich,IP9 2EG,East of England,yes
124574,935,Suffolk,Carlton Colville Primary School,http://www.carltoncolville.suffolk.sch.uk,Lowestoft,NR33 8DG,East of England,yes
124693,935,Suffolk,Cavendish Church of England Primary School,www.cavendish.suffolk.sch.uk,Sudbury,CO10 8BA,East of England,yes
124577,935,Suffolk,Copdock Primary School,http://www.copdock.suffolk.sch.uk,Ipswich,IP8 3HY,East of England,yes
124578,935,Suffolk,Earl Soham Community Primary School,http://www.earlsoham.suffolk.sch.uk/,Woodbridge,IP13 7SA,East of England,yes
124534,935,Suffolk,Elmswell Community Primary School,http://www.elmswell.suffolk.sch.uk,Bury St Edmunds,IP30 9UE,East of England,yes
124582,935,Suffolk,Fairfield Infant School,www.fairfieldandcolneis.co.uk,Felixstowe,IP11 9JB,East of England,yes
124625,935,Suffolk,Gorseland Primary School,https://www.gorseland.net,IPSWICH,IP5 3QR,East of England,yes
124584,935,Suffolk,Grundisburgh Primary School,http://www.grundisburghprimaryschool.co.uk/,Woodbridge,IP13 6XH,East of England,yes
124525,935,Suffolk,Highfield Nursery School,www.highfield.suffolk.sch.uk,Ipswich,IP1 6DW,East of England,yes
124588,935,Suffolk,Holbrook Primary School,https://www.holbrook-pri.suffolk.sch.uk/,Ipswich,IP9 2PZ,East of England,yes
124539,935,Suffolk,Lakenheath Community Primary School,www.lakenheath.suffolk.sch.uk,Brandon,IP27 9DU,East of England,yes
124540,935,Suffolk,Lavenham Community Primary School,www.lavenham.suffolk.sch.uk,Sudbury,CO10 9RB,East of England,yes
124537,935,Suffolk,New Cangle Community Primary School,http://www.newcangleschool.com,Haverhill,CB9 0DU,East of England,yes
124565,935,Suffolk,Paddocks Primary School,www.paddocksprimary.org.uk/,Newmarket,CB8 0DL,East of England,yes
124536,935,Suffolk,Pot Kiln Primary School,www.potkiln.net/,Sudbury,CO10 0DS,East of England,yes
124682,935,Suffolk,Sebert Wood Community Primary School,www.sebertwoodschool.co.uk/,Bury St Edmunds,IP32 7EG,East of England,yes
