urn,district_code,district_name,school_name,website,town,postcode,region,has_email_collected
151190,936,Surrey,All Hallows Catholic School,http://www.allhallows.net,Farnham,GU9 9HF,South East,no
125228,936,Surrey,Ashford CofE Primary School,www.ashford-primary.surrey.sch.uk/,Ashford,TW15 2BW,South East,no
141294,936,Surrey,Ashley Church of England Primary School,www.ashleyschool.org.uk/,Walton-on-Thames,KT12 1HX,South East,no
125060,936,Surrey,Audley Primary School,www.audleyprimary.uk,Caterham,CR3 5ED,South East,no
144387,936,Surrey,Auriol Junior School,www.auriol.surrey.sch.uk/,Epsom,KT19 0PJ,South East,no
125051,936,Surrey,Badshot Lea Village Infant School,http://www.badshot-lea.surrey.sch.uk,Farnham,GU9 9LE,South East,no
124996,936,Surrey,Bagshot Infant School,http://www.bagshot.surrey.sch.uk,Bagshot,GU19 5BP,South East,no
125023,936,Surrey,Banstead Community Junior School,http://www.bcjs.org.uk,Banstead,SM7 2BQ,South East,no
140808,936,Surrey,Banstead Infant School,http://www.bansteadinfant.co.uk,Banstead,SM7 2BQ,South East,no
124982,936,Surrey,Barnett Wood Infant School,http://www.barnettwood.co.uk,Ashtead,KT21 2DF,South East,no
140540,936,Surrey,Barnsbury Primary School and Nursery,www.barnsbury.surrey.sch.uk/,Woking,GU22 0BB,South East,no
151287,936,Surrey,Beacon Hill Primary School,http://www.beacon-hill.surrey.sch.uk,Hindhead,GU26 6NR,South East,no
140508,936,Surrey,Beaufort Primary School,www.beaufort.surrey.sch.uk/,Woking,GU21 3RG,South East,no
125058,936,Surrey,Bell Farm Primary School,www.bell-farm.co.uk/,Walton-on-Thames,KT12 5NB,South East,no
125153,936,Surrey,Bisley CofE Primary School,http://www.bisley.surrey.sch.uk,Woking,GU24 9DF,South East,no
137906,936,Surrey,Blenheim High School,http://www.blenheim.surrey.sch.uk,Epsom,KT19 9BH,South East,no
144229,936,Surrey,Bletchingley Village Primary School,www.bletchingleyschool.co.uk,Redhill,RH1 4PP,South East,no
140057,936,Surrey,Boxgrove Primary School,www.boxgrove.surrey.sch.uk,Guildford,GU1 2TD,South East,no
149994,936,Surrey,Bramley CofE Infant School and Nursery,https://www.bramley.surrey.sch.uk,Guildford,GU5 0HX,South East,no
147943,936,Surrey,Bramley Oak Academy,www.bramleyoakacademy.org.uk,Guildford,GU5 0BJ,South East,no
139479,936,Surrey,Broadmere Primary Academy,www.broadmere.surrey.sch.uk/,Woking,GU21 5QE,South East,no
147935,936,Surrey,Broadwater School,http://www.broadwater.surrey.sch.uk,Godalming,GU7 3BW,South East,no
151191,936,Surrey,Brooklands School,http://www.brooklands.surrey.sch.uk,REIGATE,RH2 0DF,South East,no
142084,936,Surrey,Brookwood Primary School,www.brookwood.surrey.sch.uk,Woking,GU24 0HF,South East,no
135237,936,Surrey,Buckland Primary School,www.bucklandprimary.surrey.sch.uk,Staines,TW18 1NB,South East,no
125055,936,Surrey,Burhill Primary School,www.burhill.surrey.sch.uk/,Hersham,KT12 4HQ,South East,no
150036,936,Surrey,Burpham Primary School,www.burpham.surrey.sch.uk/,Guildford,GU4 7LZ,South East,no
150653,936,Surrey,Burstow Primary School,www.burstowschool.org,Horley,RH6 9PT,South East,no
125186,936,Surrey,Busbridge CofE Aided Junior School,http://www.busbridge-junior.surrey.sch.uk,Godalming,GU7 1XA,South East,no
149037,936,Surrey,Busbridge Infant School,,Godalming,GU7 1PJ,South East,no
147671,936,Surrey,Byfleet Primary School,http://www.byfleet.surrey.sch.uk,West Byfleet,KT14 7AT,South East,no
143364,936,Surrey,Cardinal Newman Catholic Primary School,http://www.cardinalnewmanschool.co.uk,Hersham,KT12 4QT,South East,no
143903,936,Surrey,Carrington School,http://www.carringtonschool.org,Redhill,RH1 4AD,South East,no
141147,936,Surrey,Carwarden House Community School,,Camberley,GU15 1EJ,South East,no
125125,936,Surrey,Chandlers Field Primary School,www.chandlers-field.surrey.sch.uk,West Molesey,KT8 2LX,South East,no
124946,936,Surrey,Charlwood Village Primary School,http://www.charlwood.surrey.sch.uk,Horley,RH6 0DA,South East,no
144741,936,Surrey,Chertsey High School,www.chertseyhighschool.co.uk,Addlestone,KT15 2EP,South East,no
124911,936,Surrey,Chertsey Nursery School,www.chertsey.surrey.sch.uk,Chertsey,KT16 9ER,South East,no
125167,936,Surrey,Chilworth CofE (Aided) Infant School,http://www.chilworth.surrey.sch.uk,Guildford,GU4 8NP,South East,no
142490,936,Surrey,"Christ's College, Guildford",http://www.christscollege.surrey.sch.uk/,Guildford,GU1 1JY,South East,no
125088,936,Surrey,Clarendon Primary School,www.clarendon.surrey.sch.uk/,Ashford,TW15 2HZ,South East,no
125108,936,Surrey,Claygate Primary School,http://www.claygate.surrey.sch.uk,Esher,KT10 0NB,South East,no
136338,936,Surrey,Cleves School,http://www.cleves.co.uk,Weybridge,KT13 9TS,South East,no
151007,936,Surrey,Clifton Hill School,http://www.clifton-hill.surrey.sch.uk,Caterham,CR3 5PN,South East,no
138226,936,Surrey,Cobham Free School,www.cobhamfreeschool.org.uk,Cobham,KT11 1TF,South East,no
136828,936,Surrey,Collingwood College,http://www.collingwoodcollege.com,Camberley,GU15 4AE,South East,no
140256,936,Surrey,Connaught Junior School,www.connaughtjuniorschool.co.uk/,Bagshot,GU19 5JY,South East,no
140349,936,Surrey,Cordwalles Junior School,www.cordwalles.org,Camberley,GU15 4DR,South East,no
150368,936,Surrey,Cranleigh Church of England Primary School,https://www.cranleighprimary.surrey.sch.uk/,Guildford,GU6 7AN,South East,no
145702,936,Surrey,Crawley Ridge Infant School,http://www.crawleyridge.co.uk,Camberley,GU15 2AJ,South East,no
145703,936,Surrey,Crawley Ridge Junior School,www.crawleyridge.net,Camberley,GU15 2AJ,South East,no
142345,936,Surrey,Cross Farm Infant Academy,http://www.crossfarm.kite.academy,Camberley,GU16 6LZ,South East,no
143000,936,Surrey,Cuddington Community Primary School,https://www.cuddington.thpt.org.uk/,Worcester Park,KT4 7DD,South East,no
141447,936,Surrey,Cuddington Croft Primary School,www.cuddingtoncroft.org,Sutton,SM2 7NA,South East,no
138764,936,Surrey,Danetree Primary School,www.danetreeschool.org/,Epsom,KT19 9SE,South East,no
147678,936,Surrey,Darley Dene Primary School,www.darleydeneprimary.co.uk,Addlestone,KT15 2NP,South East,no
124912,936,Surrey,Dorking Nursery School,https://www.dorkingnurseryschool.co.uk/,Dorking,RH4 1BY,South East,no
124986,936,Surrey,Dormansland Primary School,http://www.dormansland.surrey.sch.uk,Lingfield,RH7 6PE,South East,no
145205,936,Surrey,Dovers Green School,http://www.dovers-green.surrey.sch.uk,Reigate,RH2 7RF,South East,no
124987,936,Surrey,Earlswood Infant and Nursery School,www.earlswood.surrey.sch.uk/,Redhill,RH1 6DZ,South East,no
125068,936,Surrey,Earlswood Junior School,http://www.earlswood.surrey.sch.uk,Redhill,RH1 6JX,South East,no
142998,936,Surrey,Eastwick Infant School,www.eastwickschools.uk,Leatherhead,KT23 3PP,South East,no
142999,936,Surrey,Eastwick Junior School,www.eastwickschools.uk,Leatherhead,KT23 3PP,South East,no
149286,936,Surrey,Epsom Primary and Nursery School,www.epsomprimaryschool.co.uk/,Epsom,KT19 8SD,South East,no
137595,936,Surrey,Epsom and Ewell High School,http://www.epsomandewellhighschool.com/,Epsom,KT19 9JW,South East,no
141733,936,Surrey,Esher Church School,www.esherchurchschool.co.uk,Esher,KT10 9DU,South East,no
140650,936,Surrey,Esher Church of England High School,http://www.esherhigh.surrey.sch.uk,Esher,KT10 8AP,South East,no
145006,936,Surrey,Esher Sixth Form College,www.esher.ac.uk,Thames Ditton,KT7 0JB,South East,no
151129,936,Surrey,Ewell Grove Primary and Nursery School,http://www.ewell-grove.surrey.sch.uk,Epsom,KT17 1UZ,South East,no
125181,936,Surrey,Ewhurst CofE Aided Infant School,www.ewhurst.surrey.sch.uk/,Ewhurst,GU6 7PX,South East,no
125145,936,Surrey,Farncombe Church of England Infant School,https://farncombecofeinfantschool.co/,Godalming,GU7 3LT,South East,no
144520,936,Surrey,Farnham Heath End,https://www.fhes.org.uk/,Farnham,GU9 9BN,South East,no
151106,936,Surrey,Felbridge Primary School,http://www.felbridgeprimary.com,East Grinstead,RH19 2NT,South East,no
124983,936,Surrey,Fetcham Village Infant School,http://www.fetcham.surrey.sch.uk,Leatherhead,KT22 9JU,South East,no
148883,936,Surrey,Folly Hill Infant Academy,www.folly-hill.surrey.sch.uk/,Farnham,GU9 0DB,South East,no
148123,936,Surrey,Fordway Centre,http://fordway-centre.co.uk,Guildford,GU2 8AA,South East,no
148575,936,Surrey,Fox Grove School,https://www.foxgroveschool.co.uk/,Leatherhead,KT22 7PW,South East,no
125477,936,Surrey,Freemantles School,http://www.freemantles.surrey.sch.uk,Woking,GU22 0AN,South East,no
148435,936,Surrey,Frimley CofE Junior School,www.frimley.surrey.sch.uk,Camberley,GU16 6ND,South East,no
137003,936,Surrey,Fullbrook School,http://www.fullbrook.surrey.sch.uk,Addlestone,KT15 3HW,South East,no
125130,936,Surrey,Furzefield Primary School,www.furzefield.surrey.sch.uk/,Redhill,RH1 3PA,South East,no
136906,936,Surrey,George Abbot School,www.georgeabbot.surrey.sch.uk,Guildford,GU1 1XX,South East,no
150437,936,Surrey,Glebelands School,http://www.glebelands.surrey.sch.uk,Cranleigh,GU6 7AN,South East,no
136534,936,Surrey,Glyn School,http://www.glynschool.org/,Epsom,KT17 1NB,South East,no
145004,936,Surrey,Godalming College,www.godalming.ac.uk,Godalming,GU7 1RS,South East,no
125044,936,Surrey,Godalming Junior School,http://www.godalming-junior.surrey.sch.uk,Godalming,GU7 3HW,South East,no
125021,936,Surrey,Godstone Primary and Nursery School,www.godstone.surrey.sch.uk,Godstone,RH9 8NH,South East,no
137850,936,Surrey,Goldsworth Primary School,www.goldsworthprimary.co.uk,Woking,GU21 6NL,South East,no
139151,936,Surrey,Gordon's School,http://www.gordons.school,Woking,GU24 9PT,South East,no
145383,936,Surrey,Grafham Grange School,http://www.grafham-grange.co.uk/,Guildford,GU5 0LH,South East,no
149115,936,Surrey,Great Bookham School,http://www.greatbookhamschool.org.uk,Leatherhead,KT23 4JJ,South East,no
125056,936,Surrey,Grovelands Primary School,http://www.grovelands.surrey.sch.uk,Walton on Thames,KT12 2EB,South East,no
139193,936,Surrey,Guildford County School,http://www.guildfordcounty.co.uk/,Guildford,GU2 4LU,South East,no
143373,936,Surrey,Guildford Grove Primary School,www.guildfordgrove.surrey.sch.uk/,Guildford,GU2 8YD,South East,no
133731,936,Surrey,Guildford Nursery School,www.guildfordnscc.surrey.sch.uk,Guildford,GU1 1NR,South East,no
146975,936,Surrey,Hale Nursery & Primary Academy,www.hale.kite.academy,Farnham,GU9 0LR,South East,no
142426,936,Surrey,Hammond School,http://www.hammondjuniorschool.org,Lightwater,GU18 5TS,South East,no
144230,936,Surrey,Hamsey Green Primary,www.hamseytlt.co.uk/,Warlingham,CR6 9AN,South East,no
145887,936,Surrey,Hatchlands Primary,https://www.hatchlandsprimary.co.uk/,Redhill,RH1 6AT,South East,no
142314,936,Surrey,Heathside School,http://www.heathside.surrey.sch.uk,Weybridge,KT13 8UZ,South East,no
143669,936,Surrey,Heathside Walton-on-Thames,https://www.heathsidewalton.org/,Walton-on-Thames,KT12 2JP,South East,no
141667,936,Surrey,Highfield South Farnham School,https://www.highfieldsouthfarnham.org,Farnham,GU9 8QH,South East,no
140880,936,Surrey,Hillcroft Primary School,www.hillcroftschool.org/,Caterham,CR3 5PG,South East,no
147510,936,Surrey,Hinchley Wood Primary School,www.hinchleywoodprimary.co.uk,Esher,KT10 0AQ,South East,no
137855,936,Surrey,Hinchley Wood School,http://www.hinchleywoodschool.co.uk,Esher,KT10 0AQ,South East,no
142009,936,Surrey,Hoe Valley School,http://hoevalleyschool.org,Woking,GU22 0NH,South East,no
148954,936,Surrey,Holland Junior School,http://www.holland.surrey.sch.uk,Oxted,RH8 9BQ,South East,no
143809,936,Surrey,Holly Lodge Primary Academy,www.hollylodge.kite.academy,Ash Vale,GU12 5PX,South East,no
145213,936,Surrey,Holmesdale Community Infant School,http://www.holmesdale.surrey.sch.uk,Reigate,RH2 0BY,South East,no
143368,936,Surrey,Holy Family Catholic Primary School,http://www.holy-family.surrey.sch.uk,Addlestone,KT15 1BP,South East,no
145700,936,Surrey,Holy Trinity CofE Primary School,www.holytrinity-primary.org.uk,Woking,GU24 9JQ,South East,no
150773,936,Surrey,Hopescourt School,https://www.hopescourt.school/,West Molesey,KT8 1QW,South East,no
150724,936,Surrey,Horley Infant School,www.horley.surrey.sch.uk/,Horley,RH6 7JF,South East,no
136833,936,Surrey,Howard of Effingham School,https://www.thehoward.org/,Leatherhead,KT24 5JR,South East,no
150346,936,Surrey,Hurst Green Infant School,www.hursttlt.co.uk,Oxted,RH8 0HJ,South East,no
149900,936,Surrey,Hurst Park Primary Academy,https://www.hurst-park.co.uk/,West Molesey,KT8 1QS,South East,no
139948,936,Surrey,Jubilee High School,www.jubileehigh.surrey.sch.uk,Addlestone,KT15 1TE,South East,no
140348,936,Surrey,Kenyngton Manor Primary School,www.kenyngtonmanor.org/,Sunbury-on-Thames,TW16 7QL,South East,no
148169,936,Surrey,Kingfield Primary School,http://www.kingfield.surrey.sch.uk,Woking,GU22 9EQ,South East,no
141200,936,Surrey,Kings College Guildford,http://www.kingscollegeguildford.com/,Guildford,GU2 8DU,South East,no
151373,936,Surrey,Kings International College,www.kingsinternational.co.uk,Camberley,GU15 2PQ,South East,no
150678,936,Surrey,Kingswood Primary School,http://www.kingswood.surrey.sch.uk,Tadworth,KT20 7EA,South East,no
147427,936,Surrey,Knaphill School,http://knaphill.surrey.sch.uk,Woking,GU21 2QH,South East,no
142415,936,Surrey,Lakeside Nursery & Primary Academy,www.lakeside.kite.academy,Camberley,GU16 6LG,South East,no
125104,936,Surrey,Langshott Primary School,www.langshott-surrey.co.uk/,Horley,RH6 9AU,South East,no
142433,936,Surrey,Lightwater Village School,www.lightwatervillageschool.org,Lightwater,GU18 5RD,South East,no
139557,936,Surrey,Lime Tree Primary School,www.limetreeschool.org,Merstham,RH1 3LH,South East,no
125191,936,Surrey,Limpsfield CofE Infant School,www.limpsfield.surrey.sch.uk/,Oxted,RH8 0EA,South East,no
144233,936,Surrey,Linden Bridge School,www.lindenbridge.org,Worcester Park,KT4 7JW,South East,no
124966,936,Surrey,Long Ditton Infant and Nursery School,www.longditton.surrey.sch.uk/,Surbiton,KT6 5JB,South East,no
125180,936,Surrey,Long Ditton St Mary's CofE (Aided) Junior School,www.longdittonstmarysschool.co.uk/,Surbiton,KT7 0AD,South East,no
143989,936,Surrey,Lorraine Infant School,www.pineridgeandlorraine.co.uk/,Camberley,GU15 4EX,South East,no
143625,936,Surrey,Loseley Fields Primary School,www.loseleyfields.com,Godalming,GU7 3TB,South East,no
125473,936,Surrey,Manor Mead School,http://www.manor-mead.surrey.sch.uk,Shepperton,TW17 8EL,South East,no
124953,936,Surrey,Manorcroft Primary School,www.manorcroftschool.co.uk,Egham,TW20 9LX,South East,no
134732,936,Surrey,Manorfield Primary and Nursery School,www.manorfield.surrey.sch.uk,Horley,RH6 8AL,South East,no
139915,936,Surrey,Marden Lodge Primary School and Nursery,www.mardenlodge.org,Caterham,CR3 6QH,South East,no
146917,936,Surrey,Maybury Primary School,http://www.maybury.surrey.sch.uk,Woking,GU21 5DW,South East,no
146264,936,Surrey,Meadhurst Primary School,https://www.meadhurst.org/,Ashford,TW15 1LP,South East,no
145796,936,Surrey,Meadow Primary School,www.meadowprimary.co.uk/,Epsom,KT17 2LW,South East,no
125065,936,Surrey,Meadowcroft Community Primary School,www.meadowcroftprimaryschool.co.uk,Chertsey,KT16 9PT,South East,no
125083,936,Surrey,Meath Green Infant School,http://www.meathgreeninfant.org,Horley,RH6 8JG,South East,no
125160,936,Surrey,Merrow CofE Controlled Infant School,http://www.merrow.surrey.sch.uk,Guildford,GU4 7EA,South East,no
145898,936,Surrey,Merstham Park School,www.mersthamparkschool.org,Redhill,RH1 3PU,South East,no
144697,936,Surrey,Merstham Primary School,www.merstham.surrey.sch.uk,Redhill,RH1 3AZ,South East,no
125049,936,Surrey,Moss Lane School,http://www.moss-lane.surrey.sch.uk,Godalming,GU7 1EF,South East,no
142356,936,Surrey,Mytchett Primary & Nursery Academy,www.mytchett.kite.academy,Camberley,GU16 6JB,South East,no
140876,936,Surrey,New Haw Community Junior School,http://www.new-haw.surrey.sch.uk,Addlestone,KT15 3RL,South East,no
139890,936,Surrey,New Monument Primary Academy,http://www.newmonument.surrey.sch.uk,Woking,GU22 8HA,South East,no
125192,936,Surrey,Newdigate CofE Endowed Aided Infant School,http://www.newdigate.surrey.sch.uk,Dorking,RH5 5DJ,South East,no
151198,936,Surrey,Normandy Village School,,Guildford,GU3 2HS,South East,no
124949,936,Surrey,North Downs Primary School,http://www.northdowns.surrey.sch.uk,Betchworth,RH3 7LA,South East,no
135891,936,Surrey,North East Surrey Secondary Short Stay School,www.nessss.surrey.sch.uk,Walton-on-Thames,KT12 4QY,South East,no
135894,936,Surrey,North West Surrey Short Stay School,https://www.northwest.surrey.sch.uk,Woking,GU21 6NT,South East,no
146025,936,Surrey,Northmead Junior School,http://www.northmead.surrey.sch.uk,Guildford,GU2 9ZA,South East,no
125193,936,Surrey,Nutfield Church CofE Primary School,www.nutfield.surrey.sch.uk,Redhill,RH1 4JJ,South East,no
124994,936,Surrey,Oatlands School,www.oatlands.surrey.sch.uk/,Weybridge,KT13 9PZ,South East,no
125042,936,Surrey,Ongar Place Primary School,www.ongar-place.surrey.sch.uk,Addlestone,KT15 1NY,South East,no
125067,936,Surrey,Onslow Infant School,www.onslow.surrey.sch.uk,Guildford,GU2 7DD,South East,no
146420,936,Surrey,Ottershaw Christ Church Church of England Infant School,http://www.ottershawcofeschools.surrey.sch.uk,Chertsey,KT16 0JT,South East,no
146419,936,Surrey,Ottershaw Christ Church Church of England Junior School,www.ottershawcofeschools.surrey.sch.uk/,Chertsey,KT16 0JY,South East,no
149288,936,Surrey,Our Lady of the Rosary Primary School,www.olrs.co.uk,Staines,TW18 2EF,South East,no
142315,936,Surrey,Oxted School,http://www.oxtedschool.org,Oxted,RH8 0AB,South East,no
140203,936,Surrey,Peaslake Free School,www.peaslakefreeschool.com/,Guildford,GU5 9ST,South East,no
136755,936,Surrey,Pewley Down Infant School,www.htpd.surrey.sch.uk/,Guildford,GU1 3PT,South East,no
150197,936,Surrey,Philip Southcote School,http://www.philipsouthcoteschool.co.uk/,Addlestone,KT15 2QH,South East,no
143995,936,Surrey,Pine Ridge Infant School,www.prlfederation.org,Camberley,GU15 4AL,South East,no
146023,936,Surrey,Pirbright Village Primary School,www.pirbrightvillageprimaryschool.com,Woking,GU24 0JN,South East,no
125052,936,Surrey,Polesden Lacey Infant School,www.polesdenlaceyinfant.surrey.sch.uk/,Leatherhead,KT23 4PT,South East,no
141533,936,Surrey,Pond Meadow School,https://www.pond-meadow.surrey.sch.uk/,Guildford,GU1 1DR,South East,no
125474,936,Surrey,Portesbery School,www.portesbery.surrey.sch.uk,Deepcut,GU16 6TA,South East,no
145278,936,Surrey,Potters Gate CofE Primary School,www.potters-gate.surrey.sch.uk/,Farnham,GU9 7BB,South East,no
150590,936,Surrey,Powell Corderoy Primary School,www.powellcorderoy.co.uk/,Dorking,RH4 3DF,South East,no
125028,936,Surrey,Prior Heath Infant School,www.priorheathinfant.co.uk/,Camberley,GU15 1DA,South East,no
150591,936,Surrey,Puttenham CofE Infant School,www.puttenhamschool.co.uk/,Guildford,GU3 1AS,South East,no
139951,936,Surrey,Pyrcroft Grange Primary School,www.pyrcroftgrange.surrey.sch.uk,Chertsey,KT16 9EW,South East,no
140929,936,Surrey,Pyrford Church of England Primary School,http://www.pyrford.surrey.sch.uk,Woking,GU22 8SP,South East,no
141446,936,Surrey,Queen Eleanor's Church of England School,http://www.queen-eleanors.surrey.sch.uk,Guildford,GU2 7SD,South East,no
141592,936,Surrey,Ravenscote Junior School,http://www.ravenscote.surrey.sch.uk,Camberley,GU16 9RE,South East,no
145005,936,Surrey,Reigate College,https://www.reigate.ac.uk/,Reigate,RH2 0SD,South East,no
125196,936,Surrey,Reigate Parish Church Primary School,http://www.reigate-parish.org.uk,Reigate,RH2 7DB,South East,no
145217,936,Surrey,Reigate School,http://www.reigate-school.surrey.sch.uk,Reigate,RH2 7NT,South East,no
148129,936,Surrey,Reigate Valley College,http://rvc.surrey.sch.uk/,Reigate,RH2 8PP,South East,no
143371,936,Surrey,Riverbridge Primary School,www.riverbridgeprimary.co.uk,Staines,TW18 2EF,South East,no
137019,936,Surrey,Rodborough,http://www.rodborough.surrey.sch.uk,Godalming,GU8 5BZ,South East,no
137736,936,Surrey,Rosebery School,http://www.roseberyschool.co.uk,Epsom,KT18 7NQ,South East,no
125279,936,Surrey,Royal Alexandra and Albert School,http://www.raa-school.co.uk/,Reigate,RH2 0TD,South East,no
143367,936,Surrey,"Salesian School, Chertsey",http://www.salesian.surrey.sch.uk,Chertsey,KT16 9LU,South East,no
142019,936,Surrey,Salfords Primary School and Nursery,www.salfordsschool.org,Redhill,RH1 5BQ,South East,no
144938,936,Surrey,Sandcross Primary School,http://www.sandcross.surrey.sch.uk,Reigate,RH2 8HH,South East,no
141197,936,Surrey,Sandfield Primary School,www.sandfield.surrey.sch.uk/,Guildford,GU1 4DT,South East,no
142366,936,Surrey,Sandringham Infant & Nursery Academy,www.sandringham.kite.academy,Frimley,GU16 9YF,South East,no
140250,936,Surrey,Saxon Primary School,www.saxonprimary.co.uk,Shepperton,TW17 0JB,South East,no
140860,936,Surrey,Sayes Court School,http://www.sayescourt.surrey.sch.uk,Addlestone,KT15 1NB,South East,no
149388,936,Surrey,Scott-Broadwood CofE Infant School,www.sbinfant.uk,Dorking,RH5 5JX,South East,no
146022,936,Surrey,Shalford Infant School,http://www.shalford.surrey.sch.uk,Guildford,GU4 8BY,South East,no
125029,936,Surrey,Shawfield Primary School,www.shawfield.surrey.sch.uk,Ash,GU12 6SX,South East,no
148882,936,Surrey,Shawley Community Primary Academy,https://www.shawleyprimaryschool.co.uk/,Epsom,KT18 5PD,South East,no
125246,936,Surrey,Shere CofE Aided Infant School,http://www.shere.surrey.sch.uk,Guildford,GU5 9HB,South East,no
124980,936,Surrey,Shottermill Infant School,www.shottermill-infant.surrey.sch.uk/,Haslemere,GU27 1JZ,South East,no
124979,936,Surrey,Shottermill Junior School,http://www.shottermill-jun.surrey.sch.uk,Haslemere,GU27 1JF,South East,no
145279,936,Surrey,South Camberley Primary and Nursery School,http://www.southcamberley.surrey.sch.uk/,Camberley,GU15 2QB,South East,no
136888,936,Surrey,South Farnham School,http://www.south-farnham.surrey.sch.uk,Farnham,GU9 8DY,South East,no
133721,936,Surrey,Southfield Park Primary School,http://www.southfield-park.surrey.sch.uk,Epsom,KT19 8TF,South East,no
140350,936,Surrey,Springfield Primary School,www.springfieldsch.org/,Sunbury-on-Thames,TW16 6LY,South East,no
143366,936,Surrey,St Alban's Catholic Primary School,www.stalbans.surrey.sch.uk,East Molesey,KT8 2PG,South East,no
125275,936,Surrey,St Andrew's Catholic School,www.st-andrews.surrey.sch.uk,Leatherhead,KT22 7JP,South East,no
144330,936,Surrey,St Andrew's Church of England Infant School,www.standrews-infant.surrey.sch.uk/,Farnham,GU9 7PW,South East,no
143626,936,Surrey,St Andrew's CofE Primary School,www.standrews-primary.surrey.sch.uk/,Cobham,KT11 2AX,South East,no
125073,936,Surrey,St Ann's Heath Junior School,www.stannsheath.org/,Virginia Water,GU25 4DS,South East,no
143365,936,Surrey,St Anne's Catholic Primary School,http://www.stannes-chertsey.surrey.sch.uk,Chertsey,KT16 8ET,South East,no
143374,936,Surrey,St Augustine's Catholic Primary School,www.staugustine.surrey.sch.uk/,Camberley,GU16 8PY,South East,no
125278,936,Surrey,St Bede's School,http://www.st-bedes.surrey.sch.uk/,Redhill,RH1 2LQ,South East,no
143372,936,Surrey,"St Charles Borromeo Catholic Primary School, Weybridge",http://www.stcharlesb.surrey.sch.uk,Weybridge,KT13 8JD,South East,no
146573,936,Surrey,St Cuthbert Mayne Catholic Primary School,www.stcuthbertmayne.co.uk/,Cranleigh,GU6 7AQ,South East,no
149459,936,Surrey,St Cuthbert's Catholic Primary School,http://www.stcuthberts.surrey.sch.uk,Egham,TW20 0RY,South East,no
145384,936,Surrey,St Dominic's School,www.stdominicsschool.org.uk,Godalming,GU8 4DX,South East,no
148510,936,Surrey,St Edmund's Catholic Primary School,http://www.stedmundsschool.co.uk,Godalming,GU7 1PF,South East,no
150930,936,Surrey,St Francis Catholic Primary School,www.stfrancis.surrey.sch.uk/,Caterham,CR3 5ED,South East,no
125190,936,Surrey,St Giles' CofE (Aided) Infant School,www.stgiles.surrey.sch.uk/,Ashtead,KT21 1EA,South East,no
143370,936,Surrey,St Hugh of Lincoln Catholic Primary School,http://www.sthugh-of-lincoln.surrey.sch.uk,Woking,GU21 8TU,South East,no
149287,936,Surrey,St Ignatius Catholic Primary School,http://www.st-ignatius.surrey.sch.uk,Sunbury on Thames,TW16 6QG,South East,no
125176,936,Surrey,St James CofE Aided Primary School,http://www.st-james-elstead.surrey.sch.uk,Godalming,GU8 6DH,South East,no
125163,936,Surrey,St James CofE Primary School,www.stjames-weybridge.surrey.sch.uk/,Weybridge,KT13 8PL,South East,no
143369,936,Surrey,"St John the Baptist Catholic Comprehensive School, Woking",http://sjb.surrey.sch.uk,Woking,GU22 9AL,South East,no
139721,936,Surrey,St John's Church of England Primary School,www.stjohnsdorking.uk,Dorking,RH4 2LR,South East,no
125184,936,Surrey,St John's CofE Aided Infant School,www.stjohns-farnham.surrey.sch.uk,Farnham,GU10 2JE,South East,no
125164,936,Surrey,St John's CofE Aided Primary School,http://www.stjohns-primary.surrey.sch.uk,Caterham,CR3 6RN,South East,no
140339,936,Surrey,St John's Primary School,www.stjohnsknaphill.co.uk,Woking,GU21 2AS,South East,no
146661,936,Surrey,St John's Primary School,http://www.stjohns-redhill.surrey.sch.uk,Redhill,RH1 6QG,South East,no
125204,936,Surrey,St Joseph's Catholic Primary School,www.stjosephsschooldorking.co.uk,Dorking,RH4 3JA,South East,no
150178,936,Surrey,St Joseph's Catholic Primary School,http://www.stjosephsguildford.com,Guildford,GU2 8YH,South East,no
150929,936,Surrey,St Joseph's Catholic Primary School,www.stjosephs-redhill.surrey.sch.uk/,Redhill,RH1 1EA,South East,no
125173,936,Surrey,St Jude's Church of England Junior School,http://www.stjudes.surrey.sch.uk,Egham,TW20 0RU,South East,no
148469,936,Surrey,St Jude's CofE Infant School,www.stjudes.surrey.sch.uk,Englefield Green,TW20 0NP,South East,no
125168,936,Surrey,St Lawrence CofE (Aided) Primary School,www.stlawrenceprimary.co.uk,Woking,GU24 8AB,South East,no
125179,936,Surrey,"St Lawrence CofE Aided Junior School, East Molesey",www.stlawrence-junior.surrey.sch.uk,East Molesey,KT8 9DR,South East,no
141347,936,Surrey,St Lawrence Primary School,https://www.stlawrence-primary.org/,Leatherhead,KT24 5JP,South East,no
146781,936,Surrey,St Mark and All Saints Church of England Primary,www.stmarkallsaints.uk,Godalming,GU7 2LD,South East,no
150589,936,Surrey,St Martin's CofE Primary School,http://www.stmartins-primary.surrey.sch.uk,Dorking,RH4 1HW,South East,no
149004,936,Surrey,St Martins Church of England Infant School,http://www.stmartinsepsom.school,Epsom,KT18 7AA,South East,no
149003,936,Surrey,St Martins Church of England Junior School,www.stmartinsepsom.school,Epsom,KT18 7AD,South East,no
140026,936,Surrey,St Mary's Church of England Primary School,www.stmaryschidd.org/,Godalming,GU8 4UF,South East,no
125183,936,Surrey,"St Mary's CofE Aided Infant School, Frensham",www.stmarys-frensham.surrey.sch.uk,Farnham,GU10 3DS,South East,no
125150,936,Surrey,"St Mary's CofE Controlled Primary School, Byfleet",www.stmarys-byfleet.surrey.sch.uk,West Byfleet,KT14 7NJ,South East,no
125149,936,Surrey,St Mary's CofE Voluntary Controlled Infant School,www.stmarys-shackleford.surrey.sch.uk/,Godalming,GU8 6AE,South East,no
125178,936,Surrey,"St Matthew's CofE Aided Infant School, Cobham",http://www.stmatthewsinfantscobham.co.uk,Cobham,KT11 3NA,South East,no
144994,936,Surrey,St Matthew's CofE Primary School,www.stmatthewsredhill.org.uk,Redhill,RH1 1JF,South East,no
149289,936,Surrey,St Michael Catholic Primary School & Nursery,http://www.st-michaels.surrey.sch.uk/,Ashford,TW15 2DG,South East,no
125170,936,Surrey,St Michael's CofE Aided Infant School,www.stmichaels-dorking.surrey.sch.uk,Dorking,RH5 6EW,South East,no
125189,936,Surrey,St Nicolas CofE Aided Infant School,www.st-nicolas-guildford.com/,Guildford,GU2 4YD,South East,no
149290,936,Surrey,St Paul's Catholic College,http://www.st-pauls.surrey.sch.uk,Sunbury-on-Thames,TW16 6JE,South East,no
140028,936,Surrey,St Paul's CofE Primary School,www.st-pauls-school.net/,Addlestone,KT15 1TD,South East,no
151288,936,Surrey,St Paul's CofE Primary School,http://www.stpaulsschool-dorking.co.uk,Dorking,RH4 2HS,South East,no
125165,936,Surrey,St Peter and St Paul Church Primary School,www.stpeter-stpaul.surrey.sch.uk/,Caterham,CR3 5BN,South East,no
125211,936,Surrey,St Peter's Catholic Primary School,www.stpeters-leatherhead.co.uk,Leatherhead,KT22 7JN,South East,no
147430,936,Surrey,St Peter's Catholic School,www.st-petersschool.co.uk,Guildford,GU1 2TN,South East,no
134109,936,Surrey,St Peter's Centre,st.peterscentre.co.uk,Egham,TW20 0RX,South East,no
125197,936,Surrey,St Peter's CofE Infant School,http://www.stpetersinfant.org,Oxted,RH8 9NN,South East,no
125182,936,Surrey,St Peter's CofE Primary School,http://www.stpeters-farnham.surrey.sch.uk,Farnham,GU9 8TF,South East,no
147429,936,Surrey,St Polycarp's Catholic Primary School,www.stpolycarps.surrey.sch.uk/,Farnham,GU9 8BQ,South East,no
144939,936,Surrey,St Stephen's CofE Primary School,www.ststephens.surrey.sch.uk/,Godstone,RH9 8HR,South East,no
147431,936,Surrey,St Thomas of Canterbury Catholic Primary School,http://www.st-thomas.surrey.sch.uk,Guildford,GU1 2SX,South East,no
125066,936,Surrey,Stamford Green Primary School and Nursery,http://www.stamford-green.surrey.sch.uk,Epsom,KT19 8LU,South East,no
144001,936,Surrey,Stanwell Fields CofE Primary School,www.stanwellfields.surrey.sch.uk,Staines-upon-Thames,TW19 7DB,South East,no
125122,936,Surrey,Stepgates Community School,http://www.stepgatesschool.co.uk,CHERTSEY,KT16 8HT,South East,no
146259,936,Surrey,Stoughton Infant School,http://www.stoughton.surrey.sch.uk,Guildford,GU2 9ZT,South East,no
136529,936,Surrey,Sunbury Manor School,http://www.sunburymanor.surrey.sch.uk,Sunbury-on-Thames,TW16 6LF,South East,no
146438,936,Surrey,Surrey Hills All Saints Primary School,www.surreyhillsprimaryschool.org.uk,Dorking,RH4 3QF,South East,no
150793,936,Surrey,Surrey Maths School,https://surreymathsschool.co.uk/,Guildford,GU1 4QU,South East,no
140509,936,Surrey,Sythwood Primary and Nursery School,http://www.sythwood.surrey.sch.uk,Woking,GU21 3AX,South East,no
144231,936,Surrey,Tatsfield Primary School,www.tatsfieldtlt.co.uk,Tatsfield,TN16 2AH,South East,no
124968,936,Surrey,Thames Ditton Infant School,http://www.thames-ditton-infant.surrey.sch.uk,Thames Ditton,KT7 0PW,South East,no
148799,936,Surrey,Thames Ditton Junior School,www.tdjs.org/,Thames Ditton,KT7 0BS,South East,no
137237,936,Surrey,Thamesmead School,http://www.thamesmead.surrey.sch.uk,Shepperton,TW17 9EE,South East,no
146255,936,Surrey,The Abbey School,www.abbey.surrey.sch.uk,Farnham,GU9 8DY,South East,no
143901,936,Surrey,The Ashcombe School,http://www.ashcombe.surrey.sch.uk,Dorking,RH4 1LY,South East,no
137735,936,Surrey,The Beacon School,www.thebeaconschool.co.uk,Banstead,SM7 1AG,South East,no
142284,936,Surrey,The Bishop David Brown School,www.bdb.surrey.sch.uk,Woking,GU21 5RF,South East,no
138491,936,Surrey,The Bishop Wand Church of England School,www.bishopwand.surrey.sch.uk,Sunbury-on-Thames,TW16 6LT,South East,no
140034,936,Surrey,The Echelford Primary School,www.echelfordprimary.co.uk,Ashford,TW15 1EX,South East,no
125037,936,Surrey,The Grange Community Infant School,http://www.grange.surrey.sch.uk,Addlestone,KT15 3RL,South East,no
142380,936,Surrey,The Grove Primary Academy,http://www.grove.kite.academy,Camberley,GU16 8PG,South East,no
140090,936,Surrey,The Hermitage Infant School,www.theoaktreeschool.co.uk/,Woking,GU21 8WT,South East,no
140594,936,Surrey,The Hermitage Junior School,www.hermitage.surrey.sch.uk,Woking,GU21 8UU,South East,no
134870,936,Surrey,The Hope Service,www.hopeservice.org.uk,Guildford,GU2 9RS,South East,no
140084,936,Surrey,The Horsell Village School,www.horsell-village.surrey.sch.uk/,Woking,GU21 4QQ,South East,no
147428,936,Surrey,The Knaphill Lower School,http://www.knaphill-lower.surrey.sch.uk,Woking,GU21 2SX,South East,no
137116,936,Surrey,The Magna Carta School,http://www.magnacarta.surrey.sch.uk,Staines,TW18 3HJ,South East,no
145102,936,Surrey,The Marist Catholic Primary School,www.marist.surrey.sch.uk,West Byfleet,KT14 6HS,South East,no
138765,936,Surrey,The Matthew Arnold School,http://www.matthew-arnold.surrey.sch.uk,Staines-upon-Thames,TW18 1PF,South East,no
149426,936,Surrey,The Mead Infant and Nursery School,,Epsom,KT19 0QG,South East,no
124964,936,Surrey,The Orchard Infant School,www.orchard.surrey.sch.uk/,East Molesey,KT8 9HT,South East,no
147524,936,Surrey,The Park School,www.thepark.surrey.sch.uk,Woking,GU22 7AT,South East,no
149318,936,Surrey,The Priory Church of England School,http://thepriorycofe.com/,Dorking,RH4 3DG,South East,no
137014,936,Surrey,The Raleigh School,www.theraleigh.org/,Leatherhead,KT24 6LX,South East,no
141843,936,Surrey,The Ridgeway School,,Farnham,GU9 8HB,South East,no
134108,936,Surrey,The Surrey Teaching Centre,http://www.tadworthcourt.surrey.sch.uk,Tadworth,KT20 5RU,South East,no
146024,936,Surrey,The Vale Primary School,www.thevaleprimary.org,Epsom,KT18 6HP,South East,no
142083,936,Surrey,The Weald CofE Primary School,www.wealdprimaryschool.co.uk,Dorking,RH5 4QW,South East,no
124913,936,Surrey,The Wharf Nursery School,www.wharf.surrey.sch.uk,Godalming,GU7 1JG,South East,no
143902,936,Surrey,Therfield School,http://www.therfield.surrey.sch.uk,Leatherhead,KT22 7NZ,South East,no
136832,936,Surrey,Thomas Knyvett College,http://thomasknyvett.org/,Ashford,TW15 3DU,South East,no
125174,936,Surrey,Thorpe CofE Aided Primary School,http://www.thorpe.surrey.sch.uk,Egham,TW20 8QD,South East,no
144503,936,Surrey,Three Rivers Academy,https://www.threeriversacademy.org/,Walton-on-Thames,KT12 5EJ,South East,no
150018,936,Surrey,Tillingbourne Junior School,http://www.tillingbourne.surrey.sch.uk,Guildford,GU4 8NB,South East,no
140117,936,Surrey,Tomlinscote School,http://www.tomlinscoteschool.com,Camberley,GU16 8PY,South East,no
141036,936,Surrey,Trinity Oaks Church of England Primary School,www.trinityoaks.surrey.sch.uk,Horley,RH6 9NS,South East,no
124952,936,Surrey,Trumps Green Infant School,http://www.trumps-green.surrey.sch.uk,Virginia Water,GU25 4HD,South East,no
146527,936,Surrey,Unified Academy,https://www.unifiedacademy.org,Dorking,RH5 4DB,South East,no
149458,936,Surrey,Valley End CofE Infant School,www.valleyend.surrey.sch.uk/,Woking,GU24 8TB,South East,no
143001,936,Surrey,Wallace Fields Infant School and Nursery,www.wallacefieldsinfantschool.co.uk/,Epsom,KT17 3AS,South East,no
150588,936,Surrey,Walsh CofE Infant School,https://www.walshschools.uk/,Ash,GU12 6LT,South East,no
150347,936,Surrey,Walsh CofE Junior School,https://www.walshschools.uk/,Ash,GU12 6LT,South East,no
125468,936,Surrey,Walton Leigh School,http://www.manor-mead.surrey.sch.uk,Walton-on-Thames,KT12 5AB,South East,no
146682,936,Surrey,Walton Oak Primary School,www.waltonoakprimary.co.uk,Walton-on-Thames,KT12 3LN,South East,no
124939,936,Surrey,Walton-on-the-Hill Primary School,http://www.walton-on-the-hill.surrey.sch.uk/,Tadworth,KT20 7RR,South East,no
138928,936,Surrey,Warlingham School,http://www.warlinghamschool.co.uk/,Warlingham,CR6 9YB,South East,no
139916,936,Surrey,Warlingham Village Primary School,http://www.warlinghamvillage.org/,Warlingham,CR6 9EJ,South East,no
146846,936,Surrey,Warren Mead Infant School,http://www.warrenmead.co.uk,Banstead,SM7 1LS,South East,no
140810,936,Surrey,Warren Mead Junior School,www.warrenmead.co.uk,Banstead,SM7 1EJ,South East,no
143627,936,Surrey,Waverley Abbey CofE Junior School,www.waverley-abbey.surrey.sch.uk/,Farnham,GU10 2AE,South East,no
149627,936,Surrey,West Ashtead Primary Academy,www.west-ashtead.surrey.sch.uk/,Ashtead,KT21 2PX,South East,no
125003,936,Surrey,West Byfleet Infant School,http://www.west-byfleet-infant.surrey.sch.uk,West Byfleet,KT14 6EF,South East,no
125081,936,Surrey,West Byfleet Junior School,www.westbyfleetjunior.org.uk/,West Byfleet,KT14 6EF,South East,no
145797,936,Surrey,West Ewell Primary School and Nursery,http://www.west-ewell.co.uk,Epsom,KT19 0UY,South East,no
144228,936,Surrey,West Hill School,www.westhillschool.uk,Leatherhead,KT22 7PW,South East,no
145542,936,Surrey,Westfield Primary School,http://www.westfield.surrey.sch.uk/,Woking,GU22 9PR,South East,no
147856,936,Surrey,Westvale Park Primary Academy,https://www.westvaleparkprimaryacademy.org,Horley,RH6 8SU,South East,no
148124,936,Surrey,Wey Valley College,www.wvc.surrey.sch.uk,Guildford,GU2 8AA,South East,no
136531,936,Surrey,Weydon School,http://www.weydonschool.surrey.sch.uk/,Farnham,GU9 8UG,South East,no
139070,936,Surrey,Weyfield Primary Academy,www.weyfield-tkat.org/,Guildford,GU1 1QJ,South East,no
141593,936,Surrey,Whyteleafe Primary School,www.whyteleafe.surrey.sch.uk/,Whyteleafe,CR3 0AA,South East,no
145701,936,Surrey,Windlesham Village Infant School,http://www.windlesham.surrey.sch.uk,Windlesham,GU20 6PB,South East,no
138766,936,Surrey,Wishmore Cross Academy,www.wishmorecrossacademy.org,Woking,GU24 8NE,South East,no
125159,936,Surrey,Witley CofE Controlled Infant School,www.witley.surrey.sch.uk,Godalming,GU8 5PN,South East,no
145007,936,Surrey,Woking College,www.woking.ac.uk,Woking,GU22 9DL,South East,no
139993,936,Surrey,Woking High School,http://www.wokinghigh.surrey.sch.uk,Woking,GU21 4TJ,South East,no
125004,936,Surrey,Wood Street Infant School,www.woodstreetschool.co.uk/,Guildford,GU3 3DA,South East,no
125481,936,Surrey,Woodfield School,https://www.woodfield.surrey.sch.uk,Redhill,RH1 3PR,South East,no
125469,936,Surrey,Woodlands School,http://www.woodlands.surrey.sch.uk,Leatherhead,KT22 8RY,South East,no
144232,936,Surrey,Woodlea Primary School,www.woodleatlt.co.uk/,Caterham,CR3 7EP,South East,no
147257,936,Surrey,Woodmansterne Primary School,https://www.wps.org.uk/,Banstead,SM7 3HU,South East,no
137314,936,Surrey,Woolmer Hill School,http://www.woolmerhill.surrey.sch.uk,Haslemere,GU27 1QB,South East,no
125025,936,Surrey,Worplesdon Primary School,www.worplesdonprimaryschool.com/,Guildford,GU3 3NL,South East,no
145226,936,Surrey,Wray Common Primary School,http://www.wray-common.surrey.sch.uk,Reigate,RH2 0LR,South East,no
150725,936,Surrey,Yattendon School,www.yattendon.org,Horley,RH6 7BZ,South East,no
143808,936,Surrey,de Stafford School,www.destafford.org.uk,Caterham,CR3 5YX,South East,no
125198,936,Surrey,All Saints CofE Aided Infant School,www.allsaints-tilford.surrey.sch.uk,Farnham,GU10 2DA,South East,yes
125116,936,Surrey,Ash Grange Nursery and Primary School,www.ash-grange.surrey.sch.uk,Ash,GU12 6LX,South East,yes
125271,936,Surrey,Ash Manor School,www.ashmanorschool.com,Ash,GU12 6QH,South East,yes
125113,936,Surrey,Ashford Park Primary School,http://www.ashford-park.surrey.sch.uk,Ashford,TW15 3HN,South East,yes
125096,936,Surrey,Beauclerc Infant and Nursery School,http://www.beauclerc.surrey.sch.uk,Sunbury-on-Thames,TW16 5LE,South East,yes
125094,936,Surrey,Chennestone Primary School,http://www.chennestone.surrey.sch.uk,Sunbury-on-Thames,TW16 5ED,South East,yes
125199,936,Surrey,Clandon CofE Aided Primary School,www.clandon.surrey.sch.uk,Guildford,GU4 7ST,South East,yes
131125,936,Surrey,Cranmere Primary School,www.cranmereprimary.org.uk/,Esher,KT10 8BE,South East,yes
125127,936,Surrey,Epsom Downs Community School & Early Years Centres,www.epsomdowns.surrey.sch.uk/,Epsom Downs,KT18 5RJ,South East,yes
125452,936,Surrey,Gosden House School,www.gosden-house.surrey.sch.uk,Guildford,GU5 0AH,South East,yes
125245,936,Surrey,Grayswood Church of England (Aided) Primary School,www.grayswoodschool.co.uk,Haslemere,GU27 2DR,South East,yes
125284,936,Surrey,Hawkedale Primary School,http://www.hawkedale.surrey.sch.uk/,Sunbury on Thames,TW16 6PG,South East,yes
125017,936,Surrey,Heather Ridge Infant School,http://www.heather-ridge.co.uk,Camberley,GU15 1AY,South East,yes
125288,936,Surrey,"Holy Trinity, Guildford, CofE Aided Junior School",http://www.htpd.surrey.sch.uk,Guildford,GU1 3QF,South East,yes
125201,936,Surrey,Horsell CofE Aided Junior School,www.horsell-junior.surrey.sch.uk,Woking,GU21 4TA,South East,yes
125107,936,Surrey,Hythe Primary School,http://www.hythe.surrey.sch.uk,Staines,TW18 3HD,South East,yes
125229,936,Surrey,Laleham CofE VA Primary School,www.lalehamcofeprimaryschool.co.uk/,Staines,TW18 1SB,South East,yes
135009,936,Surrey,Leatherhead Trinity School and Nursery,www.leatherheadtrinity.surrey.sch.uk,Leatherhead,KT22 7BP,South East,yes
125459,936,Surrey,Limpsfield Grange School,www.limpsfieldgrange.co.uk,Oxted,RH8 0RZ,South East,yes
125124,936,Surrey,Lingfield Primary School,www.lingfieldprimaryschool.com,Lingfield,RH7 6HA,South East,yes
125231,936,Surrey,Littleton CofE Infant School,http://www.littleton.surrey.sch.uk,Shepperton,TW17 0QE,South East,yes
125137,936,Surrey,Lyne and Longcross CofE Aided Primary School,http://www.lyneschool.com,Chertsey,KT16 0AJ,South East,yes
125075,936,Surrey,Manby Lodge Infant School,www.manbylodge.co.uk/,Weybridge,KT13 9DA,South East,yes
125012,936,Surrey,Meath Green Junior School,www.mgjs.org,Horley,RH6 8HW,South East,yes
125009,936,Surrey,Merrow Junior School,http://www.merrowfederation.school,Guildford,GU1 2SG,South East,yes
125014,936,Surrey,Milford School,http://www.milford.surrey.sch.uk,Godalming,GU8 5JA,South East,yes
125019,936,Surrey,Oakfield Junior School,www.oakfieldjunior.com/,Leatherhead,KT22 9ND,South East,yes
125273,936,Surrey,Oakwood School,http://www.oakwood.surrey.sch.uk,Horley,RH6 9AE,South East,yes
125293,936,Surrey,Park Mead Primary,www.park-mead.surrey.sch.uk/,Cranleigh,GU6 7HB,South East,yes
125070,936,Surrey,Reigate Priory Community Junior School,www.reigate-priory.co.uk,Reigate,RH2 7RL,South East,yes
131072,936,Surrey,Riverview CofE Primary and Nursery School VA,www.riverview.surrey.sch.uk,Epsom,KT19 0JP,South East,yes
125218,936,Surrey,Send CofE Primary School,http://www.sendcofe.co.uk,Woking,GU23 7BS,South East,yes
125219,936,Surrey,St Anne's Catholic Primary School,www.stannes-school.uk,Banstead,SM7 2PH,South East,yes
125242,936,Surrey,St Bartholomew's CofE Aided Primary School,http://www.stbartholomews.surrey.sch.uk,Haslemere,GU27 1BP,South East,yes
125220,936,Surrey,St Clement's Catholic Primary School,www.stclements.surrey.sch.uk,Epsom,KT17 1TX,South East,yes
125238,936,Surrey,"St Dunstan's Catholic Primary School, Woking",http://www.stdunstans.surrey.sch.uk,Woking,GU22 7AX,South East,yes
125205,936,Surrey,St Joseph's Catholic Primary School,http://www.stjosephs-epsom.surrey.sch.uk,Epsom,KT18 7RT,South East,yes
125194,936,Surrey,St Mary's CofE Primary School,http://www.stmarysprimary.org,Oxted,RH8 0NP,South East,yes
125230,936,Surrey,St Nicholas CofE Primary School,www.stnicholas-shepperton.co.uk/,Shepperton,TW17 9AD,South East,yes
125212,936,Surrey,"St Paul's Catholic Primary School, Thames Ditton",www.stpauls-thamesditton.surrey.sch.uk/,Thames Ditton,KT7 0LP,South East,yes
125148,936,Surrey,St Paul's CofE Infant School & Nursery,http://www.stpaulstongham.com,Farnham,GU10 1EF,South East,yes
125458,936,Surrey,Sunnydown School,https://www.sunnydown.surrey.sch.uk/,Caterham,CR3 5ED,South East,yes
125296,936,Surrey,Tadworth Primary School,http://www.tadworthps.surrey.sch.uk,Tadworth,KT20 5RR,South East,yes
125200,936,Surrey,The Chandler CofE Aided Junior School,http://www.chandlerjunior.school,Godalming,GU8 5PB,South East,yes
125008,936,Surrey,The Greville Primary School,http://www.greville.surrey.sch.uk,Ashtead,KT21 1SH,South East,yes
125143,936,Surrey,The Royal Kent CofE Primary School,http://www.royal-kent.surrey.sch.uk,Leatherhead,KT22 0LE,South East,yes
125314,936,Surrey,The Winston Churchill School A Specialist Sports College,http://student.wcsc.org.uk/,Woking,GU21 8TL,South East,yes
125072,936,Surrey,Thorpe Lea Primary School,http://www.thorpe-lea.surrey.sch.uk,Egham,TW20 8DY,South East,yes
125126,936,Surrey,Town Farm Primary School & Nursery,www.town-farm-surrey.uk,Staines,TW19 7HU,South East,yes
125298,936,Surrey,Wallace Fields Junior School,www.wallacefields-jun.surrey.sch.uk/,Epsom,KT17 3BH,South East,yes
125077,936,Surrey,William Cobbett Primary School,http://www.william-cobbett.surrey.sch.uk,Farnham,GU9 9ER,South East,yes
125202,936,Surrey,Wonersh and Shamley Green CofE Aided Primary School,http://www.wsg.surrey.sch.uk,Guildford,GU5 0RT,South East,yes
