urn,district_code,district_name,school_name,website,town,postcode,region,has_email_collected
125654,937,Warwickshire,Abbey CofE Infant School,www.abbeyinfants.co.uk,Nuneaton,CV11 5EL,West Midlands,no
141280,937,Warwickshire,Acorns Primary School,www.acornsprimary.co.uk/,Shipston-on-Stour,CV36 5LA,West Midlands,no
137172,937,Warwickshire,Alcester Academy,http://www.alcesteracademy.org.uk,Alcester,B49 6QQ,West Midlands,no
136622,937,Warwickshire,Alcester Grammar School,http://www.alcestergs.co.uk/,Alcester,B49 5ED,West Midlands,no
148319,937,Warwickshire,All Saints Bedworth CofE Academy,https://www.allsaintsbedworth.covmat.org/,Bedworth,CV12 9HP,West Midlands,no
145392,937,Warwickshire,All Saints Church of England Academy,http://www.allsaints-leekwootton.covmat.org,Warwick,CV35 7QR,West Midlands,no
125666,937,Warwickshire,All Saints' CofE Junior School,www.allsaintsemscotefederation.co.uk,Warwick,CV34 5LY,West Midlands,no
130893,937,Warwickshire,Arden Forest Infant School,www.ardenforest.warwickshire.sch.uk/,Bedworth,CV12 9RT,West Midlands,no
150353,937,Warwickshire,Arley Primary Academy,www.arleyprimaryschool.co.uk,Coventry,CV7 8HB,West Midlands,no
137781,937,Warwickshire,Ash Green School,www.ashgreenschool.org.uk,Coventry,CV7 9AH,West Midlands,no
136587,937,Warwickshire,Ashlawn School,http://www.ashlawn.org.uk,Rugby,CV22 5ET,West Midlands,no
125484,937,Warwickshire,Atherstone Nursery School,www.atherstonenurseryschool.com,Atherstone,CV9 1LF,West Midlands,no
140125,937,Warwickshire,Austrey CofE Primary School,austrey.bdmat.org.uk,Atherstone,CV9 3EQ,West Midlands,no
137770,937,Warwickshire,Aylesford School Warwick,http://www.aylesfordschool.org.uk,Warwick,CV34 6XR,West Midlands,no
125729,937,Warwickshire,Barford St Peter's CofE Primary School,https://www.barfordstpeters.org/,Warwick,CV35 8EW,West Midlands,no
125486,937,Warwickshire,Bedworth Heath Nursery School,www.bedworthheathnursery.co.uk,Bedworth,CV12 0DP,West Midlands,no
125625,937,Warwickshire,Bidford-on-Avon CofE Primary School,www.bidfordonavon.warwickshire.sch.uk/,Alcester,B50 4QG,West Midlands,no
125682,937,Warwickshire,Bilton CofE Junior School,http://www.biltonjuniorschool.co.uk,Rugby,CV22 6LB,West Midlands,no
125579,937,Warwickshire,Bilton Infant School,http://www.biltoninfantschool.co.uk,Rugby,CV22 7NH,West Midlands,no
145575,937,Warwickshire,Bilton School,https://www.biltonschool.co.uk/,Rugby,CV22 7JT,West Midlands,no
130886,937,Warwickshire,Binley Woods Primary School,http://www.binleywoodsprimaryschool.com,Coventry,CV3 2QU,West Midlands,no
138934,937,Warwickshire,Birchwood Primary School,http://www.birchwoodprimaryschool.com/,Tamworth,B78 1QU,West Midlands,no
144242,937,Warwickshire,Bishops Itchington Primary School,http://www.bishopsitchington.com/,Southam,CV47 2RN,West Midlands,no
125607,937,Warwickshire,Bishopton Primary School,www.bishoptonprimary.co.uk,Stratford-upon-Avon,CV37 9PB,West Midlands,no
125598,937,Warwickshire,Boughton Leigh Junior School,www.boughtonleigh-juniorschool.co.uk/,Rugby,CV21 1LT,West Midlands,no
130881,937,Warwickshire,Bournebrook CofE Primary School,www.bournebrook.co.uk,Coventry,CV7 8ET,West Midlands,no
148676,937,Warwickshire,Brailes Church of England Primary School,www.brailescofeprimary.org.uk,Banbury,OX15 5AP,West Midlands,no
125526,937,Warwickshire,Bridgetown Primary School,http://www.bridgetown.warwickshire.sch.uk,Stratford-upon-Avon,CV37 7JP,West Midlands,no
145200,937,Warwickshire,Brooke School,http://www.brookeschool.co.uk,Rugby,CV22 6DY,West Midlands,no
125565,937,Warwickshire,Brookhurst Primary School,http://www.brookhurstprimary.com,Leamington Spa,CV32 6NH,West Midlands,no
125618,937,Warwickshire,Brownsover Community School,www.brownsovercommunityschool.co.uk,Rugby,CV23 0UP,West Midlands,no
141244,937,Warwickshire,Budbrooke Primary School,www.budbrooke.warwickshire.sch.uk/,Warwick,CV35 8TP,West Midlands,no
145391,937,Warwickshire,Burton Green Church of England Academy,www.burtongreen.covmat.org,Leek Wootton,CV8 1QB,West Midlands,no
148956,937,Warwickshire,Camp Hill Primary School,www.camphillprimary.co.uk/,Nuneaton,CV10 9QA,West Midlands,no
137766,937,Warwickshire,Campion School,http://www.campion.warwickshire.sch.uk/,Leamington Spa,CV31 1QH,West Midlands,no
140127,937,Warwickshire,Cawston Grange Primary School,http://www.cawstongrangeprimary.com/,Rugby,CV22 7GU,West Midlands,no
125591,937,Warwickshire,Chetwynd Junior School,www.chetwyndjuniorschool.co.uk,Nuneaton,CV11 4SE,West Midlands,no
125537,937,Warwickshire,Chilvers Coton Community Infant School,www.chilvers-coton.co.uk,Nuneaton,CV11 5RB,West Midlands,no
125554,937,Warwickshire,Clapham Terrace Community Primary School and Nursery,www.claphamterrace.info/,Leamington Spa,CV31 1HZ,West Midlands,no
125551,937,Warwickshire,Clinton Primary School,http://www.clintonprimary.co.uk,Kenilworth,CV8 1DL,West Midlands,no
146171,937,Warwickshire,Coleshill Church of England Primary School,www.coleshillprimary.org.uk/,Birmingham,B46 3LL,West Midlands,no
130867,937,Warwickshire,Coten End Primary School,www.cotenend.warwickshire.sch.uk/,Warwick,CV34 4NP,West Midlands,no
145711,937,Warwickshire,Coughton CofE Primary School,http://www.coughtonschool.org,Alcester,B49 5HN,West Midlands,no
125605,937,Warwickshire,Croft Junior School,www.croftjuniorschool.co.uk,Nuneaton,CV10 8ER,West Midlands,no
146457,937,Warwickshire,Curdworth Primary School,www.curdworth.warwickshire.sch.uk,Sutton Coldfield,B76 9HF,West Midlands,no
140654,937,Warwickshire,Discovery Academy,https://www.thediscoveryacademy.org/,Nuneaton,CV11 5SS,West Midlands,no
138912,937,Warwickshire,Dordon Primary School,www.dordonprimaryschool.co.uk,Tamworth,B78 1PJ,West Midlands,no
149773,937,Warwickshire,Dunchurch Boughton Church of England Infant Academy and Nursery,www.dunchurchinfantschoolandnursery.co.uk/,Rugby,CV22 6PA,West Midlands,no
149772,937,Warwickshire,Dunchurch Boughton Church of England Junior Academy,https://www.dunchurchjunior.covmat.org/,Rugby,CV22 6NE,West Midlands,no
125566,937,Warwickshire,Emscote Infant School,www.allsaintsemscotefederation.co.uk,Warwick,CV34 5NH,West Midlands,no
149303,937,Warwickshire,English Martyrs Catholic Primary School,www.emc.magnificat.org.uk,Rugby,CV21 4EE,West Midlands,no
137771,937,Warwickshire,Etone College,http://www.etonecollege.co.uk,Nuneaton,CV11 6AA,West Midlands,no
125631,937,Warwickshire,Ettington CofE Primary School,www.ettingtonprimary.org/,Stratford-upon-Avon,CV37 7SP,West Midlands,no
125585,937,Warwickshire,Exhall Junior School,www.exhalljunior.org.uk,Warwickshire,CV7 9NS,West Midlands,no
125539,937,Warwickshire,Galley Common Infant School,http://www.galleycommoninfschool.co.uk/,Nuneaton,CV10 9NZ,West Midlands,no
137079,937,Warwickshire,George Eliot Academy,https://www.georgeeliotacademy.org.uk,Nuneaton,CV11 4QP,West Midlands,no
125595,937,Warwickshire,Glendale Infant School,www.glendale.warwickshire.sch.uk,Nuneaton,CV10 7LW,West Midlands,no
149291,937,Warwickshire,Harbury CofE Primary School,http://www.harburyschool.com/,Leamington Spa,CV33 9HR,West Midlands,no
140371,937,Warwickshire,Harris Church of England Academy,http://www.harris.covmat.org,Rugby,CV22 6EA,West Midlands,no
150453,937,Warwickshire,Hartshill Academy,https://www.hartshillacademy.org.uk/,Nuneaton,CV10 0NA,West Midlands,no
144648,937,Warwickshire,Heathcote Primary School,www.heathcoteprimaryschool.co.uk,Warwick,CV34 7AP,West Midlands,no
136991,937,Warwickshire,Henley In Arden School,www.henleyschool.com,Henley-in-Arden,B95 6AF,West Midlands,no
140135,937,Warwickshire,Henley-In-Arden CofE Primary School,www.henleyinardenprimary.org.uk/,Henley-in-Arden,B95 5FT,West Midlands,no
137989,937,Warwickshire,Henry Hinde Infant School,www.henryhindeinfantschool.co.uk,Rugby,CV22 7JQ,West Midlands,no
140372,937,Warwickshire,Henry Hinde Junior School,www.henryhindejunior.co.uk,Rugby,CV22 7HN,West Midlands,no
125584,937,Warwickshire,High Meadow Community School,www.highmeadowcommunityschool.co.uk,Coleshill,B46 1ES,West Midlands,no
137767,937,Warwickshire,Higham Lane School,http://www.highamlaneschool.co.uk/,Nuneaton,CV10 0BJ,West Midlands,no
130887,937,Warwickshire,Hillmorton Primary School,www.hillmortonprimaryschool.com,Rugby,CV21 4PE,West Midlands,no
143707,937,Warwickshire,Houlton School,www.houltonschool.org.uk,RUGBY,CV23 1ED,West Midlands,no
125515,937,Warwickshire,Hurley Primary School,http://www.hurleyschool.co.uk,Atherstone,CV9 2HY,West Midlands,no
125637,937,Warwickshire,Ilmington CofE Primary School,http://www.ilmingtonschool.co.uk,Shipston-on-Stour,CV36 4LJ,West Midlands,no
125488,937,Warwickshire,Kenilworth Nursery School & Early Years Training Centre,www.kenilworthns.org.uk,Kenilworth,CV8 1JP,West Midlands,no
146697,937,Warwickshire,Kenilworth School and Sixth Form,http://ksn.org.uk/,Kenilworth,CV8 2AL,West Midlands,no
146199,937,Warwickshire,Keresley Newland Primary Academy,www.knpa.co.uk,Coventry,CV7 8JZ,West Midlands,no
149167,937,Warwickshire,Kineton Church of England Primary School,http://www.kinetonprimaryschool.org.uk,Warwick,CV35 0HS,West Midlands,no
147432,937,Warwickshire,Kineton High School,http://www.kinetonhighschool.org.uk,Warwick,CV35 0JX,West Midlands,no
145174,937,Warwickshire,King Edward VI College,www.ke6n.ac.uk,Nuneaton,CV11 4BE,West Midlands,no
137302,937,Warwickshire,King Edward VI School,http://www.kes.net,Stratford-upon-Avon,CV37 6BE,West Midlands,no
134924,937,Warwickshire,Kingsbury Primary School,www.kingsburyps.co.uk,Tamworth,B78 2HW,West Midlands,no
145019,937,Warwickshire,Kingsbury School - A Specialist Science and Mathematics Academy,www.kingsburyschool.co.uk,Kingsbury,B78 2LF,West Midlands,no
145853,937,Warwickshire,Kingsway Community Primary School,www.kingswayprimaryschool.org,Leamington Spa,CV31 3HB,West Midlands,no
141277,937,Warwickshire,Lawrence Sheriff School,http://www.lawrencesheriffschool.net/,Rugby,CV21 3AG,West Midlands,no
142149,937,Warwickshire,Leamington Hastings Church of England Academy,www.leamingtonhastings.covmat.org,Rugby,CV23 8EA,West Midlands,no
125530,937,Warwickshire,Lighthorne Heath Primary School,http://www.lighthorneheathprimaryschool.co.uk,Leamington Spa,CV33 9TW,West Midlands,no
147642,937,Warwickshire,Lillington Primary School,http://www.lillingtonprimary.com,Leamington Spa,CV32 7AG,West Midlands,no
146149,937,Warwickshire,Long Itchington CofE Academy,www.longitchington.covmat.org,Southam,CV47 9QP,West Midlands,no
147078,937,Warwickshire,Lower Farm Academy,http://lowerfarmacademy.org/,Nuneaton,CV10 0FG,West Midlands,no
125761,937,Warwickshire,Middlemarch School,www.middlemarchschool.co.uk,Nuneaton,CV10 7BQ,West Midlands,no
130894,937,Warwickshire,Milby Primary School,www.milby.warwickshire.sch.uk/,Nuneaton,CV11 6JS,West Midlands,no
148955,937,Warwickshire,Moreton Morrell CofE Primary School,www.moretonmorrell.warwickshire.sch.uk/,Warwick,CV35 9AN,West Midlands,no
150777,937,Warwickshire,Myton Gardens,https://mytongardensprimary.com/#about,Warwick,CV34 8DU,West Midlands,no
136907,937,Warwickshire,Myton School,http://www.mytonschool.co.uk,Warwick,CV34 6PJ,West Midlands,no
149306,937,Warwickshire,Newbold and Tredington CofE Primary School,www.newboldtredington.warwickshire.sch.uk/,Shipston-on-Stour,CV36 4NZ,West Midlands,no
125561,937,Warwickshire,Newburgh Primary School,www.newburghprimaryschool.co.uk/,Warwick,CV34 6LD,West Midlands,no
130896,937,Warwickshire,Newdigate Primary and Nursery School,www.newdigate.warwickshire.sch.uk,Bedworth,CV12 0HA,West Midlands,no
140139,937,Warwickshire,Newton Regis CofE Primary School,www.newtonregis.bdmat.org.uk,Tamworth,B79 0NL,West Midlands,no
139936,937,Warwickshire,Nicholas Chamberlaine School,https://nicholaschamberlaine-gst.org/,Bedworth,CV12 9EA,West Midlands,no
142202,937,Warwickshire,North Leamington School,http://www.northleamington.co.uk,Leamington Spa,CV32 6RD,West Midlands,no
125576,937,Warwickshire,Northlands Primary School,www.northlands-school.org.uk/,Rugby,CV21 2SS,West Midlands,no
150454,937,Warwickshire,Nuneaton Academy,www.nuneatonacademy.org.uk,Nuneaton,CV10 7PD,West Midlands,no
139468,937,Warwickshire,Oak Wood Primary School,www.oakwoodschools.co.uk,Nuneaton,CV11 4QH,West Midlands,no
139469,937,Warwickshire,Oak Wood Secondary School,www.oakwoodschools.co.uk,Nuneaton,CV11 4QH,West Midlands,no
138915,937,Warwickshire,Oakfield Primary Academy,www.oakfieldprimaryacademy.co.uk,Rugby,CV22 6AU,West Midlands,no
149717,937,Warwickshire,Oakley School,https://oakley-school.com/,Bishops Tachbrook,CV33 9QE,West Midlands,no
141823,937,Warwickshire,Our Lady & St. Joseph Catholic Academy,https://www.olstjacademy.co.uk/,Nuneaton,CV11 5TY,West Midlands,no
149308,937,Warwickshire,Our Lady and St Teresa's Catholic Primary School,http://www.ourladyandstteresasprimaryschool.com,Leamington Spa,CV32 7LN,West Midlands,no
143632,937,Warwickshire,Our Lady's Catholic Primary School,https://www.ola.magnificat.org.uk/,Alcester,B49 6AG,West Midlands,no
136061,937,Warwickshire,Outwoods Primary School,www.ops.warwickshire.sch.uk,Atherstone,CV9 1EH,West Midlands,no
130885,937,Warwickshire,Paddox Primary School,www.paddoxprimary.com/,Rugby,CV22 5HS,West Midlands,no
125552,937,Warwickshire,Park Hill Junior School,www.parkhilljuniorschool.co.uk/,Kenilworth,CV8 2JJ,West Midlands,no
140004,937,Warwickshire,Park Lane Primary School,https://parklane-gst.org/,Nuneaton,CV10 8NL,West Midlands,no
140419,937,Warwickshire,Queen's Church of England Academy,http://www.queens.covmat.org/,Nuneaton,CV11 5LR,West Midlands,no
144764,937,Warwickshire,Quest Academy,www.thequestacademy.org,Rugby,CV22 5PE,West Midlands,no
125519,937,Warwickshire,Quinton Primary School,,Stratford-upon-Avon,CV37 8SA,West Midlands,no
138431,937,Warwickshire,Race Leys Junior School,www.raceleys-gst.org/,Bedworth,CV12 8HG,West Midlands,no
140198,937,Warwickshire,Racemeadow Primary Academy,www.racemeadow.co.uk,Atherstone,CV9 1LT,West Midlands,no
125665,937,Warwickshire,Radford Semele CofE Primary School,www.radfordsemeleprimaryschool.co.uk/,Leamington Spa,CV31 1TQ,West Midlands,no
138914,937,Warwickshire,Riverside Academy,www.riversideacademy.co.uk/,Rugby,CV21 1EH,West Midlands,no
145393,937,Warwickshire,Rokeby Primary School,http://www.rokebyprimaryschool.co.uk/,Rugby,CV22 5PE,West Midlands,no
141936,937,Warwickshire,Rugby Free Primary School,www.rugbyfreeprimary.co.uk,Rugby,CV23 0PD,West Midlands,no
142881,937,Warwickshire,Rugby Free Secondary School,https://www.rugbyfreesecondary.co.uk/,Rugby,CV22 5PE,West Midlands,no
136595,937,Warwickshire,Rugby High School,http://www.rugbyhighschool.co.uk,Rugby,CV22 7RE,West Midlands,no
149518,937,Warwickshire,Ryton-On-Dunsmore Provost Williams Church of England Academy,www.provostwilliams.warwickshire.sch.uk,Coventry,CV8 3FF,West Midlands,no
145415,937,Warwickshire,Salford Priors CofE Academy,www.salfordpriors.covmat.org,Evesham,WR11 8XD,West Midlands,no
138767,937,Warwickshire,Shipston High School,www.shipstonhigh.co.uk,Shipston-on-Stour,CV36 4DY,West Midlands,no
141281,937,Warwickshire,Shipston-on-Stour Primary School,http://www.shipston.warwickshire.sch.uk,Shipston-on-Stour,CV36 4BT,West Midlands,no
125646,937,Warwickshire,Shottery St Andrew's CofE Primary School,http://www.shotterystandrewsprimary.org.uk,Stratford-upon-Avon,CV37 9BL,West Midlands,no
130951,937,Warwickshire,Shrubland Street Community Primary School,www.shrublandstreetprimaryschool.co.uk/,Leamington Spa,CV31 2AR,West Midlands,no
125684,937,Warwickshire,Shustoke CofE Primary School,www.shustokecofeprimary.co.uk,Birmingham,B46 2AU,West Midlands,no
125521,937,Warwickshire,Snitterfield Primary School,www.snitterfieldschool.org.uk,Stratford-upon-Avon,CV37 0JL,West Midlands,no
143905,937,Warwickshire,Southam College,http://www.southamcollege.com/,Southam,CV47 0JW,West Midlands,no
143906,937,Warwickshire,Southam Primary School,www.southamprimary.com/,Southam,CV47 0QB,West Midlands,no
146151,937,Warwickshire,Southam St James CofE Academy,www.southamstjames.covmat.org,Southam,CV47 1EE,West Midlands,no
130877,937,Warwickshire,St Andrew's Benn CofE (Voluntary Aided) Primary School,www.standrewsbennprimary.co.uk/,Rugby,CV21 3NX,West Midlands,no
141747,937,Warwickshire,St Anne's Catholic Academy,www.stannesnuneaton.co.uk/,Nuneaton,CV10 0JX,West Midlands,no
149310,937,Warwickshire,St Augustine's Catholic Primary School,https://www.aug.magnificat.org.uk/,Kenilworth,CV8 2JY,West Midlands,no
143634,937,Warwickshire,St Benedict's Catholic High School,www.sbe.magnificat.org.uk,Alcester,B49 6PX,West Midlands,no
141812,937,Warwickshire,St Benedict's Catholic Primary Academy,www.stbenedictsonline.co.uk/,Atherstone,CV9 1PS,West Midlands,no
148125,937,Warwickshire,St Edward's Catholic Primary School,www.stedwardsrcprimary.co.uk,Birmingham,B46 3JE,West Midlands,no
141817,937,Warwickshire,St Francis Catholic Academy,http://www.stfranciscatholicprimary.co.uk,Bedworth,CV12 8JN,West Midlands,no
144071,937,Warwickshire,St Gabriel's CofE Academy,www.stgabrielshoulton.org.uk,Rugby,CV23 1AN,West Midlands,no
143633,937,Warwickshire,St Gregory's Catholic Primary School,https://www.stg.magnificat.org.uk/,Stratford-upon-Avon,CV37 6UZ,West Midlands,no
140694,937,Warwickshire,St James' CofE Academy,www.stjames.covmat.org,Bedworth,CV12 9PF,West Midlands,no
130870,937,Warwickshire,St John's Primary School and Nursery,www.stjohnsprimarykenilworth.co.uk,Kenilworth,CV8 1FS,West Midlands,no
125719,937,Warwickshire,St Joseph's Catholic Primary School,www.sjcwhitnash.co.uk,Leamington Spa,CV31 2LJ,West Midlands,no
130884,937,Warwickshire,St Lawrence CofE (Voluntary Aided) Primary School,http://www.stlawrenceprimaryschool.co.uk,Southam,CV47 8LU,West Midlands,no
149315,937,Warwickshire,St Marie's Catholic Primary School,www.st-maries.com/,Rugby,CV22 7AF,West Midlands,no
125717,937,Warwickshire,St Mary Immaculate Catholic Primary School,www.stmaryimmaculateschool.co.uk,Warwick,CV34 5BG,West Midlands,no
143631,937,Warwickshire,St Mary's Catholic Primary School,http://www.stmaryshenley.warwickshire.sch.uk,Henley-in-Arden,B95 5LT,West Midlands,no
149316,937,Warwickshire,St Mary's Catholic Primary School,http://www.stmarysrcstudley.co.uk/,Studley,B80 7QU,West Midlands,no
151228,937,Warwickshire,"St Mary's Catholic Primary School, Southam",https://stmaryssoutham.org.uk/,Southam,CV47 1PS,West Midlands,no
130883,937,Warwickshire,St Matthew's Bloxam CofE Primary School,www.st-matthewsbloxam.co.uk/,Rugby,CV22 7AU,West Midlands,no
142021,937,Warwickshire,St Michael's Church of England Academy,http://www.stmichaels.covmat.org/,Bedworth,CV12 9DA,West Midlands,no
139518,937,Warwickshire,St Nicholas CofE Primary,www.alcesterstnicholas.co.uk/,Alcester,B49 6AG,West Midlands,no
151107,937,Warwickshire,St Nicholas CofE Primary School,www.st-nicholas-primary.org.uk/,Kenilworth,CV8 2PE,West Midlands,no
140878,937,Warwickshire,St Nicolas CofE Academy,www.stnicolas.covmat.org,Nuneaton,CV11 6HJ,West Midlands,no
142022,937,Warwickshire,St Oswald's CofE Academy,http://www.stoswalds.covmat.org,Rugby,CV22 7DJ,West Midlands,no
151229,937,Warwickshire,St Patrick's Catholic Primary School,www.stpatricks-lspa.com,Leamington Spa,CV31 3EU,West Midlands,no
125656,937,Warwickshire,"St Paul's CofE Primary School, Nuneaton",www.stpaulsnuneaton.org.uk/,Nuneaton,CV10 8NH,West Midlands,no
141836,937,Warwickshire,St Thomas More Catholic School and Sixth Form College,http://www.st-thomas-more.net/,Nuneaton,CV10 7EX,West Midlands,no
147164,937,Warwickshire,Stockingford Academy,,Nuneaton,CV10 8JH,West Midlands,no
143497,937,Warwickshire,Stockton Primary School,www.stocktonprimaryschool.com,Southam,CV47 8JE,West Midlands,no
137235,937,Warwickshire,Stratford Girls' Grammar School,http://www.sggs.org.uk/,Stratford-upon-Avon,CV37 9HA,West Midlands,no
137236,937,Warwickshire,Stratford Upon Avon School,www.stratforduponavonschool.com,Stratford-upon-Avon,CV37 9DH,West Midlands,no
142581,937,Warwickshire,Stratford-Upon-Avon Primary School,www.stratfordprimary.co.uk,Stratford-upon-Avon,CV37 6HN,West Midlands,no
136786,937,Warwickshire,Studley High School,http://studleyhighschool.org.uk/,Studley,B80 7QX,West Midlands,no
148511,937,Warwickshire,Studley Infants' School,www.studleyinfants.co.uk/,Studley,B80 7HJ,West Midlands,no
141000,937,Warwickshire,Studley St Mary's CofE Academy,http://www.studleystmarys.covmat.org,Studley,B80 7ND,West Midlands,no
130868,937,Warwickshire,Sydenham Primary School,www.sydenhamprimaryschool.co.uk/,Leamington Spa,CV31 1SA,West Midlands,no
138909,937,Warwickshire,Tanworth-in-Arden CofE Primary School,www.tanworthschool.co.uk,Solihull,B94 5AJ,West Midlands,no
125562,937,Warwickshire,Telford Infant School,www.telford-inf.warwickshire.sch.uk/web,Leamington Spa,CV32 7TE,West Midlands,no
149995,937,Warwickshire,Telford Junior School,www.telfordjuniorschool.com/,Leamington Spa,CV32 7HP,West Midlands,no
145712,937,Warwickshire,Temple Grafton CofE Primary School,www.tgschool.co.uk/,Alcester,B49 6NU,West Midlands,no
146691,937,Warwickshire,Temple Herdewyke Primary School,www.templeherdewykeprimary.co.uk/,Southam,CV47 2UD,West Midlands,no
125764,937,Warwickshire,The Avon Valley School and Performing Arts College,http://www.avonvalleyschool.org/,Rugby,CV21 1EH,West Midlands,no
136986,937,Warwickshire,The Coleshill School,https://coleshill.warwickshire.sch.uk/,Birmingham,B46 3EX,West Midlands,no
130379,937,Warwickshire,The Dassett CofE Primary School,http://www.thedassettprimary.co.uk,Southam,CV47 2XU,West Midlands,no
148515,937,Warwickshire,The Ferncumbe CofE Primary School,https://www.ferncumbefamily.co.uk/,Warwick,CV35 7EX,West Midlands,no
149781,937,Warwickshire,The Griffin Primary School,https://www.thegriffinprimary.uk/,Rugby,CV21 1NU,West Midlands,no
139127,937,Warwickshire,The Nethersole CofE Academy,www.thenethersoleceacademy.co.uk,Tamworth,B78 1DZ,West Midlands,no
136459,937,Warwickshire,The Polesworth School,http://www.thepolesworthschool.com,Tamworth,B78 1QT,West Midlands,no
137488,937,Warwickshire,The Priors School,www.thepriorsschool.co.uk,Southam,CV47 7RR,West Midlands,no
139937,937,Warwickshire,The Queen Elizabeth Academy,http://tqea.attrust.org.uk/,Atherstone,CV9 1LZ,West Midlands,no
130878,937,Warwickshire,The Revel CofE (Aided) Primary School,www.therevelprimaryschool.co.uk/,Rugby,CV23 0RA,West Midlands,no
148554,937,Warwickshire,The Warwickshire Academy,https://www.wa.thrive.ac/,Coventry,CV7 9RA,West Midlands,no
125525,937,Warwickshire,Thomas Jolyffe Primary School,www.thomasjolyffe.warwickshire.sch.uk/,Stratford-upon-Avon,CV37 6TE,West Midlands,no
125550,937,Warwickshire,Thorns Community Infant School,http://www.thornsinfantschool.com,Kenilworth,CV8 2DS,West Midlands,no
148362,937,Warwickshire,Trinity Catholic School,http://www.trinity-school.org.uk/,Leamington Spa,CV32 6NB,West Midlands,no
147090,937,Warwickshire,Tudor Grange Primary Academy Meon Vale,https://www.meonvale.tgacademy.org.uk/,Stratford-upon-Avon,CV37 8QR,West Midlands,no
140530,937,Warwickshire,"Tudor Grange Primary Academy, Haselor",http://www.haselor.tgacademy.org.uk,Alcester,B49 6LU,West Midlands,no
148512,937,Warwickshire,Tysoe CofE Primary School,www.tysoe.warwickshire.sch.uk/,Warwick,CV35 0SD,West Midlands,no
144633,937,Warwickshire,Venture Academy,https://www.ventureacademy.org.uk/,Henley-in-Arden,B95 6AD,West Midlands,no
140152,937,Warwickshire,Warton Nethersole's CofE Primary School,www.warton.bdmat.org.uk,Tamworth,B79 0HP,West Midlands,no
125620,937,Warwickshire,Water Orton Primary School,www.waterortonprimaryschool.co.uk,Birmingham,B46 1SG,West Midlands,no
145486,937,Warwickshire,Welcombe Hills School,https://www.welcombe-hills.co.uk/,Stratford-upon-Avon,CV37 6TQ,West Midlands,no
125528,937,Warwickshire,Welford-on-Avon Primary School,www.welfordonavonschool.co.uk/,Stratford-upon-Avon,CV37 8ER,West Midlands,no
148513,937,Warwickshire,Wellesbourne CofE Primary School,http://www.wellesbourneceprimary.co.uk,Warwick,CV35 9QG,West Midlands,no
130889,937,Warwickshire,Wembrook Primary School,www.wembrook.warwickshire.sch.uk/,Nuneaton,CV11 4LU,West Midlands,no
125559,937,Warwickshire,Westgate Primary School,https://www.westgate-primary.com/,Warwick,CV34 4DD,West Midlands,no
125510,937,Warwickshire,Wheelwright Lane Primary School,www.wheelwrightlane.warwickshire.sch.uk/,Coventry,CV7 9HN,West Midlands,no
125545,937,Warwickshire,Whitestone Infant School,http://www.whitestone-infantschool.co.uk/,Nuneaton,CV11 4SQ,West Midlands,no
125560,937,Warwickshire,Whitnash Primary School,www.whitnashprimaryschool.com/,Leamington Spa,CV31 2EX,West Midlands,no
150651,937,Warwickshire,Wilmcote C of E Primary School,www.wilmcoteprimary.org.uk,Stratford-upon-Avon,CV37 9XD,West Midlands,no
125677,937,Warwickshire,Wolvey CofE Primary School,www.wolveyschool.co.uk/,Hinckley,LE10 3LA,West Midlands,no
140418,937,Warwickshire,Wood End Primary School,www.wood-end-primaryschool.co.uk,Atherstone,CV9 2QL,West Midlands,no
145224,937,Warwickshire,Woodlands,www.woodlands.warwickshire.sch.uk,Birmingham,B46 3JE,West Midlands,no
141855,937,Warwickshire,Woodloes Primary School,www.woodloes.com/,Warwick,CV34 5DF,West Midlands,no
140153,937,Warwickshire,Woodside CofE Primary School,www.woodside-ce-school.co.uk/,Atherstone,CV9 2BS,West Midlands,no
148514,937,Warwickshire,Wootton Wawen CofE Primary School,www.woottonwawenprimaryschool.co.uk/,Henley-in-Arden,B95 6AY,West Midlands,no
125573,937,Warwickshire,Abbots Farm Infant School,http://www.abbotsfarm-inf.org,Rugby,CV21 4AP,West Midlands,yes
125580,937,Warwickshire,Abbots Farm Junior School,http://www.abbotsfarm.co.uk,Rugby,CV21 4AP,West Midlands,yes
125653,937,Warwickshire,"All Saints CofE Primary School and Nursery, Nuneaton",www.allsaintsceprimaryschoolandnursery.co.uk/,Nuneaton,CV10 7AT,West Midlands,yes
125623,937,Warwickshire,Alveston CofE Primary School,www.alvestoncofeprimary.co.uk,Stratford-upon-Avon,CV37 7BZ,West Midlands,yes
125581,937,Warwickshire,Bawnmore Community Infant School,www.bawnmoreinfantschool.co.uk,Rugby,CV22 6JS,West Midlands,yes
125657,937,Warwickshire,Bishops Tachbrook CofE Primary School,www.btschool.co.uk,Leamington Spa,CV33 9RY,West Midlands,yes
125603,937,Warwickshire,Boughton Leigh Infant School,www.boughtonleigh.co.uk,Rugby,CV21 1LT,West Midlands,yes
125563,937,Warwickshire,Briar Hill Infant School,http://www.briarhillstmargarets.co.uk,Leamington Spa,CV31 2JF,West Midlands,yes
125507,937,Warwickshire,Claverdon Primary School,http://www.claverdonschool.org.uk/,Warwick,CV35 8QA,West Midlands,yes
125670,937,Warwickshire,Clifton-upon-Dunsmore CofE Primary School,https://www.cliftonupondunsmoreprimaryschool.uk/,Rugby,CV23 0BT,West Midlands,yes
125660,937,Warwickshire,Cubbington CofE Primary School,http://www.cubbingtonprimaryschool.co.uk/,Leamington Spa,CV32 7JY,West Midlands,yes
125762,937,Warwickshire,Dunnington CofE Primary School,www.dunnington-school.co.uk/,Alcester,B49 5NT,West Midlands,yes
125575,937,Warwickshire,Eastlands Primary School,www.eastlandsprimaryschool.co.uk/,Rugby,CV21 3RY,West Midlands,yes
125805,937,Warwickshire,Evergreen School,www.evergreenschool.co.uk,Warwick,CV34 5DF,West Midlands,yes
130898,937,Warwickshire,Exhall Cedars Infant School,www.exhallcedars.org/,Coventry,CV7 9FJ,West Midlands,yes
125794,937,Warwickshire,Exhall Grange Specialist School,http://www.exhallgrange.co.uk/,Coventry,CV7 9HP,West Midlands,yes
130897,937,Warwickshire,Goodyers End Primary School,www.goodyersend.warwickshire.sch.uk,Bedworth,CV12 0HP,West Midlands,yes
125511,937,Warwickshire,Great Alne Primary School,www.greatalneprimary.org/,Alcester,B49 6HQ,West Midlands,yes
125635,937,Warwickshire,Hampton Lucy CofE Primary School,www.hamptonlucyschool.co.uk,Warwick,CV35 8BE,West Midlands,yes
125681,937,Warwickshire,Holy Trinity CofE Primary School,https://www.holytrinity.warwickshire.sch.uk/,Stratford-upon-Avon,CV37 9QN,West Midlands,yes
130910,937,Warwickshire,Knightlow CofE Primary School,http://www.knightlowprimary.co.uk,Rugby,CV23 9NF,West Midlands,yes
125662,937,Warwickshire,Lapworth CofE Primary School,http://www.lapworthschool.co.uk,Solihull,B94 6LT,West Midlands,yes
125570,937,Warwickshire,Long Lawford Primary School,http://www.longlawfordprimaryschool.com,Rugby,CV23 9AL,West Midlands,yes
125639,937,Warwickshire,Loxley CofE Community Primary School,www.loxleyprimaryschool.co.uk,Warwick,CV35 9JT,West Midlands,yes
125640,937,Warwickshire,Mappleborough Green CofE Primary School,www.mappleboroughgreenprimaryschool.org.uk,Studley,B80 7DR,West Midlands,yes
125512,937,Warwickshire,Michael Drayton Junior School,www.michaeldraytonjunior.co.uk/,Nuneaton,CV10 0SZ,West Midlands,yes
125610,937,Warwickshire,Milverton Primary School,www.milvertonprimaryschool.co.uk,Leamington Spa,CV32 6ES,West Midlands,yes
125513,937,Warwickshire,Nathaniel Newton Infant School,www.nathanielnewton.co.uk,Nuneaton,CV10 0LS,West Midlands,yes
125500,937,Warwickshire,Nursery Hill Primary School,www.nurseryhillprimary.co.uk/,Nuneaton,CV10 0PY,West Midlands,yes
125721,937,Warwickshire,"Our Lady's Catholic Primary School, Princethorpe",www.ourladysrc.warwickshire.sch.uk/,Rugby,CV23 9PU,West Midlands,yes
125609,937,Warwickshire,Priors Field Primary School,www.priorsfieldprimary.com,Kenilworth,CV8 1BA,West Midlands,yes
125616,937,Warwickshire,Race Leys Infant School,www.raceleysinfant.com,Bedworth,CV12 8AD,West Midlands,yes
125716,937,Warwickshire,St Anthony's Catholic Primary School,www.stanthonyscatholic.com,Leamington Spa,CV31 1NJ,West Midlands,yes
125701,937,Warwickshire,"St Paul's CofE Primary School, Leamington Spa",www.saintpaulsschool.co.uk,Leamington Spa,CV32 4JZ,West Midlands,yes
125714,937,Warwickshire,St Peter's Catholic Primary School,http://st-peterscatholic.warwickshire.sch.uk,Leamington Spa,CV32 5EL,West Midlands,yes
125667,937,Warwickshire,St. Margaret's CofE Junior School,https://www.briarhillstmargarets.co.uk/topic/st-margarets-c-of-e-junior-school,Leamington Spa,CV31 2JF,West Midlands,yes
125491,937,Warwickshire,Stockingford Maintained Nursery School,www.stockingfordnurseryschool.co.uk,Nuneaton,CV10 8HW,West Midlands,yes
125689,937,Warwickshire,The Canons C of E Primary School,www.thecanonsprimary.co.uk,Bedworth,CV12 8RT,West Midlands,yes
125490,937,Warwickshire,Warwick Nursery School,www.warwicknurseryschool.org,Warwick,CV34 4LJ,West Midlands,yes
130895,937,Warwickshire,Weddington Primary School,www.weddingtonschool.co.uk,Nuneaton,CV10 0DR,West Midlands,yes
125487,937,Warwickshire,Whitnash Nursery School,www.whitnashnurseryschool.org.uk,Leamington Spa,CV31 2PW,West Midlands,yes
125676,937,Warwickshire,Wolston St Margaret's CofE Primary School,www.wolstonprimary.org.uk,Coventry,CV8 3HH,West Midlands,yes
125760,937,Warwickshire,Wolverton Primary School,http://www.wolvertonprimary.org.uk,Warwick,CV35 8JN,West Midlands,yes
