urn,district_code,district_name,school_name,website,town,postcode,region,has_email_collected
148924,938,West Sussex,Albourne Church of England Primary School,https://www.albournecep.co.uk,Hassocks,BN6 9DH,South East,no
133321,938,West Sussex,"All Saints CofE Primary School, Horsham",www.allsaints.w-sussex.sch.uk,Horsham,RH12 5JB,South East,no
125883,938,West Sussex,"Arunside School, Horsham",https://arunside.school,Horsham,RH12 1RR,South East,no
125971,938,West Sussex,Ashington CofE Primary School,http://www.ashington.w-sussex.sch.uk,Pulborough,RH20 3PG,South East,no
126020,938,West Sussex,Ashurst CofE Primary School,https://ashurst.eschools.co.uk/website,Steyning,BN44 3AY,South East,no
125929,938,West Sussex,Ashurst Wood Primary School,http://www.ashurstwoodprimary.co.uk,East Grinstead,RH19 3QW,South East,no
150828,938,West Sussex,Balcombe Cofe Primary School,http://www.balcombeschool.co.uk,Haywards Heath,RH17 6HS,South East,no
141267,938,West Sussex,"Baldwins Hill Primary School, East Grinstead",www.baldwinshillprimaryschool.co.uk/,East Grinstead,RH19 2AP,South East,no
142141,938,West Sussex,Barnham Primary School,http://www.barnhamprimaryschool.co.uk,Bognor Regis,PO22 0HW,South East,no
125838,938,West Sussex,Barns Green Primary School,http://www.barnsgreen.org.uk,Horsham,RH13 0PJ,South East,no
125922,938,West Sussex,"Bartons Primary School, Bognor Regis",http://www.bartons.w-sussex.sch.uk,Bognor Regis,PO21 5EJ,South East,no
125873,938,West Sussex,"Bersted Green Primary School, Bognor Regis",http://www.berstedgreenprimary.co.uk,Bognor Regis,PO22 9HT,South East,no
150705,938,West Sussex,Billingshurst Primary Academy,https://www.billingshurstprimary.org.uk/web,Billingshurst,RH14 9RE,South East,no
140472,938,West Sussex,"Bishop Luffa School, Chichester",http://www.bishopluffa.org.uk,Chichester,PO19 3HP,South East,no
126050,938,West Sussex,"Bishop Tufnell CofE Primary School, Felpham",https://btjs-wsussex.secure-dbprimary.com/wsussex/primary/btjs,Bognor Regis,PO22 6BN,South East,no
141892,938,West Sussex,Blackthorns Community Primary Academy,www.blackthornsprimaryacademy.org.uk/,Haywards Heath,RH16 2UA,South East,no
148141,938,West Sussex,Blackwell Primary School,,East Grinstead,RH19 3JL,South East,no
147187,938,West Sussex,Bohunt Horsham,www.bohunthorsham.com,Horsham,RH12 6AP,South East,no
140424,938,West Sussex,Bohunt School Worthing,www.bohuntworthing.com,Worthing,BN14 8AH,South East,no
126007,938,West Sussex,Bolney CofE Primary School,bolneyschool.org.uk,Haywards Heath,RH17 5QP,South East,no
150097,938,West Sussex,Bolnore Village Primary School,www.bolnorevillageprimary.org.uk,Haywards Heath,RH16 4GD,South East,no
125810,938,West Sussex,Boundstone Nursery School,www.boundstone-lancingcfc.co.uk,Lancing,BN15 9QX,South East,no
126069,938,West Sussex,Bourne Community College,http://www.bourne.org.uk/,Emsworth,PO10 8PJ,South East,no
125968,938,West Sussex,Bramber Primary School,www.bramberprimary.co.uk,Worthing,BN14 8QB,South East,no
145394,938,West Sussex,Brantridge School,www.brantridge-school.co.uk,Haywards Heath,RH17 6EQ,South East,no
138453,938,West Sussex,Broadfield Primary Academy,www.bpa-tkat.org,Crawley,RH11 9PD,South East,no
126022,938,West Sussex,Bury CofE Primary School,http://www.bury.w-sussex.sch.uk/,Pulborough,RH20 1HB,South East,no
131189,938,West Sussex,"Chalkhill Education Centre, Chalkhill Hospital",www.apcollege.co.uk,Haywards Heath,RH16 4NQ,South East,no
139668,938,West Sussex,Chichester Free School,www.chichesterfreeschool.org.uk,Chichester,PO20 1NP,South East,no
140105,938,West Sussex,Chichester High School,http://www.chs-tkat.org/,Chichester,PO19 8EB,South East,no
125808,938,West Sussex,Chichester Nursery School,www.chichesternursery.org,Chichester,PO19 7AB,South East,no
148170,938,West Sussex,Clapham and Patching CofE Primary School,www.claphamandpatching.co.uk,Worthing,BN13 3UU,South East,no
125825,938,West Sussex,Colgate Primary School,http://colgate.eschools.co.uk/website,Horsham,RH13 6HS,South East,no
125979,938,West Sussex,Compton and Up Marden CofE Primary School,https://dvsf.school/,Chichester,PO18 9EZ,South East,no
126013,938,West Sussex,Copthorne CofE Junior School,http://www.copthorne.w-sussex.sch.uk/,Copthorne,RH10 3RD,South East,no
126170,938,West Sussex,"Cornfield School, Littlehampton",http://www.cornfieldschool.org.uk,Littlehampton,BN17 6HY,South East,no
151193,938,West Sussex,Crawley Down Village CofE School,http://www.crawleydownschool.com,Crawley,RH10 4XA,South East,no
126093,938,West Sussex,"Davison Church of England High School for Girls, Worthing",http://www.davison.w-sussex.sch.uk/,Worthing,BN11 2JX,South East,no
143973,938,West Sussex,Desmond Anderson Primary Academy,www.desmondandersonprimaryacademy.co.uk,Crawley,RH10 5EA,South East,no
126087,938,West Sussex,Downlands Community School,http://downlands.w-sussex.sch.uk/,Hassocks,BN6 8LP,South East,no
145925,938,West Sussex,Downsbrook Primary School,www.downsbrook.org,Worthing,BN14 8GD,South East,no
140048,938,West Sussex,Downview Primary School,www.downviewprimary.co.uk,Bognor Regis,PO22 8ER,South East,no
140713,938,West Sussex,Durrington High School,https://www.durringtonhighschool.co.uk,Worthing,BN13 1JX,South East,no
125919,938,West Sussex,East Preston Infant School,www.epinf.co.uk,Littlehampton,BN16 1EZ,South East,no
144244,938,West Sussex,East Preston Junior School,http://www.epjs.co.uk,Littlehampton,BN16 1EZ,South East,no
125829,938,West Sussex,East Wittering Community Primary School,https://eastwitteringprimary.co.uk/,Chichester,PO20 8NH,South East,no
139674,938,West Sussex,Eastbrook Primary Academy,www.eastbrook.w-sussex.sch.uk,Brighton,BN42 4NF,South East,no
137980,938,West Sussex,Edward Bryant School,http://www.edwardbryantschool.co.uk/,Bognor Regis,PO21 1BG,South East,no
125863,938,West Sussex,"Elm Grove Primary School, Worthing",http://www.elmgrove.org.uk/,Worthing,BN11 5LQ,South East,no
126051,938,West Sussex,"English Martyrs Catholic Primary School, Worthing",www.englishmartyrs.w-sussex.sch.uk/,Worthing,BN12 6LA,South East,no
125945,938,West Sussex,Estcots Primary School,www.estcots.co.uk,East Grinstead,RH19 3TY,South East,no
125943,938,West Sussex,"Fairway Infant School, Copthorne",https://www.fairwayinfant.co.uk,Crawley,RH10 3QD,South East,no
141266,938,West Sussex,Fernhurst Primary School,http://www.fernhurst.w-sussex.sch.uk/,Haslemere,GU27 3EA,South East,no
150592,938,West Sussex,Fishbourne CofE Primary School,http://www.fishbourneprimary.co.uk,Chichester,PO19 3QS,South East,no
125984,938,West Sussex,Fittleworth CofE Village School,www.fittleworthschool.org.uk/,Fittleworth,RH20 1JB,South East,no
126163,938,West Sussex,"Fordwater School, Chichester",http://www.fordwatersch.co.uk,Chichester,PO19 6PP,South East,no
140651,938,West Sussex,Forge Wood Primary School,www.forgewoodschool.org,Crawley,RH10 3SW,South East,no
125830,938,West Sussex,Funtington Primary School,http://www.funtington.w-sussex.sch.uk,Chichester,PO18 8DR,South East,no
150066,938,West Sussex,Glebe Primary School,http://www.glebeprimary.co.uk/,Brighton,BN42 4GB,South East,no
143635,938,West Sussex,Gossops Green Primary,www.gossopsgreen.org.uk,Crawley,RH11 8HW,South East,no
148396,938,West Sussex,Graffham Church of England Infant School (Voluntary Controlled),http://www.graffhamandduncton.w-sussex.sch.uk/,Petworth,GU28 0NJ,South East,no
138492,938,West Sussex,Greenway Junior School,www.greenwayacademy.co.uk,Horsham,RH12 2JS,South East,no
141265,938,West Sussex,Halsford Park Primary School,www.halsfordparkprimaryschool.co.uk/,East Grinstead,RH19 1LR,South East,no
125932,938,West Sussex,Handcross Primary School,www.handcrossprimary.uk/,Haywards Heath,RH17 6HB,South East,no
140723,938,West Sussex,Harlands Primary School,www.harlandsprimaryschool.org,Haywards Heath,RH16 1PJ,South East,no
125933,938,West Sussex,Hassocks Infant School,http://www.hassocks.w-sussex.sch.uk,Hassocks,BN6 8EY,South East,no
150286,938,West Sussex,Hawthorns Primary School,,Worthing,BN13 3EZ,South East,no
137263,938,West Sussex,Hazelwick School,http://www.hazelwick.org,Crawley,RH10 1SX,South East,no
149713,938,West Sussex,Heene CofE Primary School,,Worthing,BN11 4BB,South East,no
125887,938,West Sussex,Heron Way Primary School,www.heronway.w-sussex.sch.uk/,Horsham,RH13 6DJ,South East,no
126169,938,West Sussex,Herons Dale School,http://www.heronsdale.co.uk/,Shoreham-by-Sea,BN43 6TN,South East,no
138648,938,West Sussex,Hilltop Primary School,www.hilltop-tkat.org,Crawley,RH11 8QL,South East,no
125965,938,West Sussex,Holbrook Primary School,www.holbrookschool.co.uk/,Horsham,RH12 5PP,South East,no
125832,938,West Sussex,Hollycombe Primary School,http://www.hollycombeprimary.org.uk,Liphook,GU30 7LY,South East,no
141906,938,West Sussex,Holmbush Primary Academy,www.holmbushprimaryacademy.org.uk,Shoreham-by-Sea,BN43 6TN,South East,no
150946,938,West Sussex,"Holy Trinity Church of England Primary School, Cuckfield",http://www.holytrinity-cuckfield.w-sussex.sch.uk,Haywards Heath,RH17 5BQ,South East,no
126098,938,West Sussex,"Holy Trinity CofE Secondary School, Crawley",http://www.holytrinity.w-sussex.sch.uk/,Crawley,RH11 8JE,South East,no
125809,938,West Sussex,Horsham Nursery School,https://www.horshamnursery.co.uk,Horsham,RH13 5UT,South East,no
126071,938,West Sussex,Ifield Community College,http://www.ifieldcc.w-sussex.sch.uk/,Crawley,RH11 0DB,South East,no
126088,938,West Sussex,Imberhorne School,http://www.imberhorne.co.uk,East Grinstead,RH19 1QY,South East,no
125880,938,West Sussex,Jessie Younghusband Primary School,http://jys.org.uk,Chichester,PO19 5PA,South East,no
147193,938,West Sussex,Kilnwood Vale Primary School,www.kilnwoodvaleschool.org,Horsham,RH12 0BZ,South East,no
141181,938,West Sussex,Kingsham Primary School,www.kingshamprimary.org.uk,Chichester,PO19 8BN,South East,no
134776,938,West Sussex,Kingslea Primary School,www.kingslea.w-sussex.sch.uk/,Horsham,RH13 5PS,South East,no
133967,938,West Sussex,Langley Green Primary,www.langleygreenprimary.co.uk/,Crawley,RH11 7PF,South East,no
150158,938,West Sussex,Lavant Primary School,http://www.lavant.w-sussex.sch.uk,Chichester,PO18 0BW,South East,no
125918,938,West Sussex,Leechpool Primary School,http://www.leechpoolprimaryschool.co.uk,Horsham,RH13 6AG,South East,no
142291,938,West Sussex,Lindfield Primary Academy,lindfieldprimaryacademy.org.uk,Haywards Heath,RH16 2DX,South East,no
146274,938,West Sussex,Littlegreen Academy,https://littlegreenacademy.info/,Chichester,PO18 9NW,South East,no
125837,938,West Sussex,Littlehaven Infant School,http://www.littlehaven.w-sussex.sch.uk/,Horsham,RH12 4EH,South East,no
125931,938,West Sussex,London Meed Community Primary School,http://www.londonmeedprimary.co.uk,Burgess Hill,RH15 9YQ,South East,no
125845,938,West Sussex,Loxwood Primary School,www.loxwoodschool.com,Billingshurst,RH14 0SR,South East,no
125927,938,West Sussex,Lyminster Primary School,http://www.lyminster.w-sussex.sch.uk,Littlehampton,BN17 7JZ,South East,no
125962,938,West Sussex,Maidenbower Infant School and Nursery,http://www.maidenbowerinfantschool.org.uk,Crawley,RH10 7RA,South East,no
126157,938,West Sussex,Manor Green College,http://www.manorgreen-college.w-sussex.sch.uk,Crawley,RH11 0DX,South East,no
126162,938,West Sussex,Manor Green Primary School,http://www.mgprimary.co.uk,Crawley,RH11 0DU,South East,no
137370,938,West Sussex,Medmerry Primary School,www.medmerryschool.co.uk,Chichester,PO20 0QJ,South East,no
135760,938,West Sussex,Midhurst Rother College,http://www.mrc-academy.org/,Midhurst,GU29 9DT,South East,no
126066,938,West Sussex,Millais School,http://www.millais.org.uk,Horsham,RH13 5HR,South East,no
147936,938,West Sussex,Milton Mount Primary School,http://www.miltonmount.co.uk,Crawley,RH10 3AG,South East,no
125841,938,West Sussex,North Lancing Primary School,http://www.northlancing.w-sussex.sch.uk,Lancing,BN15 0PT,South East,no
125847,938,West Sussex,North Mundham Primary School,http://www.northmundham.w-sussex.sch.uk,Chichester,PO20 1LA,South East,no
125846,938,West Sussex,Northchapel Community Primary School,www.northchapel.w-sussex.sch.uk/,Petworth,GU28 9JA,South East,no
133973,938,West Sussex,Northgate Primary School,http://www.northgate.w-sussex.sch.uk,Crawley,RH10 8DX,South East,no
144453,938,West Sussex,Northlands Wood Primary Academy,www.northlandswood.co.uk,Haywards Heath,RH16 3RX,South East,no
125836,938,West Sussex,"Northolmes Junior School, Horsham",www.northolmes.w-sussex.sch.uk/,Horsham,RH12 4ET,South East,no
126021,938,West Sussex,Nyewood CofE Junior School,http://www.nyewood-jun.w-sussex.sch.uk/,Bognor Regis,PO21 5NW,South East,no
126161,938,West Sussex,Oak Grove College,oakgrovecollege.org.uk,Worthing,BN13 1JX,South East,no
150711,938,West Sussex,Oak Tree Primary School,https://oaktreeprimary.co.uk/,Burgess Hill,RH15 0PZ,South East,no
150365,938,West Sussex,Orchards Infant School,,Worthing,BN12 6EN,South East,no
142381,938,West Sussex,Orchards Junior School,http://www.orchardsjunior.school,Worthing,BN12 6EN,South East,no
140199,938,West Sussex,Ormiston Six Villages Academy,http://www.ormistonsixvillagesacademy.co.uk/,Chichester,PO20 3UE,South East,no
149294,938,West Sussex,Our Lady Queen of Heaven Catholic Primary School,http://www.olqoh.com,Crawley,RH11 7PZ,South East,no
126159,938,West Sussex,Palatine Primary School,http://www.palatineschool.org,Worthing,BN12 6JP,South East,no
125921,938,West Sussex,Parklands Community Primary School,http://www.parklands.w-sussex.sch.uk/,Chichester,PO19 3AG,South East,no
125848,938,West Sussex,Plaistow and Kirdford Primary School,www.plaistowandkirdford.org,Billingshurst,RH14 0PX,South East,no
138402,938,West Sussex,Portfield Primary Academy,http://www.portfield-tkat.org,West Sussex,PO19 7HA,South East,no
142290,938,West Sussex,Pound Hill Infant Academy,www.poundhillinfantacademy.org.uk,Crawley,RH10 7EB,South East,no
125905,938,West Sussex,"Pound Hill Junior School, Crawley",http://www.poundhilljunior.org.uk,Crawley,RH10 7EB,South East,no
126160,938,West Sussex,"Queen Elizabeth II Silver Jubilee School, Horsham",www.queenelizabeth2.w-sussex.sch.uk,Horsham,RH13 5NW,South East,no
125989,938,West Sussex,Rake CofE Primary School,https://www.dvsf.school/Rake-CE-Primary/,Liss,GU33 7JH,South East,no
140089,938,West Sussex,River Beach Primary School,www.riverbeach.w-sussex.sch.uk/,Littlehampton,BN17 6EW,South East,no
125991,938,West Sussex,Rogate CofE Primary School,http://www.rogate.w-sussex.sch.uk/,Petersfield,GU31 5HH,South East,no
125928,938,West Sussex,Rose Green Infant School,http://www.rosegreeninfant.school,Bognor Regis,PO21 3LW,South East,no
141600,938,West Sussex,Rose Green Junior School,www.rosegreenjunior.co.uk,Bognor Regis,PO21 3NA,South East,no
125849,938,West Sussex,Rudgwick Primary School,https://www.rudgwick.w-sussex.sch.uk/,Horsham,RH12 3HW,South East,no
148184,938,West Sussex,Rumboldswhyke CofE Primary School,www.rumboldswhyke.org.uk,Chichester,PO19 7UA,South East,no
150703,938,West Sussex,Rusper Primary School,,Horsham,RH12 4PR,South East,no
139478,938,West Sussex,Rustington Community Primary School,www.rustington.academy,Littlehampton,BN16 3PW,South East,no
126089,938,West Sussex,Sackville School,http://www.sackville.w-sussex.sch.uk/,East Grinstead,RH19 3TY,South East,no
138071,938,West Sussex,Seal Primary Academy,www.seal-tkat.org,Selsey,PO20 0BN,South East,no
143387,938,West Sussex,Seaside Primary School,www.seaside.w-sussex.sch.uk/,Lancing,BN15 8DL,South East,no
138645,938,West Sussex,Seymour Primary School,www.seymour-tkat.org,Crawley,RH11 9ES,South East,no
135962,938,West Sussex,Shoreham Academy,http://www.shoreham-academy.org,Shoreham-by-Sea,BN43 6YT,South East,no
125885,938,West Sussex,Shoreham Beach Primary School,http://www.shorehambeachprimary.com,Shoreham-by-Sea,BN43 5RH,South East,no
125853,938,West Sussex,Sidlesham Primary School,www.sidleshamprimaryschool.co.uk,Chichester,PO20 7NL,South East,no
125993,938,West Sussex,Singleton CofE Primary School,http://www.singleton.w-sussex.sch.uk,Singleton,PO18 0HP,South East,no
125995,938,West Sussex,Slinfold CofE Primary School and Pre School,http://www.slinfold.w-sussex.sch.uk,Horsham,RH13 0RR,South East,no
134896,938,West Sussex,Sompting Village Primary School,http://www.somptingvillageprimary.co.uk/,Lancing,BN15 0BU,South East,no
125875,938,West Sussex,Southbourne Infant School,www.southbourneinfants.co.uk,Emsworth,PO10 8JX,South East,no
125878,938,West Sussex,Southbourne Junior School,http://www.southbournejuniors.co.uk,Emsworth,PO10 8JX,South East,no
144599,938,West Sussex,Southgate Primary,www.southgateprimary.co.uk,Crawley,RH10 6DG,South East,no
136866,938,West Sussex,Southwater Infant Academy,http://www.southwaterinfantacademy.co.uk,Horsham,RH13 9JH,South East,no
136865,938,West Sussex,Southwater Junior Academy,www.southwaterjunioracademy.co.uk/,Horsham,RH13 9JH,South East,no
125941,938,West Sussex,Southway Junior School,www.southwayjunior.co.uk,Burgess Hill,RH15 9SU,South East,no
138413,938,West Sussex,Southway Primary School,www.southwayprimary.co.uk,Bognor Regis,PO21 5EZ,South East,no
126094,938,West Sussex,St Andrew's CofE High School,http://www.sta-worthing.com,Worthing,BN14 8BG,South East,no
126155,938,West Sussex,St Anthony's School,http://www.st-ants.org,Chichester,PO19 5PA,South East,no
126009,938,West Sussex,St Augustine's CofE Primary School,http://www.st-augustines.w-sussex.sch.uk,Haywards Heath,RH17 7PB,South East,no
151256,938,West Sussex,"St Catherine's Catholic Primary School, Littlehampton",http://www.st-catherines.w-sussex.sch.uk,Littlehampton,BN17 6HL,South East,no
126046,938,West Sussex,"St Francis of Assisi Catholic Primary School, Crawley",http://www.stfranciscrawley.org,Crawley,RH10 6HD,South East,no
147937,938,West Sussex,St Joseph's Catholic Primary School,http://www.stjosephshh.org.uk,Haywards Heath,RH16 3PQ,South East,no
139879,938,West Sussex,St Lawrence CofE Primary School,http://www.stlawrencehurst.co.uk,Hassocks,BN6 9UY,South East,no
151192,938,West Sussex,St Margaret's Church of England Primary School,www.st-margaretsifield.w-sussex.sch.uk/,Crawley,RH11 0AQ,South East,no
126018,938,West Sussex,St Margaret's CofE Primary School,www.stmargaretsprimary.org.uk,Littlehampton,BN16 4LP,South East,no
144401,938,West Sussex,St Mary's Catholic Primary School,www.stmarysworthing.org.uk,Worthing,BN11 4BD,South East,no
125999,938,West Sussex,St Mary's CofE Primary School,www.stmaryswashington.co.uk/,Pulborough,RH20 4AP,South East,no
126024,938,West Sussex,St Mary's CofE Primary School,www.stmarysclymping.org.uk/,Littlehampton,BN17 5QU,South East,no
126055,938,West Sussex,"St Mary's CofE Primary School, East Grinstead",http://www.stmaryseg.co.uk/,East Grinstead,RH19 2DS,South East,no
149006,938,West Sussex,St Nicolas & St Mary CofE Primary School,www.stnicolasmary.w-sussex.sch.uk,Shoreham-by-Sea,BN43 6PE,South East,no
126096,938,West Sussex,St Oscar Romero Catholic School,http://www.stromeros.co.uk,Worthing,BN12 5AF,South East,no
148753,938,West Sussex,St Paul's Catholic College,http://www.stpaulscatholiccollege.co.uk,Burgess Hill,RH15 8GA,South East,no
126060,938,West Sussex,St Peter's Catholic Primary School,www.stpeterseastgrinstead.co.uk/,East Grinstead,RH19 1JB,South East,no
149293,938,West Sussex,St Peter's Catholic Primary School,http://www.stpeterscatholicprimary.com,Shoreham-by-Sea,BN43 6PJ,South East,no
150680,938,West Sussex,St Peter's CofE Primary School,http://www.stpetershenfield.org.uk,Henfield,BN5 9PU,South East,no
144243,938,West Sussex,St Philip Howard Catholic School,http://www.sphcs.co.uk,Bognor Regis,PO22 0EN,South East,no
150402,938,West Sussex,"St Robert Southwell Catholic Primary School, Horsham",www.strobertsouthwellhorsham.co.uk,Horsham,RH12 4LP,South East,no
126095,938,West Sussex,"St Wilfrid's Catholic Comprehensive School, Crawley",http://stwilfrids.com/,Crawley,RH11 8PG,South East,no
150983,938,West Sussex,St Wilfrid's Catholic Primary School,http://www.st-wilfrids-burgesshill.w-sussex.sch.uk,Burgess Hill,RH15 9RJ,South East,no
149129,938,West Sussex,St Wilfrid's CofE Primary School,http://www.stwilfrids-hh.school,Haywards Heath,RH16 3NL,South East,no
149292,938,West Sussex,St Wilfrids Catholic Primary School,http://www.stwilfridsangmering.co.uk,Littlehampton,BN16 4JR,South East,no
143553,938,West Sussex,St. Joseph's CofE Junior School,www.stjosephscejunior.school,Chichester,PO19 1DQ,South East,no
148286,938,West Sussex,St. Joseph's Infant School,https://www.stjosephsinfant.school/,Chichester,PO19 1DQ,South East,no
125854,938,West Sussex,Stedham Primary School,http://www.stedham.w-sussex.sch.uk,Midhurst,GU29 0NY,South East,no
148221,938,West Sussex,Steyning Grammar School,http://www.sgs.uk.net/,Steyning,BN44 3RX,South East,no
125874,938,West Sussex,Storrington Primary School,www.storringtonprimary.co.uk,Pulborough,RH20 4PG,South East,no
150513,938,West Sussex,Summerlea Community Primary School,,Littlehampton,BN16 3SW,South East,no
125914,938,West Sussex,Swiss Gardens Primary School,www.swissgardens.w-sussex.sch.uk/,Shoreham-by-Sea,BN43 5WH,South East,no
138049,938,West Sussex,Tangmere Primary Academy,www.tangmere-tkat.org/,Chichester,PO20 2JB,South East,no
125856,938,West Sussex,Thakeham Primary School,http://www.thakehamps.co.uk,Pulborough,RH20 3AA,South East,no
137096,938,West Sussex,"The Academy, Selsey",www.tas-tkat.org,Chichester,PO20 9EH,South East,no
138050,938,West Sussex,The Bewbush Academy,www.bewbush-tkat.org/,Crawley,RH11 8XW,South East,no
142089,938,West Sussex,The Burgess Hill Academy,www.theburgesshillacademy.org.uk,Burgess Hill,RH15 9EA,South East,no
126065,938,West Sussex,The Forest School,http://www.theforestschool.com/,Horsham,RH13 5NT,South East,no
125940,938,West Sussex,The Gattons Infant School,http://www.thegattons.co.uk,Burgess Hill,RH15 9SL,South East,no
141038,938,West Sussex,The Gatwick School,https://www.thegatwickschool.org.uk/,Crawley,RH10 9TP,South East,no
141348,938,West Sussex,The Globe Primary Academy,www.theglobeprimary.co.uk,Lancing,BN15 9NZ,South East,no
143386,938,West Sussex,"The Laurels Primary School, Worthing",http://www.laurelsprimary.co.uk,Worthing,BN13 3QH,South East,no
135745,938,West Sussex,The Littlehampton Academy,http://www.tla.woodard.co.uk/,Littlehampton,BN17 6FE,South East,no
146448,938,West Sussex,The March CofE Primary School,http://www.march.w-sussex.sch.uk/,Chichester,PO18 0NU,South East,no
139958,938,West Sussex,The Mill Primary Academy,www.themill-tkat.org,Crawley,RH11 0EL,South East,no
138618,938,West Sussex,The Oaks Primary School & Nursery,www.oaks-tkat.org,Crawley,RH10 5DP,South East,no
137782,938,West Sussex,The Regis School,http://www.theregisschool.co.uk,West Sussex,PO21 5LH,South East,no
135744,938,West Sussex,The Sir Robert Woodard Academy,www.srwa.woodard.co.uk,Sompting,BN15 9QZ,South East,no
125939,938,West Sussex,The Windmills Junior School,http://www.windmills.w-sussex.sch.uk,Hassocks,BN6 8LS,South East,no
125955,938,West Sussex,Thomas A Becket Junior School,https://tabjunior.org.uk,Worthing,BN14 7PR,South East,no
138620,938,West Sussex,Thomas Bennett Community College,http://thomasbennett-tkat.org.uk/,Crawley,RH10 5AD,South East,no
125868,938,West Sussex,Thorney Island Community Primary School,http://www.thorneyisland.w-sussex.sch.uk,Emsworth,PO10 8DJ,South East,no
125901,938,West Sussex,Three Bridges Primary School,www.threebridgesprimaryschool.co.uk,Crawley,RH10 1QG,South East,no
125835,938,West Sussex,Trafalgar Community Infant School,www.trafalgarinfant.com/,Horsham,RH12 2JF,South East,no
126011,938,West Sussex,Twineham CofE Primary School,http://www.twineham.eschools.co.uk,Haywards Heath,RH17 5NR,South East,no
125857,938,West Sussex,Upper Beeding Primary School,https://www.upperbeeding.w-sussex.sch.uk/web,Steyning,BN44 3HY,South East,no
125865,938,West Sussex,"Vale School, Worthing",https://www.valeschool.org/,Worthing,BN14 0DB,South East,no
137211,938,West Sussex,Warden Park Primary Academy,www.wardenparkprimary.co.uk/,Haywards Heath,RH16 3JR,South East,no
137416,938,West Sussex,Warden Park Secondary Academy,http://www.wardenpark.co.uk,Haywards Heath,RH17 5DP,South East,no
145544,938,West Sussex,Waterfield Primary School,www.waterfieldprimary.co.uk,Crawley,RH11 8RA,South East,no
125859,938,West Sussex,West Chiltington Community Primary School,http://www.westchiltschool.com,Pulborough,RH20 2JY,South East,no
125826,938,West Sussex,West Green Primary School,www.westgreenprimary.com,Crawley,RH11 7EL,South East,no
131182,938,West Sussex,West Sussex Alternative Provision College,www.apcollege.co.uk,Burgess Hill,RH15 8RE,South East,no
140794,938,West Sussex,White Meadows Primary Academy,www.whitemeadows.w-sussex.sch.uk/,Littlehampton,BN17 7JL,South East,no
148719,938,West Sussex,Whytemead Primary School,http://www.whytemead.w-sussex.sch.uk,Worthing,BN14 8LH,South East,no
149522,938,West Sussex,Woodgate Primary Academy,www.woodgateprimary.school,Crawley,RH11 9GT,South East,no
136114,938,West Sussex,Woodlands Meed,http://www.woodlandsmeed.co.uk,Burgess Hill,RH15 9EY,South East,no
139109,938,West Sussex,Worthing High School,http://www.worthinghigh.net,Worthing,BN14 7AR,South East,no
126001,938,West Sussex,Yapton CE Primary School,www.yaptonschool.org,Arundel,BN18 0DU,South East,no
125816,938,West Sussex,Aldingbourne Primary School,http://www.aldingbourneprimaryschool.co.uk,Chichester,PO20 3QR,South East,yes
125970,938,West Sussex,Amberley CofE Primary School,http://www.amberleyschool.com,Arundel,BN18 9NB,South East,yes
126019,938,West Sussex,Arundel CofE Primary School,www.arundelchurchofenglandschool.org.uk/,Arundel,BN18 9HT,South East,yes
125944,938,West Sussex,"Birchwood Grove Community Primary School, Burgess Hill",http://www.birchwoodgrove.org.uk,Burgess Hill,RH15 0DP,South East,yes
125972,938,West Sussex,Birdham CE Primary School,www.birdhamprimary.co.uk,Chichester,PO20 7HB,South East,yes
125807,938,West Sussex,Bognor Regis Nursery School,www.brns.org,Bognor Regis,PO21 2TB,South East,yes
125819,938,West Sussex,Bosham Primary School,http://www.boshamprimary.co.uk,Chichester,PO18 8QF,South East,yes
125974,938,West Sussex,Boxgrove CofE Primary School,http://www.boxgrove.w-sussex.sch.uk,Chichester,PO18 0EE,South East,yes
126033,938,West Sussex,Broadwater CofE Primary School,http://www.broadwater.w-sussex.sch.uk,Worthing,BN14 7TQ,South East,yes
131602,938,West Sussex,Brook Infant School and Nursery,http://www.brookinfant.school,Crawley,RH10 7JE,South East,yes
134791,938,West Sussex,Buckingham Park Primary School,www.buckinghamparkschool.co.uk,Shoreham-by-Sea,BN43 5UD,South East,yes
125821,938,West Sussex,Camelsdale Primary School,http://www.camelsdale.w-sussex.sch.uk,Haslemere,GU27 3RN,South East,yes
131130,938,West Sussex,Castlewood Primary School,http://www.castlewood.w-sussex.sch.uk,Horsham,RH13 9US,South East,yes
125976,938,West Sussex,Chidham Parochial Primary School,www.chidhamschool.org.uk/,Chichester,PO18 8TH,South East,yes
125980,938,West Sussex,Duncton CofE Junior School,www.graffhamandduncton.w-sussex.sch.uk/,Petworth,GU28 0LB,South East,yes
125862,938,West Sussex,Durrington Infant School,www.durringtoninfantjunior.co.uk,Worthing,BN13 2JD,South East,yes
125952,938,West Sussex,Durrington Junior School,www.durringtoninfantjunior.co.uk,Worthing,BN13 2JD,South East,yes
126003,938,West Sussex,Easebourne CofE Primary School,http://www.easebourne.w-sussex.sch.uk,Midhurst,GU29 9AG,South East,yes
125981,938,West Sussex,Eastergate CofE Primary School,http://www.eastergateprimaryschool.uk,Chichester,PO20 3UT,South East,yes
126080,938,West Sussex,Felpham Community College,www.felpham.com,Bognor Regis,PO22 8EL,South East,yes
125982,938,West Sussex,Ferring C of E Primary School,www.ferring.w-sussex.sch.uk,Worthing,BN12 5DU,South East,yes
125959,938,West Sussex,Georgian Gardens Community Primary School,http://www.georgiangardens.w-sussex.sch.uk/,Littlehampton,BN16 3JJ,South East,yes
126045,938,West Sussex,Goring-By-Sea CofE (Aided) Primary School,http://www.goringprimary.org,Worthing,BN12 4RN,South East,yes
126017,938,West Sussex,Harting CofE Primary School,http://www.harting.w-sussex.sch.uk/,South Harting,GU31 5QT,South East,yes
125987,938,West Sussex,"Holy Trinity CofE Primary School, Lower Beeding",http://www.htlb.school,Horsham,RH13 6NS,South East,yes
125961,938,West Sussex,Homefield Primary School and SSC,www.homefield-primary.co.uk,Worthing,BN11 2AA,South East,yes
125985,938,West Sussex,Jolesfield CofE Primary School,https://jolesfield-school.co.uk/,Horsham,RH13 8JJ,South East,yes
131603,938,West Sussex,Maidenbower Junior School,www.maidenbowerjunior.co.uk/,Crawley,RH10 7RA,South East,yes
125988,938,West Sussex,Midhurst CofE Primary School,www.midhurst-primary-school.co.uk,Midhurst,GU29 9JX,South East,yes
125949,938,West Sussex,North Heath Community Primary School,www.northheathprimary.co.uk,Horsham,RH12 5XL,South East,yes
126052,938,West Sussex,"Nyewood CofE Infant School, Bognor Regis",http://www.nyewoodinf.co.uk,Bognor Regis,PO21 5NW,South East,yes
126085,938,West Sussex,Oathall Community College,http://www.oathall.org,Haywards Heath,RH16 2AQ,South East,yes
134042,938,West Sussex,Oriel High School,http://www.oriel.w-sussex.sch.uk/,Crawley,RH10 7XW,South East,yes
125990,938,West Sussex,Petworth Cof E Primary School,www.petworth.w-sussex.sch.uk/,Petworth,GU28 0EE,South East,yes
125958,938,West Sussex,Sheddingdean Community Primary School,http://www.sheddingdeanschool.org.uk,Burgess Hill,RH15 8JT,South East,yes
125820,938,West Sussex,Shelley Primary School,http://www.shelley.w-sussex.sch.uk,Horsham,RH12 3LU,South East,yes
125992,938,West Sussex,Shipley CofE Primary School,www.shipleyceprimary.com/,Horsham,RH13 8PL,South East,yes
125994,938,West Sussex,Slindon CofE Primary School,www.slindonprimary.co.uk,Arundel,BN18 0QU,South East,yes
125973,938,West Sussex,South Bersted CofE Primary School,www.southbersted.co.uk,Bognor Regis,PO22 9PZ,South East,yes
125967,938,West Sussex,Springfield Infant School and Nursery,www.springfieldschool.co.uk,Worthing,BN14 8BQ,South East,yes
126030,938,West Sussex,St Andrew's CofE Primary School,http://www.standrewsnuthurst.co.uk,Horsham,RH13 6LH,South East,yes
126047,938,West Sussex,St Andrew's CofE Primary School,https://www.st-andrews-school-crawley.co.uk,Crawley,RH10 6NU,South East,yes
126057,938,West Sussex,St Giles CofE Primary School,http://www.st-giles.w-sussex.sch.uk,Haywards Heath,RH17 7AY,South East,yes
125978,938,West Sussex,"St James' CofE Primary School, Coldwaltham",www.st-james-coldwaltham.w-sussex.sch.uk,Pulborough,RH20 1LW,South East,yes
126027,938,West Sussex,St John the Baptist CofE Primary School,www.stjbps.co.uk,Worthing,BN14 0TR,South East,yes
126039,938,West Sussex,St John's Catholic Primary School,www.stjohnshorsham.school,Horsham,RH12 1RR,South East,yes
126037,938,West Sussex,St Mary's Catholic Primary School,https://www.st-marys-bognor.co.uk,Bognor Regis,PO21 1DJ,South East,yes
126048,938,West Sussex,St Mary's Church of England Primary School,www.st-marys-pulborough.w-sussex.sch.uk/,Pulborough,RH20 2AN,South East,yes
126029,938,West Sussex,St Mary's CofE (Aided) Primary School,www.stmarysschoolhorsham.co.uk/,Horsham,RH12 1JL,South East,yes
126025,938,West Sussex,St Peter's CofE (Aided) Primary School,www.stpetersce.eschools.co.uk/,Horsham,RH13 8QZ,South East,yes
126005,938,West Sussex,St Peter's CofE Primary School,www.st-peters-sch.uk,Haywards Heath,RH17 6UQ,South East,yes
126036,938,West Sussex,"St Philip's Catholic Primary School, Arundel",http://www.stphilipsarundel.org.uk,Arundel,BN18 9BA,South East,yes
126038,938,West Sussex,St Richard's Catholic Primary School,https://www.strichardsprimary.co.uk/,Chichester,PO19 1XB,South East,yes
126015,938,West Sussex,St. Mark's CofE Primary School,http://www.st-marks.w-sussex.sch.uk,Haywards Heath,RH17 6EN,South East,yes
125996,938,West Sussex,Steyning CofE Primary School,www.steyningprimary.org.uk,Steyning,BN44 3RQ,South East,yes
126064,938,West Sussex,Tanbridge House School,http://www.tanbridge-house-sch.co.uk,Horsham,RH12 1SR,South East,yes
126081,938,West Sussex,The Angmering School,http://www.angmeringschool.co.uk/,Littlehampton,BN16 4HH,South East,yes
125964,938,West Sussex,The Meads Primary School,http://www.meads.w-sussex.sch.uk,East Grinstead,RH19 4DD,South East,yes
125954,938,West Sussex,Thomas A Becket Infant School,http://www.tabinfant.org.uk,Worthing,BN13 1JB,South East,yes
126010,938,West Sussex,Turners Hill CofE Primary School,www.turnershillschool.org.uk/,Crawley,RH10 4PA,South East,yes
125997,938,West Sussex,Walberton and Binsted CofE Primary School,www.walbertonbinsted.org.uk,Arundel,BN18 0PH,South East,yes
125998,938,West Sussex,Warnham CofE Primary School,http://www.warnhamschool.org.uk,Horsham,RH12 3RQ,South East,yes
126068,938,West Sussex,"Weald School, The",http://www.theweald.org.uk/,Billingshurst,RH14 9RY,South East,yes
126004,938,West Sussex,West Dean CofE Primary School,http://www.westdean.w-sussex.sch.uk,Chichester,PO18 0RJ,South East,yes
126012,938,West Sussex,West Hoathly CofE Primary School,www.westhoathlyschool.co.uk/,Select,RH19 4QG,South East,yes
126016,938,West Sussex,West Park CofE Primary (Controlled) School,http://www.westpark.w-sussex.sch.uk/,Worthing,BN12 4HD,South East,yes
126000,938,West Sussex,West Wittering Parochial Church of England School,www.westwitteringschool.co.uk/,Chichester,PO20 8AJ,South East,yes
125858,938,West Sussex,Westbourne Primary School,www.westbourneprimary.co.uk/,Emsworth,PO10 8TG,South East,yes
126002,938,West Sussex,William Penn School,http://www.williampenn.co.uk,Horsham,RH13 8GR,South East,yes
125860,938,West Sussex,Wisborough Green Primary School,www.wisboroughgreenschool.org.uk,Billingshurst,RH14 0EE,South East,yes
