urn,district_code,district_name,school_name,website,town,postcode,region,has_email_collected
121857,940,North Northamptonshire,Alfred Lord Tennyson School-2 Sites,http://www.alts.northants.sch.uk,Rushden,NN10 9YS,East Midlands,no
121998,940,North Northamptonshire,All Saints CEVA Primary School and Nursery,www.allsaintscevawellingborough.org.uk,Wellingborough,NN8 1LS,East Midlands,no
121951,940,North Northamptonshire,Barton Seagrave Primary School,www.bartonseagraveprimaryschool.org,Kettering,NN15 6QY,East Midlands,no
138672,940,North Northamptonshire,Beanfield Primary School,www.beanfieldprimary.org,Corby,NN18 0LJ,East Midlands,no
137086,940,North Northamptonshire,Bishop Stopford School,http://www.bishopstopford.com,Kettering,NN15 6BJ,East Midlands,no
146674,940,North Northamptonshire,Bozeat Community Primary School,www.bozeat.northants.sch.uk,Wellingborough,NN29 7LP,East Midlands,no
141632,940,North Northamptonshire,Brambleside Primary School,www.brambleside.northants.sch.uk/,Kettering,NN16 9NZ,East Midlands,no
121799,940,North Northamptonshire,Broughton Primary School,www.broughtonprimaryschool.co.uk/,Kettering,NN14 1NB,East Midlands,no
148583,940,North Northamptonshire,Chelveston Road School,https://www.chelvestonroadschool.org/,Higham Ferrers,NN10 8HN,East Midlands,no
143025,940,North Northamptonshire,Compass Primary Academy,www.compassprimary.org,Kettering,NN15 7EA,East Midlands,no
135306,940,North Northamptonshire,Corby Business Academy,www.corbybusinessacademy.org,Corby,NN17 5EB,East Midlands,no
121808,940,North Northamptonshire,Corby Old Village Primary School,www.covp.org.uk/,Corby,NN17 1UU,East Midlands,no
139827,940,North Northamptonshire,Corby Primary Academy,www.corbyprimaryacademy.org,Corby,NN18 8QA,East Midlands,no
138254,940,North Northamptonshire,Corby Technical School,www.corbytechnicalschool.org,Corby,NN17 1TD,East Midlands,no
142661,940,North Northamptonshire,Cottingham Church of England Primary School,www.cottinghamprimary.co.uk/,Market Harborough,LE16 8XB,East Midlands,no
144841,940,North Northamptonshire,Cranford CofE Primary School,www.cranford.northants.sch.uk,Kettering,NN14 4AE,East Midlands,no
133600,940,North Northamptonshire,Croyland Primary School,http://www.croylandprimary.co.uk,Wellingborough,NN8 2AX,East Midlands,no
142185,940,North Northamptonshire,Danesholme Infant Academy,www.danesholmeinfantacademy.org,Corby,NN18 9DT,East Midlands,no
142062,940,North Northamptonshire,Danesholme Junior Academy,www.danesholmejunioracademy.org,Corby,NN18 9DT,East Midlands,no
121942,940,North Northamptonshire,Denfield Park Primary School,www.denfieldparkprimary.co.uk,Rushden,NN10 0DA,East Midlands,no
121902,940,North Northamptonshire,Earls Barton Primary School,www.earlsbartonprimary.org.uk,Northampton,NN6 0ND,East Midlands,no
142400,940,North Northamptonshire,Ecton Village Primary School,www.ectonvillageacademy.org.uk,Northampton,NN6 0QF,East Midlands,no
146827,940,North Northamptonshire,Exeter A Learning Community Academy,,Corby,NN18 8DL,East Midlands,no
141899,940,North Northamptonshire,Finedon Infant School,http://www.finedon.northants.sch.uk,Wellingborough,NN9 5JG,East Midlands,no
141900,940,North Northamptonshire,Finedon Mulso Church of England Junior School,www.finedon.northants.sch.uk/,Wellingborough,NN9 5JT,East Midlands,no
139461,940,North Northamptonshire,Freemans Endowed Church of England Junior Academy,http://www.freemansendowed.org,Wellingborough,NN8 3HD,East Midlands,no
140277,940,North Northamptonshire,Friars Academy,http://www.friarsacademy.org,Wellingborough,NN8 2LA,East Midlands,no
121972,940,North Northamptonshire,Geddington Church of England Primary School,http://www.geddingtonschool.co.uk,Kettering,NN14 1BG,East Midlands,no
147256,940,North Northamptonshire,Glapthorn Church of England Primary School,www.glapthornprimaryschool.co.uk,Peterborough,PE8 5BQ,East Midlands,no
139585,940,North Northamptonshire,Grange Primary Academy,www.grangeprimaryacademy.org.uk,Kettering,NN16 0PL,East Midlands,no
141462,940,North Northamptonshire,Great Addington CofE Primary School,www.greataddingtonprimary.org.uk,Kettering,NN14 4BS,East Midlands,no
121821,940,North Northamptonshire,Great Doddington Primary,www.greatdoddingtonprimary.co.uk/,Wellingborough,NN29 7TR,East Midlands,no
140191,940,North Northamptonshire,Greenfields Primary School and Nursery,http://www.greenfields-pri.co.uk/,Kettering,NN15 6HY,East Midlands,no
121975,940,North Northamptonshire,Grendon Church of England Primary School,www.grendonprimary.net/,Northampton,NN7 1JW,East Midlands,no
138761,940,North Northamptonshire,Gretton Primary Academy,www.grettonprimary.org,Corby,NN17 3DB,East Midlands,no
144318,940,North Northamptonshire,Hall Meadow Primary School,www.hallmeadow.org,Kettering,NN15 7RP,East Midlands,no
140051,940,North Northamptonshire,Havelock Infant School,www.havelockschools.org.uk,Kettering,NN14 2LU,East Midlands,no
140054,940,North Northamptonshire,Havelock Junior School,www.havelockschools.org.uk,Kettering,NN14 2LU,East Midlands,no
146905,940,North Northamptonshire,Hawthorn Community Primary School,www.hawthornprimarykettering.co.uk,Kettering,NN15 7HT,East Midlands,no
142113,940,North Northamptonshire,Hayfield Cross CofE School,www.hayfieldcross.org.uk,Kettering,NN15 5FJ,East Midlands,no
141982,940,North Northamptonshire,Hazel Leys Academy,www.hazelleysacademy.org,Corby,NN18 0QF,East Midlands,no
133552,940,North Northamptonshire,Henry Chichele Primary School,www.henrychichele.northants.sch.uk,Higham Ferrers,NN10 8NQ,East Midlands,no
151278,940,North Northamptonshire,Higham Ferrers Junior School,www.highamferrersjunior.co.uk/,Rushden,NN10 8ED,East Midlands,no
151246,940,North Northamptonshire,Higham Ferrers Nursery and Infant School,www.highamferrers-inf.northants.sch.uk/,Rushden,NN10 8BQ,East Midlands,no
149433,940,North Northamptonshire,Huxlow Academy,https://www.huxlow.northants.sch.uk/,Irthlingborough,NN9 5TY,East Midlands,no
146482,940,North Northamptonshire,Irchester Community Primary School,www.irchesterprimary.co.uk,Wellingborough,NN29 7AZ,East Midlands,no
141910,940,North Northamptonshire,Irthlingborough Junior School,http://www.irthlingborough-jun.northants.sch.uk,Wellingborough,NN9 5TX,East Midlands,no
141909,940,North Northamptonshire,Irthlingborough Nursery and Infant School,www.irthlingborough-inf.northants.sch.uk/,Wellingborough,NN9 5TT,East Midlands,no
141791,940,North Northamptonshire,Isebrook School,www.isebrooksen.co.uk,Kettering,NN15 6PT,East Midlands,no
144858,940,North Northamptonshire,Isham Church of England Primary School,,Kettering,NN14 1HD,East Midlands,no
144176,940,North Northamptonshire,Kettering Park Infant Academy,https://ketteringparkinfantacademy.co.uk,Kettering,NN16 9RU,East Midlands,no
144393,940,North Northamptonshire,Kettering Park Junior Academy,www.ketteringparkjunior.com,Kettering,NN16 9SE,East Midlands,no
135967,940,North Northamptonshire,Kettering Science Academy,www.ketteringscienceacademy.org,Kettering,NN15 7AA,East Midlands,no
122012,940,North Northamptonshire,Kings Cliffe Endowed Primary School,www.kingscliffeschool.co.uk/,Peterborough,PE8 6XS,East Midlands,no
137875,940,North Northamptonshire,Kingsley Special Academy,www.kingsleyspecialacademy.co.uk,Kettering,NN15 5DP,East Midlands,no
139325,940,North Northamptonshire,Kingswood Primary Academy,www.kingswoodprimaryacademy.org/,Corby,NN18 9BE,East Midlands,no
139957,940,North Northamptonshire,Kingswood Secondary Academy,www.kingswoodsecondaryacademy.org,Corby,NN18 9NS,East Midlands,no
146528,940,North Northamptonshire,Little Harrowden Community Primary School,www.littleharrowdenprimary.net,Wellingborough,NN9 5BN,East Midlands,no
135283,940,North Northamptonshire,Little Stanion Primary School,www.littlestanionprimary.co.uk/,Corby,NN18 8TD,East Midlands,no
140059,940,North Northamptonshire,Loatlands Primary School,http://www.loatlandsprimary.net,Kettering,NN14 2NJ,East Midlands,no
141461,940,North Northamptonshire,Loddington CofE (VA) Primary School,www.loddingtonschool.org.uk/,Kettering,NN14 1LA,East Midlands,no
139060,940,North Northamptonshire,Lodge Park Academy,www.lodgeparkacademy.co.uk,Corby,NN17 2JH,East Midlands,no
137613,940,North Northamptonshire,Manor School,http://www.manor.school,Wellingborough,NN9 6PA,East Midlands,no
138634,940,North Northamptonshire,Maplefields Academy,http://www.maplefieldsacademy.co.uk/,Corby,NN18 0TH,East Midlands,no
134211,940,North Northamptonshire,Mawsley Primary School,www.mawsleyschool.co.uk/,Kettering,NN14 1GZ,East Midlands,no
121901,940,North Northamptonshire,Meadowside Primary School,www.meadowsideprimary.org/,Kettering,NN15 5QY,East Midlands,no
143950,940,North Northamptonshire,Mears Ashby Church of England Primary School,www.mearsashby.northants.sch.uk,Northampton,NN6 0DW,East Midlands,no
122108,940,North Northamptonshire,Millbrook Infant School,www.millbrookinfants.co.uk,Kettering,NN15 5BZ,East Midlands,no
122109,940,North Northamptonshire,Millbrook Junior School,www.millbrookjuniors.co.uk,Kettering,NN15 5DP,East Midlands,no
137049,940,North Northamptonshire,Montsaye Academy,http://www.montsaye.northants.sch.uk,Kettering,NN14 6BB,East Midlands,no
121847,940,North Northamptonshire,Nassington Primary School,www.nassingtonschool.org.uk/,Peterborough,PE8 6QG,East Midlands,no
146208,940,North Northamptonshire,Newton Road School,www.newtonroadschool.co.uk,Rushden,NN10 0HH,East Midlands,no
140120,940,North Northamptonshire,Oakley Vale Primary School,www.oakleyvaleprimary.org/,Corby,NN18 8RH,East Midlands,no
140853,940,North Northamptonshire,Oakway Academy,www.oakwayacademy.org.uk,Wellingborough,NN8 4SD,East Midlands,no
146415,940,North Northamptonshire,Olympic Primary,https://www.olympicprimary.net/,Wellingborough,NN8 3QA,East Midlands,no
146170,940,North Northamptonshire,Oundle Church of England Primary School,www.oundleceprimary.org,Peterborough,PE8 5HA,East Midlands,no
141633,940,North Northamptonshire,Our Lady of Walsingham Catholic Primary School,www.ourladys.co.uk/,Corby,NN17 1EE,East Midlands,no
148339,940,North Northamptonshire,Our Lady's Catholic Primary School,www.ourladyscatholic.northants.sch.uk,Wellingborough,NN8 2BE,East Midlands,no
149127,940,North Northamptonshire,"Park Junior School, Wellingborough",http://www.parkjuniorwellingborough.co.uk,Wellingborough,NN8 4PH,East Midlands,no
131232,940,North Northamptonshire,Pen Green Centre for Children and Their Families,www.pengreen.org,Corby,NN17 1BJ,East Midlands,no
148257,940,North Northamptonshire,Polebrook Church of England Primary School,www.polebrook.northants.sch.uk/,Peterborough,PE8 5LN,East Midlands,no
142063,940,North Northamptonshire,Prince William School,,Oundle,PE8 4BS,East Midlands,no
146712,940,North Northamptonshire,Priors Hall - A Learning Community,www.priorshallschool.co.uk,Corby,NN17 5EB,East Midlands,no
142270,940,North Northamptonshire,Pytchley Endowed Church of England Primary School,http://www.pytchleyceprimary.org.uk,Kettering,NN14 1EN,East Midlands,no
146865,940,North Northamptonshire,Raunds Park Infant School,http://www.raundsparkinfants.org.uk,Wellingborough,NN9 6NB,East Midlands,no
145906,940,North Northamptonshire,Red Kite Academy,www.redkitespecialacademy.co.uk,Corby,NN18 0BX,East Midlands,no
148611,940,North Northamptonshire,Redwell Primary School,https://www.redwellprimary.org.uk/,Wellingborough,NN8 5LQ,East Midlands,no
141723,940,North Northamptonshire,Ringstead Church of England Primary School,www.ringsteadprimary.net/,Kettering,NN14 4DH,East Midlands,no
139805,940,North Northamptonshire,Rockingham Primary School,www.rockinghamprimary.co.uk/,Corby,NN17 1AJ,East Midlands,no
121782,940,North Northamptonshire,Ronald Tree Nursery School,www.ronaldtreenursery.co.uk,Kettering,NN16 9PH,East Midlands,no
140073,940,North Northamptonshire,Rothwell Junior School,www.rothwellschools.org.uk,Kettering,NN14 6ER,East Midlands,no
140061,940,North Northamptonshire,Rothwell Victoria Infant School,http://www.rothwellschools.org.uk,Kettering,NN14 6HZ,East Midlands,no
131079,940,North Northamptonshire,Rowan Gate Primary School -Three Sites and Two Satellites,www.rowangateprimary.co.uk,Wellingborough,NN8 4NS,East Midlands,no
146209,940,North Northamptonshire,Rushden Academy,https://www.rushden-academy.net/,Rushden,NN10 6AG,East Midlands,no
141032,940,North Northamptonshire,Rushden Primary Academy,http://www.rushdenprimaryacademy.org/,Rushden,NN10 0YX,East Midlands,no
140074,940,North Northamptonshire,Rushton Primary School,www.rushton.school,Kettering,NN14 1RL,East Midlands,no
146414,940,North Northamptonshire,Ruskin Academy,http://www.ruskinprimary.net/,Wellingborough,NN8 3EG,East Midlands,no
148310,940,North Northamptonshire,Ruskin Infant School,https://ruskininfant.net,Wellingborough,NN8 3EG,East Midlands,no
137912,940,North Northamptonshire,Sir Christopher Hatton Academy,http://www.hattonacademy.org.uk,Wellingborough,NN8 4RP,East Midlands,no
121861,940,North Northamptonshire,South End Infant School,http://www.southendinfant.com,Rushden,NN10 9JU,East Midlands,no
121891,940,North Northamptonshire,South End Junior School,www.southendjunior.com,Rushden,NN10 9JU,East Midlands,no
136976,940,North Northamptonshire,Southfield School for Girls,http://www.southfieldsch.co.uk/,Kettering,NN15 6HE,East Midlands,no
140820,940,North Northamptonshire,St Andrew's Church of England Primary School,www.standrewsceprimary.org.uk,Kettering,NN16 9DF,East Midlands,no
141230,940,North Northamptonshire,St Barnabas Church of England School,www.st-barnabas.northants.sch.uk,Wellingborough,NN8 3HB,East Midlands,no
142064,940,North Northamptonshire,St Brendan's Catholic Primary School,https://www.stbrendansprimaryschool.co.uk,Corby,NN18 0AZ,East Midlands,no
141634,940,North Northamptonshire,St Edward's Catholic Primary School,www.st-edwards.northants.sch.uk/,Kettering,NN15 6PT,East Midlands,no
139460,940,North Northamptonshire,St Mary's Church of England Voluntary Aided Primary School,www.stmarysprimarykettering.co.uk/,Kettering,NN16 0JH,East Midlands,no
122045,940,North Northamptonshire,"St Patrick's Catholic Primary School, Corby",http://www.stpatricksprimaryschool.com,Corby,NN18 9NT,East Midlands,no
140030,940,North Northamptonshire,St Peter's Church of England Academy,www.stpetersschoolraunds.co.uk,Wellingborough,NN9 6PA,East Midlands,no
141635,940,North Northamptonshire,St Thomas More Catholic Primary School,www.stthomasmorekettering.com,Kettering,NN15 7JZ,East Midlands,no
146566,940,North Northamptonshire,St. Marys CofE Primary School,stmaryscebl.info,Kettering,NN15 5RL,East Midlands,no
122112,940,North Northamptonshire,Stanion Church of England (Aided) Primary School,www.stanionprimary.co.uk,Kettering,NN14 1BY,East Midlands,no
149074,940,North Northamptonshire,Stanton Cross Primary School,https://www.stantoncrossprimary.co.uk,Wellingborough,NN8 1GN,East Midlands,no
143076,940,North Northamptonshire,Stanwick Primary School,http://www.stanwick.northants.sch.uk,Wellingborough,NN9 6PS,East Midlands,no
145824,940,North Northamptonshire,Studfall Infant Academy,www.studfallinfantacademy.org,Corby,NN17 2BP,East Midlands,no
145823,940,North Northamptonshire,Studfall Junior Academy,www.studfalljunioracademy.org,Corby,NN17 2BT,East Midlands,no
148312,940,North Northamptonshire,Sywell Church of England Primary School,http://www.sywellceprimaryschool.org.uk,Northampton,NN6 0AW,East Midlands,no
121871,940,North Northamptonshire,The Avenue Infant School,www.theavenueinfantschool.co.uk,Wellingborough,NN8 4ET,East Midlands,no
139988,940,North Northamptonshire,The Ferrers School,http://www.theferrers.org,Rushden,NN10 8LF,East Midlands,no
122066,940,North Northamptonshire,The Latimer Arts College,http://www.latimer.org.uk,Kettering,NN15 6SW,East Midlands,no
149988,940,North Northamptonshire,Thrapston Primary School,http://www.thrapston-primary.northants.sch.uk,Kettering,NN14 4JU,East Midlands,no
121994,940,North Northamptonshire,Titchmarsh Church of England Primary School,www.titchmarshprimaryschool.com/,Kettering,NN14 3DR,East Midlands,no
146694,940,North Northamptonshire,Trinity Church of England Primary School,http://www.trinityprimary.org.uk,Kettering,NN14 3EL,East Midlands,no
140193,940,North Northamptonshire,Victoria Primary Academy,www.victoria-pri.northants.sch.uk/,Wellingborough,NN8 4NT,East Midlands,no
121865,940,North Northamptonshire,Warmington School,www.warmingtonschool.net,Peterborough,PE8 6TA,East Midlands,no
146413,940,North Northamptonshire,Warwick Academy,https://www.warwickacademy.org/,Wellingborough,NN8 2PS,East Midlands,no
139819,940,North Northamptonshire,Weavers Academy,http://www.weaversacademy.org.uk/,Wellingborough,NN8 3JH,East Midlands,no
142651,940,North Northamptonshire,Weldon Church of England Primary School,www.weldonceprimary.co.uk,Corby,NN17 3HP,East Midlands,no
149775,940,North Northamptonshire,Weldon Village Academy,https://www.weldonva.org/,Corby,NN17 3GE,East Midlands,no
151247,940,North Northamptonshire,Whitefriars Primary School,www.whitefriarsprimary.co.uk,Rushden,NN10 9HX,East Midlands,no
140094,940,North Northamptonshire,Wilbarston Church of England Primary School,www.wilbarston.northants.sch.uk/,Market Harborough,LE16 8QN,East Midlands,no
122033,940,North Northamptonshire,Wilby Church of England Primary School,http://www.wilbyprimarynorthants.org,Wilby,NN8 2UG,East Midlands,no
139552,940,North Northamptonshire,Windmill Primary School,www.windmillprimary.co.uk/,Wellingborough,NN9 6LA,East Midlands,no
144170,940,North Northamptonshire,Wollaston Primary School,,Wellingborough,NN29 7SF,East Midlands,no
146489,940,North Northamptonshire,Wollaston School,www.wollastonschool.com,Wellingborough,NN29 7PH,East Midlands,no
146913,940,North Northamptonshire,Woodford Church of England Primary School,http://www.woodford.northants.sch.uk,Kettering,NN14 4HF,East Midlands,no
138153,940,North Northamptonshire,Woodnewton- A Learning Community,www.woodnewtonalc.com,Corby,NN17 2NU,East Midlands,no
144684,940,North Northamptonshire,Wren Spinney Community School,www.wrenspinney.co.uk,Kettering,NN15 7LB,East Midlands,no
139961,940,North Northamptonshire,Wrenn School,http://www.wrennschool.org.uk,Wellingborough,NN8 2DQ,East Midlands,no
122011,940,North Northamptonshire,Brigstock Latham's Church of England Primary School,www.brigstocklathams.co.uk,Kettering,NN14 3HD,East Midlands,yes
135317,940,North Northamptonshire,Brooke Weston Academy,http://www.brookeweston.org,Great Oakley,NN18 8LA,East Midlands,yes
121783,940,North Northamptonshire,Croyland Nursery School & Day Nursery,www.ffcnschools.com,WELLINGBOROUGH,NN8 2AX,East Midlands,yes
121784,940,North Northamptonshire,Highfield Nursery School,www.ffcnschools.com,Wellingborough,NN8 4AB,East Midlands,yes
135966,940,North Northamptonshire,Kettering Buccleuch Academy,www.kba.uk,Kettering,NN16 9NS,East Midlands,yes
