urn,district_code,district_name,school_name,website,town,postcode,region,has_email_collected
141978,943,Westmorland and Furness,Ambleside CofE Primary School,www.ambleside.cumbria.sch.uk,Ambleside,LA22 9DH,North West,no
137251,943,Westmorland and Furness,Appleby Grammar School,http://www.appleby.cumbria.sch.uk,Appleby-in-Westmorland,CA16 6XU,North West,no
112408,943,Westmorland and Furness,Appleby Primary School,www.applebyprimary.cumbria.sch.uk/,Appleby-in-Westmorland,CA16 6TX,North West,no
137686,943,Westmorland and Furness,Arnside National CofE School,http://www.arnside.cumbria.sch.uk,Carnforth,LA5 0DW,North West,no
112267,943,Westmorland and Furness,Asby Endowed School,www.asby.cumbria.sch.uk/,Appleby-in-Westmorland,CA16 6EX,North West,no
112236,943,Westmorland and Furness,Barrow Island Community Primary School,,Barrow-in-Furness,LA14 2SJ,North West,no
112313,943,Westmorland and Furness,Beetham CofE Primary School,www.beethamschool.co.uk/,Milnthorpe,LA7 7AS,North West,no
112176,943,Westmorland and Furness,Bolton Primary School,www.bolton.cumbria.sch.uk,Appleby-in-Westmorland,CA16 6AW,North West,no
112199,943,Westmorland and Furness,Brisbane Park Infant School,https://www.brisbanepark.cumbria.sch.uk/,Barrow-in-Furness,LA14 1NY,North West,no
112177,943,Westmorland and Furness,Brough Community Primary School,www.broughschool.org,Brough,CA17 4EW,North West,no
112287,943,Westmorland and Furness,Broughton CofE Primary and Nursery School,www.broughton-furness.cumbria.sch.uk,Broughton-in-Furness,LA20 6BJ,North West,no
137537,943,Westmorland and Furness,Burton Morewood CofE Primary School,http://www.burtonmorewood.cumbria.sch.uk,Carnforth,LA6 1ND,North West,no
112301,943,Westmorland and Furness,Calthwaite CofE School,www.calthwaite.cumbria.sch.uk/,Penrith,CA11 9QT,North West,no
150005,943,Westmorland and Furness,Cambridge Primary School,www.cambridge.cumbria.sch.uk/,Barrow-in-Furness,LA13 9RP,North West,no
137338,943,Westmorland and Furness,Cartmel Priory CofE School,http://www.cartmelprioryschool.co.uk,Grange-over-Sands,LA11 7SA,North West,no
142693,943,Westmorland and Furness,Castle Park School,www.castleparkschool.org.uk/,Kendal,LA9 6BE,North West,no
141106,943,Westmorland and Furness,Chetwynde School,www.chetwynde.co.uk,Barrow-in-Furness,LA13 0NY,North West,no
112361,943,Westmorland and Furness,Church Walk CofE Primary School,www.churchwalk.cumbria.sch.uk/,Ulverston,LA12 7EN,North West,no
112178,943,Westmorland and Furness,Clifton Primary School,http://www.clifton.cumbria.sch.uk,Penrith,CA10 2EG,North West,no
112279,943,Westmorland and Furness,Coniston CofE Primary School,www.coniston.cumbria.sch.uk,Coniston,LA21 8AL,North West,no
112198,943,Westmorland and Furness,Croftlands Junior School,www.croftlands-jun.cumbria.sch.uk,Ulverston,LA12 9JU,North West,no
112315,943,Westmorland and Furness,Crosby Ravensworth CofE School,www.crosbyravensworth.cumbria.sch.uk,Penrith,CA10 3JJ,North West,no
112316,943,Westmorland and Furness,Crosscrake CofE Primary School,www.crosscrake.cumbria.sch.uk,Kendal,LA8 0LB,North West,no
112317,943,Westmorland and Furness,Crosthwaite CofE School,www.crosthwaiteprimary.net,Kendal,LA8 8HT,North West,no
112302,943,Westmorland and Furness,Culgaith CofE School,http://www.culgaith.cumbria.sch.uk,Penrith,CA10 1QL,North West,no
137205,943,Westmorland and Furness,Dallam School,http://www.dallamschool.co.uk,Cumbria,LA7 7DD,North West,no
112213,943,Westmorland and Furness,Dane Ghyll Community Primary School and Nursery,www.daneghyll.cumbria.sch.uk/,Barrow in Furness,LA14 4PG,North West,no
112343,943,Westmorland and Furness,Dean Barwick Primary School,www.deanbarwick.cumbria.sch.uk,Grange-over-Sands,LA11 6RS,North West,no
148697,943,Westmorland and Furness,"Dean Gibson Catholic Primary School, Kendal",http://www.deangibson.cumbria.sch.uk,Kendal,LA9 5HB,North West,no
112331,943,Westmorland and Furness,Dent CofE Voluntary Aided Primary School,http://www.dent.cumbria.sch.uk,Sedbergh,LA10 5QJ,North West,no
141993,943,Westmorland and Furness,George Hastwell School Special Academy,www.georgehastwell.org.uk,Barrow-in-Furness,LA14 3LW,North West,no
112234,943,Westmorland and Furness,George Romney Junior School,www.grjs.cumbria.sch.uk/,Dalton-in-Furness,LA15 8SE,North West,no
138744,943,Westmorland and Furness,Ghyllside Primary School,http://www.ghyllside.cumbria.sch.uk,Kendal,LA9 4JB,North West,no
112191,943,Westmorland and Furness,Goodly Dale Primary School,www.goodlydaleprimaryschool.co.uk,Windermere,LA23 2JX,North West,no
112319,943,Westmorland and Furness,Grasmere CofE Primary School,www.grasmereschool.com,Ambleside,LA22 9SJ,North West,no
112320,943,Westmorland and Furness,Grayrigg CofE School,http://www.grayrigg.cumbria.sch.uk,Kendal,LA8 9BU,North West,no
112206,943,Westmorland and Furness,Greengate Junior School,,Barrow-in-Furness,LA14 1BG,North West,no
112248,943,Westmorland and Furness,High Hesket CofE School,www.high-hesket.cumbria.sch.uk/,Carlisle,CA4 0HU,North West,no
112093,943,Westmorland and Furness,Hindpool Nursery School,www.hindpoolnurseryschool.co.uk,Barrow-in-Furness,LA14 5TS,North West,no
112179,943,Westmorland and Furness,Holme Primary School,http://www.holmeschool.cumbria.sch.uk,Carnforth,LA6 1QA,North West,no
112366,943,Westmorland and Furness,Holy Family Catholic Primary School,,Barrow-in-Furness,LA13 9LR,North West,no
112303,943,Westmorland and Furness,Ivegill CofE School,www.ivegill.cumbria.sch.uk/,Carlisle,CA4 0PA,North West,no
112384,943,Westmorland and Furness,John Ruskin School,http://www.jrs.org.uk,Coniston,LA21 8EW,North West,no
136671,943,Westmorland and Furness,Kirkbie Kendal School,http://www.kirkbiekendal.cumbria.sch.uk/,Kendal,LA9 7EQ,North West,no
137107,943,Westmorland and Furness,Kirkby Stephen Grammar School,www.ksgs.cumbria.sch.uk,Kirkby Stephen,CA17 4HA,North West,no
112180,943,Westmorland and Furness,Kirkby Stephen Primary School,www.ksps-cumbria.co.uk,Kirkby Stephen,CA17 4AE,North West,no
150507,943,Westmorland and Furness,Kirkby Thore School,https://www.kirkbythore.education,Penrith,CA10 1UU,North West,no
112321,943,Westmorland and Furness,Langdale CofE School,www.langdalecofeschool.co.uk,Ambleside,LA22 9JE,North West,no
112356,943,Westmorland and Furness,Leven Valley CofE Primary School,http://www.levenvalley.cumbria.sch.uk,ULVERSTON,LA12 8QF,North West,no
149655,943,Westmorland and Furness,Lindal and Marton Primary School,www.lindalmarton.com/,Ulverston,LA12 0NB,North West,no
112182,943,Westmorland and Furness,Long Marton School,www.longmartoncommunityschool.co.uk/,Appleby-in-Westmorland,CA16 6BT,North West,no
112299,943,Westmorland and Furness,Low Furness CofE Primary School,www.low-furness-primary-school.co.uk,Ulverston,LA12 0TA,North West,no
112342,943,Westmorland and Furness,Lowther Endowed School,www.lowther.cumbria.sch.uk/,Penrith,CA10 2HT,North West,no
112183,943,Westmorland and Furness,Milburn School,http://www.milburn.cumbria.sch.uk/,Penrith,CA10 1TN,North West,no
112184,943,Westmorland and Furness,Milnthorpe Primary School,www.milnthorpe.cumbria.sch.uk,Milnthorpe,LA7 7QF,North West,no
112324,943,Westmorland and Furness,Morland Area CofE Primary School,www.morlandarea.cumbria.sch.uk/,Penrith,CA10 3AT,North West,no
149961,943,Westmorland and Furness,Newbarns Primary and Nursery School,www.newbarns.cumbria.sch.uk/,Barrow-in-Furness,LA13 9ET,North West,no
112098,943,Westmorland and Furness,Newbridge House PRU,www.southcumbriaap.org.uk,Barrow-in-Furness,LA13 9HU,North West,no
149351,943,Westmorland and Furness,Newton Village Academy,www.newtonvillageacademy.co.uk,Barrow-in-Furness,LA13 0LT,North West,no
112118,943,Westmorland and Furness,North Lakes School,http://www.northlakes.cumbria.sch.uk/,Penrith,CA11 8NU,North West,no
149295,943,Westmorland and Furness,Ormsgill Nursery and Primary School,www.ormsgill.cumbria.sch.uk,Barrow-in-Furness,LA14 4AR,North West,no
149513,943,Westmorland and Furness,"Our Lady of the Rosary Catholic Primary School, Dalton-In-Furness",www.ourlady.cumbria.sch.uk,Dalton-in-Furness,LA15 8LB,North West,no
142249,943,Westmorland and Furness,Parkside Academy,www.parkside-academy.co.uk,BARROW-in-FURNESS,LA13 9BY,North West,no
112326,943,Westmorland and Furness,Patterdale CofE Primary School,www.patterdale.cumbria.sch.uk/,Penrith,CA11 0NL,North West,no
140306,943,Westmorland and Furness,Penny Bridge CofE School,www.pennybridge.cumbria.sch.uk/,Ulverston,LA12 7RQ,North West,no
136732,943,Westmorland and Furness,Queen Elizabeth Grammar School Penrith,http://www.qegs.cumbria.sch.uk,Penrith,CA11 7EG,North West,no
136357,943,Westmorland and Furness,Queen Elizabeth School,www.qes.org.uk,,LA6 2HJ,North West,no
143749,943,Westmorland and Furness,Queen Elizabeth Studio School,qestudio.org.uk,,LA6 2HJ,North West,no
112208,943,Westmorland and Furness,Ramsden Infant School,www.ramsden.cumbria.sch.uk,Barrow-in-Furness,LA14 1AN,North West,no
112207,943,Westmorland and Furness,Roose School,www.rooseprimary.co.uk,Barrow-in-Furness,LA13 0HF,North West,no
148699,943,Westmorland and Furness,"Sacred Heart Catholic Primary School, Barrow",www.sacredheart.cumbria.sch.uk/,Barrow-in-Furness,LA14 2BA,North West,no
112233,943,Westmorland and Furness,Sedbergh Primary School,www.sedberghprimary.org.uk,Sedbergh,LA10 5AL,North West,no
112327,943,Westmorland and Furness,Selside Endowed CofE Primary School,www.selside.cumbria.sch.uk/,Kendal,LA8 9LB,North West,no
137269,943,Westmorland and Furness,Settlebeck School,http://settlebeck.org/,Sedbergh,LA10 5AL,North West,no
112328,943,Westmorland and Furness,Shap Endowed CofE Primary School,www.shap.cumbria.sch.uk,Penrith,CA10 3NL,North West,no
112232,943,Westmorland and Furness,Sir John Barrow School,www.sjbarrow.cumbria.sch.uk,Ulverston,LA12 0BD,North West,no
112121,943,Westmorland and Furness,Skelton School,http://www.skelton.cumbria.sch.uk,Penrith,CA11 9SE,North West,no
112212,943,Westmorland and Furness,South Walney Infant and Nursery School,www.southwalney-inf.cumbria.sch.uk,Barrow-in-Furness,LA14 3BZ,North West,no
149960,943,Westmorland and Furness,South Walney Junior School,,Barrow-in-Furness,LA14 3BG,North West,no
148702,943,Westmorland and Furness,"St Bernards Catholic High School, Barrow",www.stbernardsschool.uk,Barrow-in-Furness,LA13 9LE,North West,no
151052,943,Westmorland and Furness,"St Catherine's Catholic Primary School, Penrith",http://www.st-catherines.cumbria.sch.uk,PENRITH,CA11 9EL,North West,no
112364,943,Westmorland and Furness,St Columba's School,www.stcolumbas.cumbria.sch.uk,Barrow-in-Furness,LA14 3AD,North West,no
148698,943,Westmorland and Furness,"St Cuthberts Catholic Primary School, Windermere",www.st-cuthberts-windermere.cumbria.sch.uk,Windermere,LA23 2DD,North West,no
112289,943,Westmorland and Furness,St George's CofE School,www.stgeorges.cumbria.sch.uk,Barrow-in-Furness,LA14 2JN,North West,no
112362,943,Westmorland and Furness,St James' CofE Junior School,www.stjamesjun-bif.cumbria.sch.uk/,Barrow-in-Furness,LA14 1NY,North West,no
112325,943,Westmorland and Furness,St Mark's CofE Primary School,www.stmarksschoolnatland.co.uk,"Natland, Kendal",LA9 7QH,North West,no
139422,943,Westmorland and Furness,St Martin & St Mary Church of England Primary School,www.windermere.cumbria.sch.uk,Windermere,LA23 2DD,North West,no
149541,943,Westmorland and Furness,"St Mary's Catholic Primary School, Ulverston",www.st-marys.cumbria.sch.uk,Ulverston,LA12 0EA,North West,no
112323,943,Westmorland and Furness,St Mary's CofE Primary School,www.stmarys-kl.cumbria.sch.uk,Carnforth,LA6 2DN,North West,no
112314,943,Westmorland and Furness,St Oswald's CofE Primary School,www.st-oswalds.cumbria.sch.uk/,Kendal,LA9 6QR,North West,no
112318,943,Westmorland and Furness,St Patrick's CofE School,www.st-patrickscofe.cumbria.sch.uk,Kendal,LA8 0HH,North West,no
149498,943,Westmorland and Furness,"St Pius X Catholic Primary School, Barrow",www.st-piusx.cumbria.sch.uk,Barrow-in-Furness,LA14 4AA,North West,no
112322,943,Westmorland and Furness,St Thomas's CofE Primary School,www.stthomasschool.org.uk,Kendal,LA9 5PP,North West,no
112307,943,Westmorland and Furness,Stainton CofE Primary School,www.stainton.cumbria.sch.uk,Penrith,CA11 0ET,North West,no
112264,943,Westmorland and Furness,Staveley CofE School,http://www.staveley.cumbria.sch.uk,Kendal,LA8 9PH,North West,no
137962,943,Westmorland and Furness,Stramongate Primary School,www.stramongate.co.uk,Kendal,LA9 4BT,North West,no
145137,943,Westmorland and Furness,Tebay Primary School,,Penrith,CA10 3XB,North West,no
112266,943,Westmorland and Furness,Temple Sowerby CofE Primary School,www.temp-sow.cumbria.sch.uk/,Penrith,CA10 1RZ,North West,no
112379,943,Westmorland and Furness,The Lakes School,http://thelakesschool.com/,Windermere,LA23 1HW,North West,no
136526,943,Westmorland and Furness,The Queen Katherine School,http://www.qks.org.uk,Kendal,LA9 6PJ,North West,no
148607,943,Westmorland and Furness,Threlkeld CofE Primary School,www.threlkeld.cumbria.sch.uk/,Keswick,CA12 4RX,North West,no
112269,943,Westmorland and Furness,Vicarage Park CofE Primary School,http://www.vicarageparkschool.org.uk,Kendal,LA9 5BP,North West,no
149244,943,Westmorland and Furness,Vickerstown School,,Barrow-in-Furness,LA14 3XY,North West,no
142247,943,Westmorland and Furness,Victoria Academy,www.victoria-academy.co.uk,Barrow-in-Furness,LA14 5NE,North West,no
112210,943,Westmorland and Furness,Victoria Infant and Nursery School,www.victoriainfantsbarrow.co.uk/,Barrow-in-Furness,LA14 5QN,North West,no
141041,943,Westmorland and Furness,Walney School,www.walneyschool.co.uk,Barrow-in-Furness,LA14 3JT,North West,no
145138,943,Westmorland and Furness,Yanwath Primary School,https://www.yanwath.cumbria.sch.uk/,Penrith,CA10 2LA,North West,no
142248,943,Westmorland and Furness,Yarlside Academy,www.yarlsideacademy.co.uk,Barrow-in-Furness,LA13 0LH,North West,no
112282,943,Westmorland and Furness,Allithwaite CofE Primary School,http://www.allithwaite.cumbria.sch.uk,Grange-over-Sands,LA11 7RD,North West,yes
112101,943,Westmorland and Furness,Alston Primary School,http://www.alstonmoorfederation.org.uk,Alston,CA9 3QU,North West,yes
112102,943,Westmorland and Furness,Armathwaite School,www.armathwaite.cumbria.sch.uk,Carlisle,CA4 9PW,North West,yes
112409,943,Westmorland and Furness,Askam Village School,https://askamvillageschool.co.uk/,Askam-in-furness,LA16 7DA,North West,yes
112423,943,Westmorland and Furness,Beaconside CofE Primary School,http://www.beaconside.cumbria.sch.uk/home,Penrith,CA11 8EN,North West,yes
112117,943,Westmorland and Furness,Brunswick School,www.brunswick.cumbria.sch.uk,Penrith,CA11 7LX,North West,yes
112281,943,Westmorland and Furness,Burlington CofE School,www.burlingtonschool.org.uk/,Kirkby-in-Furness,LA17 7UH,North West,yes
112283,943,Westmorland and Furness,Cartmel CofE Primary School,www.cartmel.cumbria.sch.uk,Grange-over-Sands,LA11 6PR,North West,yes
112192,943,Westmorland and Furness,Chapel Street Infants and Nursery School,www.chapelstreet.cumbria.sch.uk/,Dalton-in-Furness,LA15 8RX,North West,yes
112197,943,Westmorland and Furness,Croftlands Infant School,www.croftlandsinf.cumbria.sch.uk/,Ulverston,LA12 9JU,North West,yes
112412,943,Westmorland and Furness,Dalton St Mary's CofE Primary School,http://www.daltonstmarys.cumbria.sch.uk,Dalton-in-Furness,LA15 8QR,North West,yes
112383,943,Westmorland and Furness,Dowdales School,http://www.dowdalesschool.co.uk/,Dalton-in-Furness,LA15 8AH,North West,yes
112410,943,Westmorland and Furness,Flookburgh CofE Primary School,www.flookburgh.cumbria.sch.uk,Grange-Over-Sands,LA11 7LE,North West,yes
135940,943,Westmorland and Furness,Furness Academy,http://www.furnessacademy.co.uk/,Barrow-in-Furness,LA13 9BB,North West,yes
112280,943,Westmorland and Furness,Grange CofE Primary School,www.grange.cumbria.sch.uk/,Grange-over-Sands,LA11 7JF,North West,yes
112111,943,Westmorland and Furness,Greystoke Primary School,www.greystoke.cumbria.sch.uk/,Penrith,CA11 0TP,North West,yes
112195,943,Westmorland and Furness,Hawkshead Esthwaite Primary School,www.hawkshead.cumbria.sch.uk/,Hawkshead,LA22 0NT,North West,yes
112190,943,Westmorland and Furness,Heron Hill Primary School,http://www.heronhill.cumbria.sch.uk,Kendal,LA9 7JH,North West,yes
112415,943,Westmorland and Furness,Ireleth St Peter's CofE Primary School,www.irelethst-peters.cumbria.sch.uk,Askam-in-Furness,LA16 7EY,North West,yes
112091,943,Westmorland and Furness,Kendal Nursery School,www.brantfield.com,Kendal,LA9 4PH,North West,yes
112253,943,Westmorland and Furness,Kirkoswald CofE School,www.kirkoswald.cumbria.sch.uk/,Penrith,CA10 1EN,North West,yes
112255,943,Westmorland and Furness,Langwathby CofE Primary School,www.langwathby.cumbria.sch.uk/,Penrith,CA10 1ND,North West,yes
141711,943,Westmorland and Furness,Lazonby C of E Primary School,http://www.lazonby.cumbria.sch.uk,Penrith,CA10 1BL,North West,yes
112262,943,Westmorland and Furness,Levens CofE School,http://www.levens.cumbria.sch.uk,Kendal,LA8 8PU,North West,yes
112286,943,Westmorland and Furness,Lindale CofE Primary School,http://www.lindale.cumbria.sch.uk,Grange Over Sands,LA11 6LE,North West,yes
112116,943,Westmorland and Furness,Nenthead Primary School,http://www.alstonmoorfederation.org.uk,Alston,CA9 3LS,North West,yes
112263,943,Westmorland and Furness,Old Hutton CofE School,www.oldhuttonschool.org.uk/,Kendal,LA8 0NQ,North West,yes
112419,943,Westmorland and Furness,Orton CofE School,ortoncofeprimary.co.uk,Penrith,CA10 3RG,North West,yes
112284,943,Westmorland and Furness,Pennington CofE School,www.penn.cumbria.sch.uk,Ulverston,LA12 0RR,North West,yes
112119,943,Westmorland and Furness,Penruddock Primary School,www.penruddock.cumbria.sch.uk,Penrith,CA11 0QU,North West,yes
112120,943,Westmorland and Furness,Plumpton School,www.plumpton.cumbria.sch.uk,PENRITH,CA11 9PA,North West,yes
112378,943,Westmorland and Furness,Samuel King's School,https://www.alstonmoorfederation.org.uk,Alston,CA9 3QU,North West,yes
112465,943,Westmorland and Furness,Sandgate School,http://www.sandgateschool.org.uk/,Kendal,LA9 6JG,North West,yes
112466,943,Westmorland and Furness,Sandside Lodge School,http://www.sandsidelodge.cumbria.sch.uk/,Ulverston,LA12 0DZ,North West,yes
112406,943,Westmorland and Furness,St Paul's CofE Junior School,www.stpaulsjuniorschoolbarrow.co.uk,Barrow-in-Furness,LA14 4HF,North West,yes
112265,943,Westmorland and Furness,Storth CofE School,http://www.storth.cumbria.sch.uk,Milnthorpe,LA7 7JA,North West,yes
112393,943,Westmorland and Furness,Ullswater Community College,http://www.ullswatercc.co.uk/,Penrith,CA11 8NG,North West,yes
112385,943,Westmorland and Furness,Ulverston Victoria High School,www.uvhs.uk,Ulverston,LA12 0EB,North West,yes
112372,943,Westmorland and Furness,Warcop CofE Primary School,www.warcopcofeschool.co.uk/,Appleby-in-Westmorland,CA16 6NX,North West,yes
